date,pr_mm_jour
1971-01-01,0.33647498
1971-01-02,0.41092825
1971-01-03,0.44502833
1971-01-04,7.2898784
1971-01-05,0.18308556
1971-01-06,11.439007
1971-01-07,18.879398
1971-01-08,12.029748
1971-01-09,8.95357
1971-01-10,0.20016775
1971-01-11,28.795141
1971-01-12,0.0
1971-01-13,0.033756968
1971-01-14,13.026853
1971-01-15,0.0
1971-01-16,0.23243743
1971-01-17,0.25970173
1971-01-18,24.414515
1971-01-19,0.043529183
1971-01-20,10.118445
1971-01-21,0.35824937
1971-01-22,1.5393523
1971-01-23,1.117106
1971-01-24,0.016647225
1971-01-25,0.040710513
1971-01-26,3.8970265
1971-01-27,0.3412927
1971-01-28,0.295969
1971-01-29,0.1998865
1971-01-30,3.1258063
1971-01-31,14.085275
1971-02-01,0.056048244
1971-02-02,2.6414843
1971-02-03,5.2155766
1971-02-04,0.1647186
1971-02-05,15.163414
1971-02-06,1.1671935
1971-02-07,0.012115508
1971-02-08,0.0004371888
1971-02-09,0.8072023
1971-02-10,5.165305
1971-02-11,1.3596559
1971-02-12,24.850138
1971-02-13,23.700941
1971-02-14,0.8069058
1971-02-15,10.428937
1971-02-16,0.06513889
1971-02-17,0.09726123
1971-02-18,0.03787815
1971-02-19,3.6083646
1971-02-20,7.3971243
1971-02-21,0.34620377
1971-02-22,0.052240614
1971-02-23,0.0014770336
1971-02-24,5.114863
1971-02-25,19.889618
1971-02-26,2.000325
1971-02-27,8.84418
1971-02-28,14.251728
1971-03-01,1.0843846
1971-03-02,0.038426545
1971-03-03,0.13199583
1971-03-04,0.47897476
1971-03-05,0.053209025
1971-03-06,5.451674
1971-03-07,0.24356318
1971-03-08,3.6322541
1971-03-09,5.1462097
1971-03-10,0.0037842141
1971-03-11,16.757944
1971-03-12,4.780927
1971-03-13,2.7320404
1971-03-14,0.05829626
1971-03-15,0.18299486
1971-03-16,0.18182546
1971-03-17,0.0
1971-03-18,0.00455398
1971-03-19,0.5227328
1971-03-20,0.8166818
1971-03-21,4.663303
1971-03-22,4.784288
1971-03-23,1.3282872
1971-03-24,0.002238754
1971-03-25,0.001403887
1971-03-26,0.7877053
1971-03-27,0.0047488334
1971-03-28,0.15097782
1971-03-29,9.058989
1971-03-30,3.8586895
1971-03-31,4.199742
1971-04-01,3.7324355
1971-04-02,30.532352
1971-04-03,0.0
1971-04-04,0.0
1971-04-05,0.011746417
1971-04-06,0.0446203
1971-04-07,0.60600847
1971-04-08,8.538686
1971-04-09,1.6387272
1971-04-10,0.15017559
1971-04-11,0.04560009
1971-04-12,9.86322
1971-04-13,7.0429034
1971-04-14,0.15456499
1971-04-15,0.00053172
1971-04-16,2.9916275
1971-04-17,7.6944575
1971-04-18,17.23864
1971-04-19,1.9309914
1971-04-20,3.1405473
1971-04-21,2.8859177
1971-04-22,1.3557378
1971-04-23,0.57000357
1971-04-24,0.30148524
1971-04-25,11.877919
1971-04-26,7.1091266
1971-04-27,0.023776902
1971-04-28,0.07030538
1971-04-29,2.4309578
1971-04-30,0.23810191
1971-05-01,0.60783327
1971-05-02,5.9017572
1971-05-03,7.2332544
1971-05-04,1.9997798
1971-05-05,0.008030844
1971-05-06,0.17775078
1971-05-07,28.098864
1971-05-08,3.6860573
1971-05-09,1.7346162
1971-05-10,0.60276276
1971-05-11,1.0957375
1971-05-12,3.3744204
1971-05-13,3.1673062
1971-05-14,3.1373959
1971-05-15,0.88645947
1971-05-16,0.20999187
1971-05-17,0.079880275
1971-05-18,0.0026287034
1971-05-19,4.706696
1971-05-20,4.679357
1971-05-21,0.17460163
1971-05-22,13.45176
1971-05-23,19.779583
1971-05-24,9.159426
1971-05-25,5.2474766
1971-05-26,7.983532
1971-05-27,12.424079
1971-05-28,21.620537
1971-05-29,7.840896
1971-05-30,0.16158782
1971-05-31,2.4591098
1971-06-01,8.49074
1971-06-02,1.2194324
1971-06-03,0.08435044
1971-06-04,0.28065327
1971-06-05,1.3612288
1971-06-06,2.5311255
1971-06-07,0.9119877
1971-06-08,0.036069088
1971-06-09,1.9852464
1971-06-10,5.359598
1971-06-11,1.1968246
1971-06-12,3.241619
1971-06-13,0.15742606
1971-06-14,2.2063181
1971-06-15,2.7302737
1971-06-16,1.1171416
1971-06-17,6.796238
1971-06-18,1.157712
1971-06-19,0.3024658
1971-06-20,0.31673825
1971-06-21,4.618576
1971-06-22,7.8628426
1971-06-23,3.0566502
1971-06-24,3.294076
1971-06-25,5.5356646
1971-06-26,0.90583575
1971-06-27,0.04811733
1971-06-28,0.29348525
1971-06-29,12.102009
1971-06-30,15.576006
1971-07-01,2.0233538
1971-07-02,0.40974852
1971-07-03,0.26445323
1971-07-04,0.12254389
1971-07-05,0.16866985
1971-07-06,1.8877455
1971-07-07,1.1460333
1971-07-08,1.7663013
1971-07-09,3.5314395
1971-07-10,5.3970475
1971-07-11,5.3884516
1971-07-12,1.1754916
1971-07-13,0.7775236
1971-07-14,0.916299
1971-07-15,2.6370409
1971-07-16,0.020292846
1971-07-17,0.20882384
1971-07-18,0.45896015
1971-07-19,0.0060385824
1971-07-20,7.6000977
1971-07-21,20.438536
1971-07-22,0.7500207
1971-07-23,1.0638407
1971-07-24,3.6240644
1971-07-25,9.285362
1971-07-26,0.011034904
1971-07-27,0.018798029
1971-07-28,1.2699666
1971-07-29,4.4292793
1971-07-30,18.1946
1971-07-31,8.6194105
1971-08-01,25.670618
1971-08-02,0.82407993
1971-08-03,0.05986221
1971-08-04,3.1477623
1971-08-05,2.9091797
1971-08-06,6.814766
1971-08-07,0.740153
1971-08-08,0.46028882
1971-08-09,5.412742
1971-08-10,2.9013124
1971-08-11,2.9238827
1971-08-12,0.985777
1971-08-13,0.34471574
1971-08-14,2.117291
1971-08-15,0.022722613
1971-08-16,0.045729127
1971-08-17,0.062654786
1971-08-18,0.34390792
1971-08-19,1.8792645
1971-08-20,0.045194615
1971-08-21,0.751093
1971-08-22,0.061931662
1971-08-23,4.9305234
1971-08-24,0.09937255
1971-08-25,6.449271
1971-08-26,0.23533607
1971-08-27,9.863688
1971-08-28,13.299146
1971-08-29,0.90596586
1971-08-30,6.290102
1971-08-31,3.9126089
1971-09-01,1.2447726
1971-09-02,2.8301954
1971-09-03,0.008032868
1971-09-04,6.685223
1971-09-05,3.0911005
1971-09-06,1.1156186
1971-09-07,18.471815
1971-09-08,0.19981705
1971-09-09,0.022259176
1971-09-10,0.04085117
1971-09-11,7.9895864
1971-09-12,1.2714282
1971-09-13,4.8815684
1971-09-14,0.00096009974
1971-09-15,0.003943334
1971-09-16,13.261931
1971-09-17,0.19838485
1971-09-18,7.9780824e-05
1971-09-19,0.18966259
1971-09-20,5.3530817
1971-09-21,0.06410478
1971-09-22,0.07888537
1971-09-23,0.27881974
1971-09-24,1.9243869
1971-09-25,11.292284
1971-09-26,13.118999
1971-09-27,2.4799807
1971-09-28,0.0
1971-09-29,0.6626784
1971-09-30,5.7009993
1971-10-01,3.5661287
1971-10-02,0.73797864
1971-10-03,0.78377557
1971-10-04,0.39999995
1971-10-05,9.444839e-06
1971-10-06,1.2866207
1971-10-07,5.1431184
1971-10-08,12.722034
1971-10-09,0.48794562
1971-10-10,0.48496222
1971-10-11,3.913734e-05
1971-10-12,0.0015152115
1971-10-13,0.43767458
1971-10-14,7.7752004
1971-10-15,1.0029935
1971-10-16,11.699855
1971-10-17,0.6330814
1971-10-18,0.058151323
1971-10-19,0.0014427352
1971-10-20,5.1211343
1971-10-21,1.0129845
1971-10-22,6.5145707
1971-10-23,6.728505
1971-10-24,17.192793
1971-10-25,0.012268129
1971-10-26,0.17589538
1971-10-27,0.2325266
1971-10-28,4.5790653
1971-10-29,0.0009288296
1971-10-30,0.00011374089
1971-10-31,0.0006224591
1971-11-01,4.1094005e-05
1971-11-02,25.61907
1971-11-03,17.53129
1971-11-04,0.7855096
1971-11-05,1.9303147
1971-11-06,1.8912697
1971-11-07,0.02729572
1971-11-08,0.08464386
1971-11-09,4.782802
1971-11-10,2.3198438
1971-11-11,11.919486
1971-11-12,9.399723
1971-11-13,0.18694396
1971-11-14,14.603271
1971-11-15,0.94623864
1971-11-16,0.0
1971-11-17,4.585115
1971-11-18,3.8443193
1971-11-19,0.016277395
1971-11-20,0.021431519
1971-11-21,0.021842625
1971-11-22,0.93144614
1971-11-23,6.261473
1971-11-24,22.39523
1971-11-25,1.0662681
1971-11-26,0.18643504
1971-11-27,0.08494196
1971-11-28,0.12792338
1971-11-29,0.0024749083
1971-11-30,16.5611
1971-12-01,14.927895
1971-12-02,19.862885
1971-12-03,0.028302813
1971-12-04,0.0038142256
1971-12-05,8.938311
1971-12-06,0.0057145134
1971-12-07,0.02072456
1971-12-08,0.93210715
1971-12-09,0.65880114
1971-12-10,2.43152
1971-12-11,3.6859899
1971-12-12,6.572554
1971-12-13,0.14854512
1971-12-14,0.0038015835
1971-12-15,1.4695349
1971-12-16,7.473101
1971-12-17,22.687742
1971-12-18,0.54300517
1971-12-19,3.7167213
1971-12-20,5.632026
1971-12-21,2.941755
1971-12-22,25.446566
1971-12-23,0.45336366
1971-12-24,0.15923034
1971-12-25,27.110611
1971-12-26,0.51854193
1971-12-27,15.631351
1971-12-28,1.4624331
1971-12-29,0.13477987
1971-12-30,0.51009053
1971-12-31,21.312979
1972-01-01,8.196333
1972-01-02,17.430674
1972-01-03,0.6774419
1972-01-04,0.19151236
1972-01-05,16.27751
1972-01-06,1.7162952
1972-01-07,3.3923392
1972-01-08,30.426756
1972-01-09,13.000215
1972-01-10,0.3657826
1972-01-11,1.7780334
1972-01-12,0.92296594
1972-01-13,2.5984645
1972-01-14,3.035503
1972-01-15,0.6319084
1972-01-16,0.54278344
1972-01-17,0.46489334
1972-01-18,0.7043659
1972-01-19,2.0147166
1972-01-20,6.054896
1972-01-21,0.18539079
1972-01-22,0.4393203
1972-01-23,0.53049546
1972-01-24,0.30247068
1972-01-25,12.117961
1972-01-26,0.18825863
1972-01-27,2.5529664
1972-01-28,0.42358753
1972-01-29,1.3677667
1972-01-30,1.886604
1972-01-31,4.2968225
1972-02-01,1.9492041
1972-02-02,0.81742
1972-02-03,1.1092588
1972-02-04,0.4066108
1972-02-05,0.7365962
1972-02-06,0.07088923
1972-02-07,0.00048648272
1972-02-08,2.0237117
1972-02-09,0.5636568
1972-02-10,2.3336847
1972-02-11,0.040563565
1972-02-12,14.115027
1972-02-13,0.38015252
1972-02-14,0.14160676
1972-02-15,13.944119
1972-02-16,0.91077584
1972-02-17,0.5238554
1972-02-18,1.1716533
1972-02-19,8.090736
1972-02-20,0.48004583
1972-02-21,10.908074
1972-02-22,24.814919
1972-02-23,0.35440546
1972-02-24,0.004306058
1972-02-25,0.13848624
1972-02-26,8.304347
1972-02-27,0.70580775
1972-02-28,0.29912525
1972-03-01,1.3522867
1972-03-02,0.60214704
1972-03-03,0.10299183
1972-03-04,0.5004512
1972-03-05,0.60212386
1972-03-06,0.4586385
1972-03-07,38.27733
1972-03-08,6.703806
1972-03-09,1.066849
1972-03-10,0.52257717
1972-03-11,0.09374458
1972-03-12,0.08177319
1972-03-13,0.6418411
1972-03-14,0.37863517
1972-03-15,2.750048
1972-03-16,0.0
1972-03-17,0.0
1972-03-18,0.0
1972-03-19,0.0
1972-03-20,0.0
1972-03-21,0.0
1972-03-22,0.0
1972-03-23,0.003662332
1972-03-24,0.03514983
1972-03-25,3.4187768e-05
1972-03-26,0.0
1972-03-27,0.03849987
1972-03-28,2.1917312
1972-03-29,1.8859166
1972-03-30,0.042924408
1972-03-31,1.3472114
1972-04-01,21.286081
1972-04-02,9.06749
1972-04-03,0.47708634
1972-04-04,0.0
1972-04-05,0.6101853
1972-04-06,4.4134502
1972-04-07,1.4114529
1972-04-08,11.989218
1972-04-09,19.710474
1972-04-10,9.983902
1972-04-11,0.068268
1972-04-12,6.031031
1972-04-13,3.7793715
1972-04-14,3.0102942
1972-04-15,0.6083224
1972-04-16,2.1399312
1972-04-17,1.5404971
1972-04-18,0.6457889
1972-04-19,5.453141
1972-04-20,4.731833
1972-04-21,5.075333
1972-04-22,17.481085
1972-04-23,4.1096573
1972-04-24,13.53364
1972-04-25,2.2355611
1972-04-26,0.28343865
1972-04-27,0.31090453
1972-04-28,19.851261
1972-04-29,2.8809118
1972-04-30,8.906565
1972-05-01,12.760129
1972-05-02,14.204562
1972-05-03,5.937368
1972-05-04,0.61794096
1972-05-05,0.5332399
1972-05-06,1.8467073
1972-05-07,0.38368502
1972-05-08,0.14814793
1972-05-09,14.560418
1972-05-10,11.147218
1972-05-11,3.2048864
1972-05-12,0.35763082
1972-05-13,0.0
1972-05-14,0.012571863
1972-05-15,0.11596152
1972-05-16,9.968462
1972-05-17,0.20654647
1972-05-18,2.9895618
1972-05-19,0.19769803
1972-05-20,1.6816758
1972-05-21,0.023562206
1972-05-22,0.0068655293
1972-05-23,0.01142442
1972-05-24,5.0554686
1972-05-25,1.6989441
1972-05-26,7.5265737
1972-05-27,1.7616996
1972-05-28,0.22605073
1972-05-29,0.784894
1972-05-30,4.059137
1972-05-31,7.863194
1972-06-01,3.6988358
1972-06-02,0.6963923
1972-06-03,0.09544584
1972-06-04,1.6694252
1972-06-05,0.07751908
1972-06-06,0.08348692
1972-06-07,0.0073332274
1972-06-08,3.8783882
1972-06-09,1.5041653
1972-06-10,0.5167363
1972-06-11,1.4467188
1972-06-12,1.5478995
1972-06-13,3.8677082
1972-06-14,2.1625776
1972-06-15,0.10606447
1972-06-16,1.8700722
1972-06-17,0.0030931267
1972-06-18,10.285006
1972-06-19,7.84172
1972-06-20,3.8843458
1972-06-21,4.984511
1972-06-22,0.06643551
1972-06-23,0.5545494
1972-06-24,3.153003
1972-06-25,3.380716
1972-06-26,6.8558946
1972-06-27,0.8287527
1972-06-28,10.097722
1972-06-29,1.2271836
1972-06-30,6.1747622
1972-07-01,3.3334925
1972-07-02,0.004181367
1972-07-03,0.41354045
1972-07-04,1.2753804
1972-07-05,8.172132
1972-07-06,0.0021300795
1972-07-07,0.8716915
1972-07-08,2.586361
1972-07-09,1.508024
1972-07-10,2.3910687
1972-07-11,0.41986945
1972-07-12,0.02376959
1972-07-13,0.19975021
1972-07-14,0.8880303
1972-07-15,0.17671986
1972-07-16,0.4373565
1972-07-17,2.0534372
1972-07-18,0.9173084
1972-07-19,4.7191916
1972-07-20,3.1537108
1972-07-21,4.7705054
1972-07-22,0.06247204
1972-07-23,0.001306323
1972-07-24,0.5509441
1972-07-25,1.6204245
1972-07-26,2.3448243
1972-07-27,0.469625
1972-07-28,0.8495923
1972-07-29,0.0013590894
1972-07-30,0.6982379
1972-07-31,0.3139422
1972-08-01,0.36318737
1972-08-02,0.54292524
1972-08-03,2.871952
1972-08-04,1.6112738
1972-08-05,0.43938705
1972-08-06,1.0695884
1972-08-07,2.3388767
1972-08-08,4.9915786
1972-08-09,3.7542484
1972-08-10,2.6811883
1972-08-11,4.5272
1972-08-12,2.119882
1972-08-13,0.3776398
1972-08-14,0.91305405
1972-08-15,0.9318149
1972-08-16,1.1369996
1972-08-17,4.343464
1972-08-18,15.015595
1972-08-19,11.329628
1972-08-20,3.2695582
1972-08-21,4.442627
1972-08-22,0.62326515
1972-08-23,0.009742609
1972-08-24,0.5129157
1972-08-25,0.80719805
1972-08-26,0.18156351
1972-08-27,0.019851282
1972-08-28,0.5312535
1972-08-29,0.08139584
1972-08-30,11.671198
1972-08-31,11.296671
1972-09-01,1.4646055
1972-09-02,14.7672
1972-09-03,0.15176457
1972-09-04,0.03262401
1972-09-05,0.4212988
1972-09-06,0.13147758
1972-09-07,0.05765049
1972-09-08,0.06432348
1972-09-09,0.83340573
1972-09-10,0.6233249
1972-09-11,0.0010370212
1972-09-12,0.020137334
1972-09-13,0.014160884
1972-09-14,0.09085926
1972-09-15,2.7128131
1972-09-16,6.6069484
1972-09-17,7.032047
1972-09-18,0.14414644
1972-09-19,0.0024069059
1972-09-20,1.2792764
1972-09-21,22.408579
1972-09-22,11.318538
1972-09-23,16.03736
1972-09-24,7.2683
1972-09-25,0.0005441203
1972-09-26,8.907308
1972-09-27,29.287504
1972-09-28,5.6040564
1972-09-29,2.8088408
1972-09-30,3.748815
1972-10-01,6.2390084
1972-10-02,0.36092982
1972-10-03,0.34493893
1972-10-04,0.65931576
1972-10-05,8.5376e-05
1972-10-06,0.00084070786
1972-10-07,0.16799368
1972-10-08,0.6026739
1972-10-09,14.943697
1972-10-10,6.251475
1972-10-11,0.09505963
1972-10-12,0.25452292
1972-10-13,12.32447
1972-10-14,3.1160676
1972-10-15,0.8846198
1972-10-16,2.8859885
1972-10-17,0.34754762
1972-10-18,0.6466037
1972-10-19,0.012990131
1972-10-20,0.00011553762
1972-10-21,5.33819
1972-10-22,21.901606
1972-10-23,4.67942
1972-10-24,12.1426
1972-10-25,0.12861319
1972-10-26,6.9357204
1972-10-27,0.01451039
1972-10-28,0.91249764
1972-10-29,1.3379264
1972-10-30,8.862643
1972-10-31,0.030977672
1972-11-01,0.5620874
1972-11-02,38.94519
1972-11-03,0.56398815
1972-11-04,0.51251996
1972-11-05,1.3688388
1972-11-06,29.31138
1972-11-07,4.5080004
1972-11-08,0.48327437
1972-11-09,10.594759
1972-11-10,7.1389
1972-11-11,2.3080301
1972-11-12,0.4910716
1972-11-13,5.2043376
1972-11-14,25.75871
1972-11-15,18.584887
1972-11-16,5.693019
1972-11-17,1.1665537
1972-11-18,4.183339
1972-11-19,0.68074566
1972-11-20,6.3981185
1972-11-21,0.6829137
1972-11-22,10.363498
1972-11-23,1.9122419
1972-11-24,6.9938827
1972-11-25,5.642273
1972-11-26,0.061339006
1972-11-27,0.14633487
1972-11-28,0.6759181
1972-11-29,0.0
1972-11-30,0.05261383
1972-12-01,22.219534
1972-12-02,1.1888661
1972-12-03,0.04264145
1972-12-04,0.00014494434
1972-12-05,0.0
1972-12-06,0.033593833
1972-12-07,1.2422065
1972-12-08,1.0833424
1972-12-09,2.3424463
1972-12-10,18.576841
1972-12-11,0.0
1972-12-12,0.0
1972-12-13,0.0019226763
1972-12-14,10.663913
1972-12-15,8.867054
1972-12-16,0.3057448
1972-12-17,8.024939
1972-12-18,2.970154
1972-12-19,0.47257224
1972-12-20,0.31885546
1972-12-21,1.891117
1972-12-22,1.8371186
1972-12-23,0.52358574
1972-12-24,0.28945762
1972-12-25,4.750315
1972-12-26,3.777738
1972-12-27,0.8050581
1972-12-28,1.19233
1972-12-29,1.5604447
1972-12-30,1.761532
1972-12-31,11.15144
1973-01-01,2.5421808
1973-01-02,2.4815698
1973-01-03,0.4262617
1973-01-04,0.88031995
1973-01-05,0.054569688
1973-01-06,11.360901
1973-01-07,0.11604542
1973-01-08,0.30644572
1973-01-09,14.854903
1973-01-10,22.819727
1973-01-11,1.8039972
1973-01-12,1.9986043
1973-01-13,10.64274
1973-01-14,0.998811
1973-01-15,1.1618835
1973-01-16,0.59040254
1973-01-17,2.4545586
1973-01-18,0.45857868
1973-01-19,6.1789136
1973-01-20,5.2061386
1973-01-21,6.674183
1973-01-22,2.490636
1973-01-23,6.3534126
1973-01-24,11.293016
1973-01-25,1.6058156
1973-01-26,0.518606
1973-01-27,5.308059
1973-01-28,4.8122373
1973-01-29,1.8235213
1973-01-30,0.16036615
1973-01-31,0.87755543
1973-02-01,0.12611878
1973-02-02,0.24279025
1973-02-03,0.106270276
1973-02-04,0.10274372
1973-02-05,0.06783414
1973-02-06,1.3855373
1973-02-07,0.4239601
1973-02-08,0.28372827
1973-02-09,0.009737333
1973-02-10,9.324397
1973-02-11,3.7273035
1973-02-12,3.433192
1973-02-13,1.5726581
1973-02-14,0.55886537
1973-02-15,0.15807116
1973-02-16,0.1876228
1973-02-17,0.02893241
1973-02-18,0.0034638722
1973-02-19,2.029353
1973-02-20,10.942363
1973-02-21,0.51486665
1973-02-22,0.0
1973-02-23,0.00033879373
1973-02-24,6.3659587
1973-02-25,3.2670724
1973-02-26,0.009256374
1973-02-27,0.0
1973-02-28,1.0450109
1973-03-01,15.024346
1973-03-02,1.1063339
1973-03-03,5.519791
1973-03-04,4.000726
1973-03-05,5.88851
1973-03-06,1.3798139
1973-03-07,0.058425535
1973-03-08,26.96046
1973-03-09,0.77949506
1973-03-10,0.61121845
1973-03-11,0.07849637
1973-03-12,0.0016587704
1973-03-13,0.22768241
1973-03-14,4.271788
1973-03-15,35.570156
1973-03-16,6.5170255
1973-03-17,2.6745205
1973-03-18,0.4036113
1973-03-19,0.037385616
1973-03-20,0.0
1973-03-21,10.408913
1973-03-22,4.256913
1973-03-23,0.0136686
1973-03-24,0.0050314143
1973-03-25,0.32027966
1973-03-26,2.198038
1973-03-27,3.0481663
1973-03-28,0.43197668
1973-03-29,0.97893184
1973-03-30,7.561389
1973-03-31,0.010153127
1973-04-01,0.0074799177
1973-04-02,0.0049624895
1973-04-03,0.0
1973-04-04,0.0
1973-04-05,3.4622695e-05
1973-04-06,0.0
1973-04-07,5.442737
1973-04-08,5.9785376
1973-04-09,5.6053996
1973-04-10,0.043098193
1973-04-11,0.4149764
1973-04-12,0.57454085
1973-04-13,0.0
1973-04-14,0.00029568086
1973-04-15,0.4480426
1973-04-16,0.000271527
1973-04-17,0.008733679
1973-04-18,1.4029118
1973-04-19,0.6657271
1973-04-20,3.2648797
1973-04-21,18.88757
1973-04-22,0.22490929
1973-04-23,0.00027093609
1973-04-24,2.681123
1973-04-25,0.00347139
1973-04-26,1.1592548
1973-04-27,1.3347188
1973-04-28,0.4496002
1973-04-29,0.21932691
1973-04-30,0.47001275
1973-05-01,0.22476928
1973-05-02,0.052170195
1973-05-03,2.217268
1973-05-04,0.09369279
1973-05-05,0.06776367
1973-05-06,0.48281667
1973-05-07,0.43865833
1973-05-08,0.6228476
1973-05-09,0.0629456
1973-05-10,8.156054e-06
1973-05-11,0.10929754
1973-05-12,0.0026012755
1973-05-13,1.9914515
1973-05-14,3.8123336
1973-05-15,5.6123514
1973-05-16,1.0919156
1973-05-17,6.5518684
1973-05-18,1.5043768
1973-05-19,4.897886
1973-05-20,1.1539178
1973-05-21,4.097746
1973-05-22,2.638677
1973-05-23,0.9737302
1973-05-24,1.7015233
1973-05-25,1.843141
1973-05-26,3.3867307
1973-05-27,3.1513612
1973-05-28,6.9201274
1973-05-29,2.4611514
1973-05-30,2.3146625
1973-05-31,0.9398065
1973-06-01,0.57879454
1973-06-02,0.4159325
1973-06-03,0.19220929
1973-06-04,4.07414
1973-06-05,0.008067497
1973-06-06,0.5461272
1973-06-07,0.25727552
1973-06-08,3.223029
1973-06-09,37.95237
1973-06-10,1.7676382e-05
1973-06-11,0.32429072
1973-06-12,1.2745395
1973-06-13,16.097063
1973-06-14,0.11125557
1973-06-15,11.756454
1973-06-16,1.3123864
1973-06-17,1.2389143
1973-06-18,0.2226113
1973-06-19,0.5786893
1973-06-20,0.28248775
1973-06-21,0.01751784
1973-06-22,4.7080545
1973-06-23,22.719877
1973-06-24,3.5250494
1973-06-25,0.43282348
1973-06-26,0.002532355
1973-06-27,0.5073823
1973-06-28,7.762085
1973-06-29,2.1835093
1973-06-30,0.07648077
1973-07-01,1.4770498
1973-07-02,4.042112
1973-07-03,3.8185432
1973-07-04,8.752951
1973-07-05,1.3212756
1973-07-06,0.6026881
1973-07-07,2.9164183
1973-07-08,4.4477396
1973-07-09,5.491683
1973-07-10,2.8936212
1973-07-11,1.0451306
1973-07-12,5.0112677
1973-07-13,0.011540009
1973-07-14,3.8278434
1973-07-15,0.00061348814
1973-07-16,0.0
1973-07-17,5.876521e-06
1973-07-18,1.9506916
1973-07-19,0.02102629
1973-07-20,0.014664669
1973-07-21,8.7635565
1973-07-22,3.9849095
1973-07-23,0.0
1973-07-24,0.0021275282
1973-07-25,1.4375106
1973-07-26,3.250788
1973-07-27,4.9526696
1973-07-28,0.21544975
1973-07-29,0.3521255
1973-07-30,1.8226677
1973-07-31,1.9700058
1973-08-01,5.156445
1973-08-02,1.0930281
1973-08-03,0.44817814
1973-08-04,0.25572172
1973-08-05,1.0302445
1973-08-06,1.8762968
1973-08-07,0.40451926
1973-08-08,0.46431628
1973-08-09,0.3115609
1973-08-10,1.2343117
1973-08-11,3.3488064
1973-08-12,3.4676344
1973-08-13,8.582397
1973-08-14,12.920088
1973-08-15,7.0793157
1973-08-16,3.7964017
1973-08-17,2.092014
1973-08-18,4.4747343
1973-08-19,0.33970416
1973-08-20,0.07491143
1973-08-21,0.2546254
1973-08-22,4.0628786
1973-08-23,4.0123606
1973-08-24,5.4240994
1973-08-25,2.8722527
1973-08-26,5.2821383
1973-08-27,0.20324187
1973-08-28,0.24629027
1973-08-29,0.11553345
1973-08-30,0.0020711021
1973-08-31,0.080302045
1973-09-01,0.7920606
1973-09-02,13.200236
1973-09-03,0.13078214
1973-09-04,0.0102888355
1973-09-05,0.00843757
1973-09-06,0.64629316
1973-09-07,0.3642154
1973-09-08,7.2843633
1973-09-09,18.4836
1973-09-10,10.421682
1973-09-11,7.6280403
1973-09-12,0.9404556
1973-09-13,1.6352241
1973-09-14,9.064567
1973-09-15,5.3593187
1973-09-16,1.2038901
1973-09-17,0.18142693
1973-09-18,8.918231e-05
1973-09-19,0.0
1973-09-20,0.5618458
1973-09-21,6.2110696
1973-09-22,2.9767768
1973-09-23,0.9981187
1973-09-24,0.16909283
1973-09-25,0.11428043
1973-09-26,1.4176357
1973-09-27,2.0369768
1973-09-28,0.45736265
1973-09-29,1.8817189
1973-09-30,3.3649564
1973-10-01,4.923365
1973-10-02,1.2298791
1973-10-03,4.3208513
1973-10-04,22.734573
1973-10-05,1.2133347
1973-10-06,0.07220207
1973-10-07,7.217512
1973-10-08,1.9455806
1973-10-09,0.0008294411
1973-10-10,6.95674
1973-10-11,14.129254
1973-10-12,2.722578
1973-10-13,1.7920974
1973-10-14,10.542794
1973-10-15,35.845383
1973-10-16,1.2051331
1973-10-17,1.031514
1973-10-18,5.673457
1973-10-19,0.054723863
1973-10-20,4.9979167
1973-10-21,5.708202
1973-10-22,2.1929548
1973-10-23,0.17765626
1973-10-24,0.35815886
1973-10-25,0.0023268792
1973-10-26,1.9964603
1973-10-27,7.7490187
1973-10-28,0.058761775
1973-10-29,0.48280388
1973-10-30,3.2007003
1973-10-31,4.0156217
1973-11-01,0.5190256
1973-11-02,1.6973397
1973-11-03,0.9330324
1973-11-04,1.008379
1973-11-05,11.398
1973-11-06,7.3577094
1973-11-07,0.01558999
1973-11-08,0.0
1973-11-09,2.7470818
1973-11-10,24.784119
1973-11-11,2.068932
1973-11-12,0.28920564
1973-11-13,0.278716
1973-11-14,2.991731
1973-11-15,6.8973002
1973-11-16,10.904526
1973-11-17,14.358387
1973-11-18,0.06216089
1973-11-19,8.556234
1973-11-20,11.196595
1973-11-21,0.095546514
1973-11-22,0.051440485
1973-11-23,0.2049424
1973-11-24,2.7238466e-05
1973-11-25,0.06566669
1973-11-26,19.988684
1973-11-27,3.116603
1973-11-28,0.06276971
1973-11-29,0.11227041
1973-11-30,0.69303674
1973-12-01,1.4632708
1973-12-02,0.3660639
1973-12-03,6.8448796
1973-12-04,11.933577
1973-12-05,2.1853142
1973-12-06,14.53761
1973-12-07,9.977276
1973-12-08,22.94123
1973-12-09,1.4236972
1973-12-10,0.0016323003
1973-12-11,0.041703325
1973-12-12,0.03383286
1973-12-13,6.365048
1973-12-14,22.399702
1973-12-15,0.0006463048
1973-12-16,0.0
1973-12-17,25.882809
1973-12-18,12.701574
1973-12-19,1.3038393
1973-12-20,6.431149
1973-12-21,0.3053328
1973-12-22,0.075662784
1973-12-23,0.1013302
1973-12-24,0.48538598
1973-12-25,0.55271804
1973-12-26,0.22695914
1973-12-27,3.0475428
1973-12-28,2.4533112
1973-12-29,2.2172968
1973-12-30,0.10898569
1973-12-31,27.703854
1974-01-01,9.36916
1974-01-02,0.8889639
1974-01-03,0.03307954
1974-01-04,0.14815673
1974-01-05,1.5903319
1974-01-06,6.498112
1974-01-07,6.8805118
1974-01-08,56.230038
1974-01-09,0.07943847
1974-01-10,6.3944345
1974-01-11,9.111245
1974-01-12,0.1441492
1974-01-13,9.351504
1974-01-14,7.5305285
1974-01-15,0.67580736
1974-01-16,0.3971289
1974-01-17,0.09892684
1974-01-18,0.19912149
1974-01-19,3.4775426
1974-01-20,1.2178793
1974-01-21,0.0
1974-01-22,9.248751
1974-01-23,15.139632
1974-01-24,0.041156717
1974-01-25,0.07148077
1974-01-26,0.07307864
1974-01-27,0.977679
1974-01-28,0.0036528904
1974-01-29,1.3229711
1974-01-30,0.09964164
1974-01-31,3.6569626
1974-02-01,3.3780363
1974-02-02,0.47864994
1974-02-03,0.0
1974-02-04,0.0
1974-02-05,2.239858
1974-02-06,12.449142
1974-02-07,0.65826494
1974-02-08,0.014185693
1974-02-09,0.21912275
1974-02-10,17.926283
1974-02-11,1.6728662
1974-02-12,10.742173
1974-02-13,0.47106865
1974-02-14,0.55345285
1974-02-15,0.5291927
1974-02-16,0.35058323
1974-02-17,0.7462711
1974-02-18,0.18903853
1974-02-19,0.31659284
1974-02-20,0.050641466
1974-02-21,0.8788606
1974-02-22,0.08484557
1974-02-23,0.7601321
1974-02-24,0.6287481
1974-02-25,0.2599585
1974-02-26,2.6442213
1974-02-27,8.995177
1974-02-28,0.0014735212
1974-03-01,0.01605135
1974-03-02,0.21442465
1974-03-03,0.06545686
1974-03-04,1.8614886e-05
1974-03-05,0.11695884
1974-03-06,7.2374015
1974-03-07,11.6501665
1974-03-08,2.2563355
1974-03-09,8.040637
1974-03-10,1.2175813
1974-03-11,3.9423316
1974-03-12,4.6269574
1974-03-13,0.0
1974-03-14,0.06092256
1974-03-15,26.46217
1974-03-16,8.228796
1974-03-17,4.8195696
1974-03-18,3.7221606
1974-03-19,1.5847048
1974-03-20,8.753045
1974-03-21,25.739674
1974-03-22,3.575289
1974-03-23,1.9977348
1974-03-24,0.0
1974-03-25,0.004933803
1974-03-26,0.000107515705
1974-03-27,0.0
1974-03-28,0.046246134
1974-03-29,0.3532546
1974-03-30,0.061290156
1974-03-31,0.03809658
1974-04-01,16.224491
1974-04-02,1.2157867
1974-04-03,2.3303454
1974-04-04,3.9147189
1974-04-05,0.08838659
1974-04-06,3.0443935
1974-04-07,6.2089753
1974-04-08,8.372996
1974-04-09,4.7444963
1974-04-10,3.322957
1974-04-11,1.0896658
1974-04-12,0.0009772527
1974-04-13,0.0
1974-04-14,7.709849
1974-04-15,10.277408
1974-04-16,2.464979
1974-04-17,0.5098461
1974-04-18,0.042724844
1974-04-19,0.040404055
1974-04-20,1.5578882
1974-04-21,0.63353884
1974-04-22,3.6728244
1974-04-23,8.087519
1974-04-24,2.155383
1974-04-25,0.8707229
1974-04-26,3.6130216
1974-04-27,2.1554039
1974-04-28,0.010928433
1974-04-29,7.2360015
1974-04-30,8.513279
1974-05-01,0.17102124
1974-05-02,0.026861262
1974-05-03,0.0069993963
1974-05-04,0.0034221534
1974-05-05,0.0013553748
1974-05-06,2.2727947
1974-05-07,1.4572852
1974-05-08,10.19725
1974-05-09,0.1146148
1974-05-10,1.8170044
1974-05-11,0.0007808168
1974-05-12,1.4115874
1974-05-13,0.30520576
1974-05-14,0.14514747
1974-05-15,5.173551
1974-05-16,8.304126
1974-05-17,3.4290423
1974-05-18,0.2122314
1974-05-19,4.744813
1974-05-20,10.370122
1974-05-21,0.7450768
1974-05-22,0.19139034
1974-05-23,0.014962931
1974-05-24,0.6782078
1974-05-25,8.523051
1974-05-26,4.9780865
1974-05-27,4.9611487
1974-05-28,1.6122241
1974-05-29,0.011731009
1974-05-30,2.3117394
1974-05-31,9.106711
1974-06-01,8.7680235
1974-06-02,0.21556291
1974-06-03,0.34699976
1974-06-04,0.0010851768
1974-06-05,1.4339932
1974-06-06,3.019
1974-06-07,1.3483453
1974-06-08,0.61014503
1974-06-09,0.67454135
1974-06-10,2.5760968
1974-06-11,7.2115946
1974-06-12,6.099983
1974-06-13,0.50574255
1974-06-14,5.8628125
1974-06-15,0.8414371
1974-06-16,5.764507
1974-06-17,5.1996346
1974-06-18,1.5167729
1974-06-19,14.980209
1974-06-20,22.98089
1974-06-21,1.9604317
1974-06-22,0.37926304
1974-06-23,9.367551e-05
1974-06-24,1.8341986
1974-06-25,2.9438577
1974-06-26,6.105936
1974-06-27,2.7207208
1974-06-28,1.8592404
1974-06-29,5.809623e-06
1974-06-30,6.33762
1974-07-01,0.0017460078
1974-07-02,9.131189
1974-07-03,0.6443124
1974-07-04,1.2034638
1974-07-05,0.0025650244
1974-07-06,0.19025454
1974-07-07,0.48610228
1974-07-08,1.6239356
1974-07-09,1.0903105
1974-07-10,1.2578511
1974-07-11,21.282259
1974-07-12,10.143285
1974-07-13,3.043621
1974-07-14,0.0056466446
1974-07-15,0.07169267
1974-07-16,0.8044451
1974-07-17,0.4620769
1974-07-18,3.6059484
1974-07-19,0.6514097
1974-07-20,2.608024
1974-07-21,1.7441196
1974-07-22,0.31423718
1974-07-23,0.5854509
1974-07-24,1.7190247
1974-07-25,0.9060048
1974-07-26,0.0
1974-07-27,0.0003374618
1974-07-28,1.3412222
1974-07-29,6.824805
1974-07-30,12.326491
1974-07-31,4.2154884
1974-08-01,1.4769447
1974-08-02,1.992984
1974-08-03,0.80710554
1974-08-04,1.3754286
1974-08-05,0.63951916
1974-08-06,3.2600846
1974-08-07,2.1357815
1974-08-08,1.9537572
1974-08-09,0.3815833
1974-08-10,0.51119053
1974-08-11,0.3608992
1974-08-12,2.9473143
1974-08-13,0.72082984
1974-08-14,12.274556
1974-08-15,0.8251019
1974-08-16,1.8661771
1974-08-17,2.1505976
1974-08-18,0.1533052
1974-08-19,0.19373804
1974-08-20,1.7725267
1974-08-21,0.36213577
1974-08-22,0.85420156
1974-08-23,0.7537523
1974-08-24,0.28778395
1974-08-25,1.4835546
1974-08-26,4.1673117
1974-08-27,3.0701656
1974-08-28,11.118074
1974-08-29,21.687986
1974-08-30,1.68479
1974-08-31,1.2569759
1974-09-01,0.85274434
1974-09-02,0.0
1974-09-03,0.88211834
1974-09-04,3.0671086
1974-09-05,0.2694313
1974-09-06,0.24250823
1974-09-07,0.014533252
1974-09-08,1.1651043
1974-09-09,1.7688668
1974-09-10,1.3610711
1974-09-11,2.4391851
1974-09-12,1.9649802
1974-09-13,1.3103106
1974-09-14,1.1773235
1974-09-15,0.055487074
1974-09-16,11.372251
1974-09-17,1.6193674
1974-09-18,7.3645873
1974-09-19,3.5524864
1974-09-20,1.5631545
1974-09-21,1.426313
1974-09-22,2.2202468
1974-09-23,2.0614173
1974-09-24,0.71333885
1974-09-25,3.2905736
1974-09-26,0.010896206
1974-09-27,1.3314098
1974-09-28,8.195614
1974-09-29,0.26283228
1974-09-30,0.15067634
1974-10-01,0.6829244
1974-10-02,0.019234257
1974-10-03,11.878049
1974-10-04,0.19478334
1974-10-05,0.5806097
1974-10-06,0.24333537
1974-10-07,0.7590548
1974-10-08,0.025947703
1974-10-09,1.6519445
1974-10-10,0.33647832
1974-10-11,2.3187528
1974-10-12,2.3076437
1974-10-13,0.09640257
1974-10-14,0.0
1974-10-15,0.5983956
1974-10-16,0.063969426
1974-10-17,0.0013768675
1974-10-18,5.948228
1974-10-19,5.425762
1974-10-20,3.2916882
1974-10-21,0.6754206
1974-10-22,3.6620398
1974-10-23,1.1797435
1974-10-24,7.867119
1974-10-25,0.8664022
1974-10-26,0.39525685
1974-10-27,0.75018054
1974-10-28,0.06782765
1974-10-29,0.49963602
1974-10-30,32.979836
1974-10-31,2.5046828
1974-11-01,13.64709
1974-11-02,2.6699479
1974-11-03,0.002996038
1974-11-04,0.001106798
1974-11-05,0.84895325
1974-11-06,1.3363607
1974-11-07,28.097677
1974-11-08,30.611692
1974-11-09,2.0520113
1974-11-10,3.211608
1974-11-11,0.6360622
1974-11-12,0.077630475
1974-11-13,1.5613259
1974-11-14,0.27962413
1974-11-15,0.52319723
1974-11-16,0.104760416
1974-11-17,26.904444
1974-11-18,0.72913104
1974-11-19,1.7561301
1974-11-20,0.73241097
1974-11-21,0.00017349322
1974-11-22,8.026255
1974-11-23,11.97433
1974-11-24,0.89501375
1974-11-25,19.997044
1974-11-26,0.3303195
1974-11-27,10.660438
1974-11-28,5.3197083
1974-11-29,0.09470168
1974-11-30,0.082248
1974-12-01,0.5880881
1974-12-02,0.00022396744
1974-12-03,0.21482217
1974-12-04,12.474294
1974-12-05,21.794035
1974-12-06,6.54489
1974-12-07,2.663738
1974-12-08,1.5884659
1974-12-09,2.1994455
1974-12-10,0.63140506
1974-12-11,0.7712137
1974-12-12,14.430295
1974-12-13,29.036459
1974-12-14,0.030762708
1974-12-15,7.863194
1974-12-16,2.6998737
1974-12-17,1.1446491
1974-12-18,0.1934351
1974-12-19,0.21934044
1974-12-20,2.6358137
1974-12-21,3.5697634
1974-12-22,0.38872713
1974-12-23,2.1322184
1974-12-24,23.512455
1974-12-25,3.337821
1974-12-26,1.3988878
1974-12-27,0.29568776
1974-12-28,0.03422528
1974-12-29,0.0
1974-12-30,0.33979416
1974-12-31,4.712685
1975-01-01,1.6392032
1975-01-02,0.3153708
1975-01-03,0.002625179
1975-01-04,0.009014111
1975-01-05,0.027792882
1975-01-06,14.67616
1975-01-07,0.28354284
1975-01-08,0.024421658
1975-01-09,0.7995439
1975-01-10,8.3019495
1975-01-11,1.1658244
1975-01-12,0.62931406
1975-01-13,0.9630747
1975-01-14,5.8729796
1975-01-15,0.114751406
1975-01-16,30.908754
1975-01-17,1.292881
1975-01-18,4.449136
1975-01-19,0.6659607
1975-01-20,0.6548693
1975-01-21,0.17762625
1975-01-22,0.0
1975-01-23,0.022583168
1975-01-24,0.2886569
1975-01-25,4.6223435
1975-01-26,0.17696923
1975-01-27,0.36075166
1975-01-28,2.6540241
1975-01-29,0.01733987
1975-01-30,5.676752
1975-01-31,14.800039
1975-02-01,0.8959342
1975-02-02,3.2727768
1975-02-03,0.5081556
1975-02-04,0.3574322
1975-02-05,0.7591144
1975-02-06,2.507861
1975-02-07,0.059950113
1975-02-08,15.654661
1975-02-09,2.5083659
1975-02-10,0.48532033
1975-02-11,0.16917591
1975-02-12,1.4610196
1975-02-13,1.9457589
1975-02-14,0.32027242
1975-02-15,9.250575
1975-02-16,5.6413016
1975-02-17,0.12169315
1975-02-18,0.11773758
1975-02-19,0.29879442
1975-02-20,2.7380571
1975-02-21,2.1759353
1975-02-22,0.5029214
1975-02-23,0.0
1975-02-24,13.567837
1975-02-25,2.3538003
1975-02-26,0.0098404065
1975-02-27,0.115278356
1975-02-28,0.30979997
1975-03-01,0.002703457
1975-03-02,6.72353
1975-03-03,14.106684
1975-03-04,15.599415
1975-03-05,12.261156
1975-03-06,0.36511976
1975-03-07,3.4768324
1975-03-08,7.515488
1975-03-09,1.3595699
1975-03-10,8.4586525
1975-03-11,0.8341089
1975-03-12,0.27180296
1975-03-13,0.5911418
1975-03-14,0.06435422
1975-03-15,1.721794
1975-03-16,0.23227051
1975-03-17,0.0930182
1975-03-18,0.82368517
1975-03-19,1.6649524
1975-03-20,0.39007506
1975-03-21,0.33539808
1975-03-22,7.186555
1975-03-23,0.8907998
1975-03-24,0.24506447
1975-03-25,0.32368225
1975-03-26,0.236601
1975-03-27,0.2220005
1975-03-28,4.291678
1975-03-29,3.364918
1975-03-30,0.67085814
1975-03-31,0.0
1975-04-01,1.456211
1975-04-02,1.1768907
1975-04-03,2.543449
1975-04-04,1.398026
1975-04-05,4.3565035
1975-04-06,0.122782245
1975-04-07,2.8316834
1975-04-08,12.744871
1975-04-09,0.048682127
1975-04-10,0.1343399
1975-04-11,0.8775198
1975-04-12,0.428501
1975-04-13,4.95977e-06
1975-04-14,6.318582
1975-04-15,18.164658
1975-04-16,11.606735
1975-04-17,3.368318
1975-04-18,3.8591468
1975-04-19,0.34995508
1975-04-20,0.42092693
1975-04-21,1.2013758
1975-04-22,20.457533
1975-04-23,13.968541
1975-04-24,0.028585851
1975-04-25,9.329986
1975-04-26,7.206697
1975-04-27,0.15101077
1975-04-28,0.0039416123
1975-04-29,3.0982969
1975-04-30,11.681062
1975-05-01,20.553804
1975-05-02,0.4915732
1975-05-03,0.62899643
1975-05-04,1.5502245
1975-05-05,0.008238777
1975-05-06,0.0010658754
1975-05-07,3.37992
1975-05-08,0.999665
1975-05-09,20.905394
1975-05-10,2.6935704
1975-05-11,7.4888263
1975-05-12,10.345527
1975-05-13,0.43062243
1975-05-14,0.34219724
1975-05-15,0.01693496
1975-05-16,0.6177857
1975-05-17,0.81949794
1975-05-18,0.25770053
1975-05-19,6.4999266
1975-05-20,0.033470858
1975-05-21,0.84585536
1975-05-22,1.298933
1975-05-23,3.2323408
1975-05-24,3.1600642
1975-05-25,7.370472
1975-05-26,5.535846
1975-05-27,0.003874336
1975-05-28,0.39761195
1975-05-29,0.43838322
1975-05-30,2.183926
1975-05-31,1.4080598
1975-06-01,0.752955
1975-06-02,26.6031
1975-06-03,5.519013
1975-06-04,1.7109059
1975-06-05,9.568654
1975-06-06,14.109451
1975-06-07,1.4712929
1975-06-08,0.99012023
1975-06-09,17.967415
1975-06-10,3.1382892
1975-06-11,1.0735952
1975-06-12,0.115424134
1975-06-13,15.029266
1975-06-14,10.383888
1975-06-15,13.942663
1975-06-16,4.619019
1975-06-17,9.272296
1975-06-18,5.5486393
1975-06-19,0.06839443
1975-06-20,0.0042876448
1975-06-21,1.9837669
1975-06-22,0.82912916
1975-06-23,7.5715737
1975-06-24,0.9734261
1975-06-25,3.357983
1975-06-26,1.9901433
1975-06-27,0.0012270284
1975-06-28,11.985528
1975-06-29,7.3135133
1975-06-30,0.7842219
1975-07-01,14.182844
1975-07-02,1.5790229
1975-07-03,1.3541812
1975-07-04,5.0168386
1975-07-05,5.917164
1975-07-06,2.442665
1975-07-07,4.7922
1975-07-08,3.4992344
1975-07-09,3.7270179
1975-07-10,6.536611
1975-07-11,12.213833
1975-07-12,12.616745
1975-07-13,5.036574
1975-07-14,1.8254331
1975-07-15,3.0550869
1975-07-16,6.662995
1975-07-17,0.034980807
1975-07-18,1.4120789
1975-07-19,1.5130436
1975-07-20,0.120870456
1975-07-21,0.055432934
1975-07-22,1.5561817
1975-07-23,1.3476956
1975-07-24,13.259657
1975-07-25,3.3559291
1975-07-26,0.64401656
1975-07-27,2.9295
1975-07-28,0.5186734
1975-07-29,1.1535454
1975-07-30,2.101918
1975-07-31,6.468607
1975-08-01,0.5360308
1975-08-02,9.861315
1975-08-03,12.621776
1975-08-04,30.227047
1975-08-05,1.0988544
1975-08-06,0.043575127
1975-08-07,5.3953695
1975-08-08,5.860144
1975-08-09,1.7974994
1975-08-10,7.5689106
1975-08-11,2.3946128
1975-08-12,0.120466255
1975-08-13,0.022747172
1975-08-14,0.01681522
1975-08-15,1.8145045
1975-08-16,0.74548066
1975-08-17,1.2888783
1975-08-18,3.2662416
1975-08-19,0.3849626
1975-08-20,23.72766
1975-08-21,5.2428837
1975-08-22,0.5235139
1975-08-23,4.2034035
1975-08-24,2.920897
1975-08-25,0.91170704
1975-08-26,4.8512926
1975-08-27,0.07019518
1975-08-28,0.10949444
1975-08-29,0.55449337
1975-08-30,0.4586278
1975-08-31,6.612568
1975-09-01,0.03964504
1975-09-02,0.05774234
1975-09-03,0.02772929
1975-09-04,0.17646298
1975-09-05,0.2640909
1975-09-06,1.6652949
1975-09-07,18.185087
1975-09-08,2.9722939
1975-09-09,3.1096559
1975-09-10,1.1356564
1975-09-11,3.3186364
1975-09-12,1.1653688
1975-09-13,6.7287416
1975-09-14,13.187038
1975-09-15,9.643278
1975-09-16,1.9067748
1975-09-17,8.271159
1975-09-18,9.918153
1975-09-19,4.0560107
1975-09-20,0.8930083
1975-09-21,0.3965317
1975-09-22,5.212639
1975-09-23,8.176693
1975-09-24,26.461227
1975-09-25,18.74015
1975-09-26,0.0
1975-09-27,7.2833233
1975-09-28,0.118262924
1975-09-29,1.126561
1975-09-30,1.3019707
1975-10-01,5.30481
1975-10-02,3.2961442
1975-10-03,0.69127494
1975-10-04,2.9459667
1975-10-05,12.073036
1975-10-06,3.8892865
1975-10-07,0.00089525984
1975-10-08,5.8921347
1975-10-09,26.091063
1975-10-10,1.5317248
1975-10-11,0.014401142
1975-10-12,0.0
1975-10-13,0.0007360509
1975-10-14,7.614143
1975-10-15,5.708228
1975-10-16,0.37115386
1975-10-17,13.038245
1975-10-18,2.217016
1975-10-19,0.034708016
1975-10-20,0.0003978998
1975-10-21,6.4027185
1975-10-22,0.03912551
1975-10-23,0.22951062
1975-10-24,0.0
1975-10-25,0.33656767
1975-10-26,1.0651478
1975-10-27,0.0050097057
1975-10-28,15.222513
1975-10-29,3.2382803
1975-10-30,0.0030672809
1975-10-31,3.6816304
1975-11-01,0.0019767848
1975-11-02,8.588953
1975-11-03,10.634954
1975-11-04,13.740576
1975-11-05,0.6318458
1975-11-06,4.758083
1975-11-07,2.2887113
1975-11-08,4.757543
1975-11-09,0.025821278
1975-11-10,0.0
1975-11-11,0.055795033
1975-11-12,0.051043026
1975-11-13,4.3557334
1975-11-14,0.6249763
1975-11-15,6.766658
1975-11-16,5.954937
1975-11-17,4.0009236
1975-11-18,0.05040148
1975-11-19,0.0
1975-11-20,0.24462405
1975-11-21,19.834198
1975-11-22,28.233837
1975-11-23,0.00094699214
1975-11-24,0.13938895
1975-11-25,31.429403
1975-11-26,2.3388278
1975-11-27,1.584455
1975-11-28,3.5664783
1975-11-29,0.84169984
1975-11-30,0.08470871
1975-12-01,0.35988623
1975-12-02,0.21498694
1975-12-03,19.922468
1975-12-04,0.2842286
1975-12-05,0.25376868
1975-12-06,2.5826898
1975-12-07,1.5999465
1975-12-08,4.814939
1975-12-09,3.1774035
1975-12-10,0.42061698
1975-12-11,5.8155193
1975-12-12,2.5727339
1975-12-13,17.053286
1975-12-14,7.672019
1975-12-15,0.8617592
1975-12-16,2.3615394
1975-12-17,1.7467982
1975-12-18,1.2845116
1975-12-19,0.12296368
1975-12-20,0.07823325
1975-12-21,0.35600486
1975-12-22,1.6949453
1975-12-23,9.646059
1975-12-24,10.397203
1975-12-25,1.0723134
1975-12-26,0.099254385
1975-12-27,0.5867407
1975-12-28,6.6832023
1975-12-29,0.6174181
1975-12-30,0.37980428
1975-12-31,4.1049666
1976-01-01,0.005511942
1976-01-02,3.404238
1976-01-03,2.3860538
1976-01-04,9.725277
1976-01-05,19.434946
1976-01-06,0.7256329
1976-01-07,9.909615
1976-01-08,5.4609904
1976-01-09,12.516614
1976-01-10,2.7506244
1976-01-11,0.62658775
1976-01-12,6.597535
1976-01-13,0.3697136
1976-01-14,0.09173285
1976-01-15,21.973427
1976-01-16,0.32766634
1976-01-17,0.8287424
1976-01-18,7.397544
1976-01-19,1.9666253
1976-01-20,1.3786776
1976-01-21,3.9336553
1976-01-22,0.28434747
1976-01-23,0.77351147
1976-01-24,0.7091137
1976-01-25,4.5892057
1976-01-26,0.3863929
1976-01-27,1.9766998
1976-01-28,11.875835
1976-01-29,1.6171261
1976-01-30,0.13030526
1976-01-31,0.5339261
1976-02-01,0.27759027
1976-02-02,8.115479
1976-02-03,5.1967483
1976-02-04,1.1855332
1976-02-05,15.418957
1976-02-06,1.2737275
1976-02-07,0.40706897
1976-02-08,1.1040121
1976-02-09,0.067872226
1976-02-10,0.33326635
1976-02-11,1.585295
1976-02-12,0.28739852
1976-02-13,0.0006010311
1976-02-14,6.777391
1976-02-15,5.875844
1976-02-16,0.041136704
1976-02-17,0.0
1976-02-18,3.4549587
1976-02-19,0.17080541
1976-02-20,0.91501075
1976-02-21,1.1723653
1976-02-22,20.732616
1976-02-23,0.26874775
1976-02-24,0.6936094
1976-02-25,0.0839155
1976-02-26,11.035957
1976-02-27,9.781742
1976-02-28,0.0073947115
1976-03-01,0.0
1976-03-02,0.19394949
1976-03-03,0.94562835
1976-03-04,15.824543
1976-03-05,0.061030045
1976-03-06,3.1980367
1976-03-07,8.19046
1976-03-08,21.618862
1976-03-09,0.12792183
1976-03-10,0.61342794
1976-03-11,0.00070925866
1976-03-12,9.928545
1976-03-13,0.001206132
1976-03-14,6.600162
1976-03-15,8.342106
1976-03-16,9.162339
1976-03-17,8.2376
1976-03-18,0.846696
1976-03-19,0.05703891
1976-03-20,0.0007195528
1976-03-21,19.46826
1976-03-22,3.0332499
1976-03-23,13.2241
1976-03-24,4.665045
1976-03-25,0.12045436
1976-03-26,0.21892957
1976-03-27,0.12470056
1976-03-28,0.26236963
1976-03-29,0.23293848
1976-03-30,7.653991
1976-03-31,0.9497871
1976-04-01,0.031844568
1976-04-02,0.0
1976-04-03,0.015768291
1976-04-04,1.9184707
1976-04-05,0.86822826
1976-04-06,2.4807034
1976-04-07,8.718987
1976-04-08,2.981713
1976-04-09,0.48307547
1976-04-10,2.2446415
1976-04-11,0.62858814
1976-04-12,0.029894652
1976-04-13,0.0
1976-04-14,0.004665613
1976-04-15,12.69193
1976-04-16,3.3606615
1976-04-17,0.17244527
1976-04-18,0.9468921
1976-04-19,12.831172
1976-04-20,1.3694724
1976-04-21,0.047152314
1976-04-22,0.31095126
1976-04-23,4.7055106
1976-04-24,1.6526934
1976-04-25,0.006323348
1976-04-26,1.2796307
1976-04-27,1.1053833
1976-04-28,0.06820735
1976-04-29,1.6288956
1976-04-30,5.481813
1976-05-01,6.206669
1976-05-02,20.14547
1976-05-03,8.865893
1976-05-04,2.9955282
1976-05-05,0.38844046
1976-05-06,1.0153046
1976-05-07,0.14392295
1976-05-08,2.3550086
1976-05-09,1.7107351
1976-05-10,0.18898353
1976-05-11,2.4266894
1976-05-12,2.2518916
1976-05-13,3.3530087
1976-05-14,0.51828
1976-05-15,0.22923438
1976-05-16,0.01593552
1976-05-17,2.5769143
1976-05-18,4.993058
1976-05-19,8.035128
1976-05-20,0.12283755
1976-05-21,0.1611633
1976-05-22,0.12878832
1976-05-23,4.094182
1976-05-24,0.014853668
1976-05-25,0.0005133809
1976-05-26,1.6748743
1976-05-27,1.3753005
1976-05-28,1.9001424
1976-05-29,0.2835933
1976-05-30,0.2545764
1976-05-31,11.452468
1976-06-01,9.539752
1976-06-02,2.8255723
1976-06-03,6.802907
1976-06-04,3.1755078
1976-06-05,2.9913778
1976-06-06,20.599863
1976-06-07,0.99048275
1976-06-08,1.6784257
1976-06-09,1.167399
1976-06-10,2.188084
1976-06-11,0.29423475
1976-06-12,0.97283053
1976-06-13,0.61399126
1976-06-14,23.333591
1976-06-15,5.117751
1976-06-16,3.3404284
1976-06-17,5.469291
1976-06-18,1.0403098
1976-06-19,1.6977135
1976-06-20,2.064637
1976-06-21,2.2292836
1976-06-22,0.06590521
1976-06-23,0.03891382
1976-06-24,3.4008433e-05
1976-06-25,0.053328678
1976-06-26,0.7310205
1976-06-27,3.3937118
1976-06-28,1.1812012
1976-06-29,0.005566375
1976-06-30,2.542114
1976-07-01,3.0282657
1976-07-02,0.015720475
1976-07-03,0.67900455
1976-07-04,0.9039485
1976-07-05,0.4048406
1976-07-06,0.0014127173
1976-07-07,0.5409953
1976-07-08,0.57618296
1976-07-09,0.49212924
1976-07-10,1.3021863
1976-07-11,2.366218
1976-07-12,2.6159694
1976-07-13,0.33713666
1976-07-14,0.18249589
1976-07-15,3.1192164
1976-07-16,8.584401
1976-07-17,1.5387268
1976-07-18,0.9684431
1976-07-19,2.6962008
1976-07-20,0.25331473
1976-07-21,0.2124939
1976-07-22,0.00057305244
1976-07-23,0.008108983
1976-07-24,2.5044007
1976-07-25,2.0738502
1976-07-26,15.919837
1976-07-27,3.911473
1976-07-28,0.560909
1976-07-29,0.17313473
1976-07-30,3.721273
1976-07-31,2.3241503
1976-08-01,3.0764892
1976-08-02,2.2898378
1976-08-03,0.6171909
1976-08-04,3.1307085
1976-08-05,4.8194413
1976-08-06,0.1493595
1976-08-07,6.9243984
1976-08-08,3.4819682
1976-08-09,5.10724
1976-08-10,0.747238
1976-08-11,0.0140351895
1976-08-12,8.86535
1976-08-13,0.043489985
1976-08-14,2.2329583
1976-08-15,0.05543094
1976-08-16,18.969334
1976-08-17,3.607742
1976-08-18,0.030382715
1976-08-19,0.5751211
1976-08-20,1.4074931
1976-08-21,0.10095477
1976-08-22,1.2701039
1976-08-23,1.4623555
1976-08-24,2.1208751
1976-08-25,4.337695
1976-08-26,0.29059136
1976-08-27,0.04769885
1976-08-28,0.09759889
1976-08-29,0.037232995
1976-08-30,0.03934774
1976-08-31,0.64629525
1976-09-01,10.129375
1976-09-02,4.0688043
1976-09-03,2.910012
1976-09-04,1.9311017
1976-09-05,1.8716435
1976-09-06,1.1796767
1976-09-07,1.2400559
1976-09-08,4.210824
1976-09-09,11.486408
1976-09-10,3.3795094
1976-09-11,0.0
1976-09-12,2.3307027e-06
1976-09-13,0.0
1976-09-14,0.04830671
1976-09-15,0.17609748
1976-09-16,0.7696608
1976-09-17,2.6074483
1976-09-18,21.422604
1976-09-19,6.077706
1976-09-20,0.4307346
1976-09-21,34.218296
1976-09-22,1.6480737
1976-09-23,4.71315
1976-09-24,1.6814722
1976-09-25,8.298061
1976-09-26,2.3794122
1976-09-27,0.5172987
1976-09-28,0.22091702
1976-09-29,0.007025194
1976-09-30,2.2742589
1976-10-01,1.0786086
1976-10-02,3.119872e-06
1976-10-03,0.00031461476
1976-10-04,9.244379
1976-10-05,16.587318
1976-10-06,0.78644824
1976-10-07,4.23115
1976-10-08,0.3689969
1976-10-09,0.09895212
1976-10-10,8.903831
1976-10-11,13.982329
1976-10-12,12.863027
1976-10-13,28.108988
1976-10-14,5.678537
1976-10-15,0.11394671
1976-10-16,2.5764875
1976-10-17,0.3893663
1976-10-18,0.06582106
1976-10-19,1.4409732
1976-10-20,1.1480689
1976-10-21,0.06865369
1976-10-22,2.2918816
1976-10-23,1.6875669
1976-10-24,5.8428855
1976-10-25,0.3831274
1976-10-26,2.8607242
1976-10-27,2.9428008
1976-10-28,0.16061878
1976-10-29,0.81736445
1976-10-30,0.003110209
1976-10-31,3.2885833
1976-11-01,2.934232
1976-11-02,0.0
1976-11-03,8.941158
1976-11-04,7.941429
1976-11-05,0.57570964
1976-11-06,1.0240457
1976-11-07,4.9304485
1976-11-08,4.3147697
1976-11-09,0.3702211
1976-11-10,0.0
1976-11-11,1.9526587
1976-11-12,6.2294106
1976-11-13,8.372438
1976-11-14,4.6386304
1976-11-15,0.49742573
1976-11-16,10.543134
1976-11-17,3.937561
1976-11-18,2.9304729
1976-11-19,1.5231671
1976-11-20,0.48848212
1976-11-21,0.56060416
1976-11-22,8.525386
1976-11-23,1.9683136
1976-11-24,1.7556655
1976-11-25,10.38703
1976-11-26,0.5262259
1976-11-27,0.65588874
1976-11-28,3.0518339
1976-11-29,2.083085
1976-11-30,4.4190993
1976-12-01,0.014057327
1976-12-02,0.014659582
1976-12-03,0.27829677
1976-12-04,0.6080267
1976-12-05,1.0694001
1976-12-06,1.1264815
1976-12-07,1.7086757
1976-12-08,0.21357301
1976-12-09,17.993427
1976-12-10,9.373607
1976-12-11,0.18305093
1976-12-12,0.27518278
1976-12-13,0.99646854
1976-12-14,1.0876672
1976-12-15,0.74688023
1976-12-16,0.6299217
1976-12-17,2.1418607
1976-12-18,0.17290528
1976-12-19,2.899857
1976-12-20,1.852267
1976-12-21,0.12185391
1976-12-22,0.09194833
1976-12-23,0.08253318
1976-12-24,0.020090593
1976-12-25,0.19493793
1976-12-26,0.49933615
1976-12-27,0.78172386
1976-12-28,5.2008605
1976-12-29,15.824278
1976-12-30,0.0
1976-12-31,6.270718
1977-01-01,11.387068
1977-01-02,7.382902
1977-01-03,1.3620571
1977-01-04,2.9161024
1977-01-05,5.3630924
1977-01-06,0.16883077
1977-01-07,0.6050659
1977-01-08,11.8370695
1977-01-09,7.155936
1977-01-10,0.1348289
1977-01-11,0.04626244
1977-01-12,0.0
1977-01-13,0.023901591
1977-01-14,0.37367302
1977-01-15,6.9530764
1977-01-16,0.1560548
1977-01-17,0.15853304
1977-01-18,0.9283103
1977-01-19,0.014479403
1977-01-20,17.061287
1977-01-21,0.26124644
1977-01-22,0.0065261484
1977-01-23,1.6205214
1977-01-24,3.268445
1977-01-25,14.326918
1977-01-26,0.19810973
1977-01-27,0.8138729
1977-01-28,0.8186614
1977-01-29,0.39147782
1977-01-30,1.8885893
1977-01-31,0.81513786
1977-02-01,0.009073206
1977-02-02,0.00080064154
1977-02-03,0.06733392
1977-02-04,4.4880753
1977-02-05,1.1347613
1977-02-06,0.52394444
1977-02-07,0.14898609
1977-02-08,2.2876546
1977-02-09,2.452115
1977-02-10,0.22500898
1977-02-11,0.26111507
1977-02-12,6.7712083
1977-02-13,2.0734532
1977-02-14,32.760242
1977-02-15,6.9424496
1977-02-16,0.30226788
1977-02-17,9.489222
1977-02-18,0.794308
1977-02-19,0.12806629
1977-02-20,0.021564249
1977-02-21,0.10814569
1977-02-22,4.3459454
1977-02-23,9.458755
1977-02-24,1.2931821
1977-02-25,0.13626175
1977-02-26,0.22127563
1977-02-27,0.21203206
1977-02-28,0.32268998
1977-03-01,0.30208498
1977-03-02,4.785239
1977-03-03,8.427896
1977-03-04,2.3471067
1977-03-05,29.739079
1977-03-06,0.6841529
1977-03-07,0.07138948
1977-03-08,1.896497
1977-03-09,24.177788
1977-03-10,6.397462
1977-03-11,4.0070558
1977-03-12,16.986773
1977-03-13,1.4359214
1977-03-14,0.7023425
1977-03-15,9.320356
1977-03-16,28.418785
1977-03-17,6.1728964
1977-03-18,0.20570752
1977-03-19,0.046671376
1977-03-20,1.7296801
1977-03-21,1.0705062
1977-03-22,0.30350867
1977-03-23,9.893091e-05
1977-03-24,1.8699502
1977-03-25,2.136743
1977-03-26,2.135571
1977-03-27,0.94376075
1977-03-28,5.686176
1977-03-29,6.983866
1977-03-30,0.007788431
1977-03-31,4.1648846
1977-04-01,10.805524
1977-04-02,1.3172249
1977-04-03,0.0
1977-04-04,0.0
1977-04-05,0.04263818
1977-04-06,0.15716064
1977-04-07,11.422629
1977-04-08,0.18237706
1977-04-09,0.0060758954
1977-04-10,0.08301432
1977-04-11,0.041660745
1977-04-12,0.5016704
1977-04-13,1.8855574
1977-04-14,2.7391481
1977-04-15,1.9778272
1977-04-16,5.4554753
1977-04-17,4.0543275
1977-04-18,0.006941976
1977-04-19,0.0
1977-04-20,0.00039055888
1977-04-21,3.0311286
1977-04-22,5.8389034
1977-04-23,4.684734
1977-04-24,4.5379043
1977-04-25,2.273396
1977-04-26,1.976526
1977-04-27,0.0851796
1977-04-28,0.8166425
1977-04-29,0.8882896
1977-04-30,0.63850373
1977-05-01,1.8540062
1977-05-02,17.221052
1977-05-03,0.78916574
1977-05-04,0.30716133
1977-05-05,0.8264664
1977-05-06,1.8735309
1977-05-07,6.0409145
1977-05-08,0.40967596
1977-05-09,0.00017847345
1977-05-10,3.0155478
1977-05-11,0.25477886
1977-05-12,3.8365893
1977-05-13,0.10382191
1977-05-14,10.004421
1977-05-15,9.344685
1977-05-16,4.952687
1977-05-17,1.188139
1977-05-18,6.9095826
1977-05-19,0.118156955
1977-05-20,0.00048237093
1977-05-21,0.003932591
1977-05-22,0.047200162
1977-05-23,2.0601199
1977-05-24,1.5423087
1977-05-25,3.214822
1977-05-26,4.3545527
1977-05-27,0.21152373
1977-05-28,0.83778304
1977-05-29,0.6742735
1977-05-30,0.18813981
1977-05-31,0.026807796
1977-06-01,0.0049260445
1977-06-02,6.007308
1977-06-03,0.20686458
1977-06-04,2.8420935
1977-06-05,2.5062969
1977-06-06,0.1149224
1977-06-07,4.1508694
1977-06-08,23.536917
1977-06-09,5.4047146
1977-06-10,3.1858728
1977-06-11,0.5736819
1977-06-12,0.029000059
1977-06-13,0.0
1977-06-14,8.149161e-05
1977-06-15,2.9979177
1977-06-16,2.818954
1977-06-17,0.8473471
1977-06-18,0.07999809
1977-06-19,0.07438414
1977-06-20,0.29261026
1977-06-21,2.1128447
1977-06-22,1.6543351
1977-06-23,3.3832977
1977-06-24,5.8221154
1977-06-25,1.8588527
1977-06-26,3.3929486
1977-06-27,3.9943497
1977-06-28,3.0865166
1977-06-29,11.045472
1977-06-30,4.2405047
1977-07-01,3.7943618
1977-07-02,3.6645758
1977-07-03,2.8626592
1977-07-04,0.054348104
1977-07-05,0.04653966
1977-07-06,0.16631956
1977-07-07,1.1410187
1977-07-08,0.20673433
1977-07-09,2.3676226
1977-07-10,0.009937721
1977-07-11,1.8148452
1977-07-12,1.5576558
1977-07-13,3.5508084
1977-07-14,4.42876
1977-07-15,0.46059588
1977-07-16,0.19265996
1977-07-17,1.0295286
1977-07-18,2.8918185
1977-07-19,0.057861064
1977-07-20,1.6715549
1977-07-21,2.702157
1977-07-22,8.356604
1977-07-23,0.23522177
1977-07-24,4.948913
1977-07-25,2.5546005
1977-07-26,1.4881274
1977-07-27,37.32457
1977-07-28,18.488894
1977-07-29,1.1725324
1977-07-30,0.08595813
1977-07-31,2.0559666
1977-08-01,16.45154
1977-08-02,0.2708715
1977-08-03,0.00035987105
1977-08-04,0.0011551282
1977-08-05,0.10311494
1977-08-06,0.5008126
1977-08-07,2.2291734
1977-08-08,12.209524
1977-08-09,0.0006292914
1977-08-10,0.0
1977-08-11,0.004803986
1977-08-12,0.16204064
1977-08-13,0.35666427
1977-08-14,0.48371583
1977-08-15,2.843539
1977-08-16,4.332404
1977-08-17,1.0259464
1977-08-18,0.89730155
1977-08-19,2.9947767
1977-08-20,0.32258764
1977-08-21,0.08244733
1977-08-22,1.8210101
1977-08-23,3.1462872
1977-08-24,0.024140812
1977-08-25,0.068626225
1977-08-26,4.3441105
1977-08-27,22.526339
1977-08-28,0.1540603
1977-08-29,3.7918897
1977-08-30,0.31565744
1977-08-31,0.08023462
1977-09-01,0.24629733
1977-09-02,3.2122657
1977-09-03,4.710129
1977-09-04,5.930698
1977-09-05,0.0005996849
1977-09-06,0.0073935846
1977-09-07,1.8129466
1977-09-08,3.0262306
1977-09-09,2.0376298
1977-09-10,0.36378285
1977-09-11,0.90414566
1977-09-12,1.1774435
1977-09-13,3.0849254
1977-09-14,4.832645
1977-09-15,0.035882957
1977-09-16,0.07487995
1977-09-17,0.90517443
1977-09-18,0.02253603
1977-09-19,0.0032667103
1977-09-20,0.45275354
1977-09-21,11.4865265
1977-09-22,1.0568317
1977-09-23,0.0331392
1977-09-24,6.426749
1977-09-25,8.002574
1977-09-26,0.007679768
1977-09-27,0.5666344
1977-09-28,0.00079632166
1977-09-29,3.9243264
1977-09-30,13.545318
1977-10-01,0.2993659
1977-10-02,1.9474919
1977-10-03,4.800485
1977-10-04,0.00042147667
1977-10-05,0.00024296809
1977-10-06,0.0049578105
1977-10-07,0.091265686
1977-10-08,4.678888
1977-10-09,21.178791
1977-10-10,0.00062494347
1977-10-11,6.869193e-06
1977-10-12,0.011507892
1977-10-13,0.027096152
1977-10-14,0.017260171
1977-10-15,27.957558
1977-10-16,7.936623e-06
1977-10-17,0.2891185
1977-10-18,0.055421684
1977-10-19,6.136616
1977-10-20,7.145038
1977-10-21,21.641922
1977-10-22,1.2564154
1977-10-23,0.6611239
1977-10-24,3.6767468
1977-10-25,1.8205054
1977-10-26,0.021220826
1977-10-27,0.10021223
1977-10-28,1.5961778
1977-10-29,0.0
1977-10-30,0.67445403
1977-10-31,2.2382152
1977-11-01,2.5437775
1977-11-02,0.061514847
1977-11-03,0.024997395
1977-11-04,8.419384
1977-11-05,2.7758977
1977-11-06,5.441346
1977-11-07,3.392943
1977-11-08,4.9923973
1977-11-09,0.8042024
1977-11-10,0.043588825
1977-11-11,9.741945
1977-11-12,0.7501354
1977-11-13,0.030044956
1977-11-14,0.053805087
1977-11-15,0.09526374
1977-11-16,0.06602681
1977-11-17,0.7035296
1977-11-18,1.9345317
1977-11-19,1.4885046
1977-11-20,0.13767871
1977-11-21,0.14834525
1977-11-22,0.022811985
1977-11-23,1.1160609
1977-11-24,0.003936769
1977-11-25,0.9717909
1977-11-26,8.375169
1977-11-27,15.29012
1977-11-28,1.2365875
1977-11-29,5.7988057
1977-11-30,1.2904665
1977-12-01,0.35315904
1977-12-02,0.8724143
1977-12-03,5.4705606
1977-12-04,0.40327695
1977-12-05,17.311262
1977-12-06,0.2665524
1977-12-07,5.491809
1977-12-08,11.961864
1977-12-09,2.861736
1977-12-10,0.0686234
1977-12-11,1.1625422
1977-12-12,2.3504868
1977-12-13,0.3683129
1977-12-14,0.078940675
1977-12-15,12.9629965
1977-12-16,4.3179603
1977-12-17,0.080173515
1977-12-18,0.41689476
1977-12-19,0.25929907
1977-12-20,0.08722403
1977-12-21,0.22799093
1977-12-22,0.8646118
1977-12-23,0.47492364
1977-12-24,1.8585247
1977-12-25,2.4767997
1977-12-26,0.49950612
1977-12-27,3.7961776
1977-12-28,31.979391
1977-12-29,6.3754983
1977-12-30,1.0897875
1977-12-31,0.5090969
1978-01-01,0.5120404
1978-01-02,3.5906558
1978-01-03,8.19715
1978-01-04,5.868979
1978-01-05,0.20991439
1978-01-06,0.43444207
1978-01-07,0.72715163
1978-01-08,0.667976
1978-01-09,0.0055306656
1978-01-10,1.2766453
1978-01-11,7.7975116
1978-01-12,10.184768
1978-01-13,0.33821067
1978-01-14,0.41968465
1978-01-15,0.0
1978-01-16,0.0033517831
1978-01-17,4.6321416
1978-01-18,0.21445346
1978-01-19,1.944786
1978-01-20,34.9556
1978-01-21,0.8660493
1978-01-22,0.5799791
1978-01-23,13.817956
1978-01-24,0.8308958
1978-01-25,0.84822786
1978-01-26,0.009243421
1978-01-27,8.331961
1978-01-28,1.0502695
1978-01-29,0.15467905
1978-01-30,0.0031665384
1978-01-31,23.707579
1978-02-01,9.961387
1978-02-02,15.712882
1978-02-03,0.22116901
1978-02-04,2.3598828
1978-02-05,19.919004
1978-02-06,0.28620788
1978-02-07,2.9711592
1978-02-08,1.8697681
1978-02-09,0.035845514
1978-02-10,0.10181384
1978-02-11,9.094516
1978-02-12,9.285042
1978-02-13,0.00078019116
1978-02-14,9.048248
1978-02-15,25.090628
1978-02-16,0.6507936
1978-02-17,0.34783348
1978-02-18,0.045885094
1978-02-19,0.04935
1978-02-20,0.0015325578
1978-02-21,12.676201
1978-02-22,6.3600507
1978-02-23,6.8763556
1978-02-24,0.24454947
1978-02-25,0.115363136
1978-02-26,0.0
1978-02-27,0.0028678267
1978-02-28,8.68222
1978-03-01,0.44488788
1978-03-02,0.24866861
1978-03-03,0.00378451
1978-03-04,0.07407944
1978-03-05,0.06609278
1978-03-06,4.109556
1978-03-07,4.901428
1978-03-08,3.8758984
1978-03-09,0.38310942
1978-03-10,0.1577389
1978-03-11,0.015505218
1978-03-12,0.00012695274
1978-03-13,0.07813857
1978-03-14,0.012999376
1978-03-15,13.149392
1978-03-16,6.2799788
1978-03-17,1.7936202
1978-03-18,1.9709841
1978-03-19,0.25354105
1978-03-20,0.0034629642
1978-03-21,1.3128198
1978-03-22,0.11318559
1978-03-23,0.014435942
1978-03-24,0.18400332
1978-03-25,3.5006373
1978-03-26,6.396526
1978-03-27,7.682162
1978-03-28,1.636302
1978-03-29,0.01563319
1978-03-30,0.02408713
1978-03-31,3.9643645
1978-04-01,9.713786
1978-04-02,3.9455407
1978-04-03,1.7796993
1978-04-04,0.18581289
1978-04-05,0.381097
1978-04-06,0.78501564
1978-04-07,12.830253
1978-04-08,0.3861016
1978-04-09,0.12115262
1978-04-10,1.2675657
1978-04-11,0.009858461
1978-04-12,0.004764909
1978-04-13,0.0
1978-04-14,0.0
1978-04-15,1.4912262
1978-04-16,0.03862093
1978-04-17,0.08557769
1978-04-18,2.2634308
1978-04-19,1.9318025
1978-04-20,0.08239598
1978-04-21,10.367135
1978-04-22,0.051411565
1978-04-23,9.010349
1978-04-24,28.835985
1978-04-25,0.7661596
1978-04-26,23.102503
1978-04-27,20.152786
1978-04-28,1.415639
1978-04-29,4.9690495
1978-04-30,16.786102
1978-05-01,0.33433604
1978-05-02,3.9921515
1978-05-03,0.5161461
1978-05-04,15.057687
1978-05-05,7.757635
1978-05-06,0.42811576
1978-05-07,0.44665962
1978-05-08,0.41071257
1978-05-09,1.0599325
1978-05-10,1.5329709
1978-05-11,0.12886849
1978-05-12,25.921175
1978-05-13,8.4176035
1978-05-14,0.07441508
1978-05-15,0.1711248
1978-05-16,1.5597281
1978-05-17,0.004510998
1978-05-18,0.38237068
1978-05-19,0.016938025
1978-05-20,2.77261
1978-05-21,3.3329704
1978-05-22,2.4297838
1978-05-23,12.63764
1978-05-24,23.388094
1978-05-25,5.145817
1978-05-26,1.582857
1978-05-27,18.46556
1978-05-28,0.6923676
1978-05-29,0.07532011
1978-05-30,4.5579243
1978-05-31,1.5058689
1978-06-01,0.6697743
1978-06-02,0.10479432
1978-06-03,2.7946072
1978-06-04,0.084893554
1978-06-05,4.9231124
1978-06-06,0.10869793
1978-06-07,4.6716537
1978-06-08,0.00475448
1978-06-09,0.0027875504
1978-06-10,3.015386
1978-06-11,2.0533695
1978-06-12,0.0899723
1978-06-13,0.7824284
1978-06-14,10.997438
1978-06-15,0.01805525
1978-06-16,0.0016731843
1978-06-17,4.4139233
1978-06-18,4.430073
1978-06-19,13.788527
1978-06-20,22.038689
1978-06-21,2.2198942
1978-06-22,2.1468163
1978-06-23,1.1229306
1978-06-24,2.2415688
1978-06-25,0.0018181147
1978-06-26,0.2629572
1978-06-27,0.067760184
1978-06-28,2.411276
1978-06-29,1.6192102
1978-06-30,22.698172
1978-07-01,0.12940955
1978-07-02,0.049659047
1978-07-03,5.023511
1978-07-04,0.43326434
1978-07-05,5.569541
1978-07-06,2.7906156
1978-07-07,2.8053398
1978-07-08,6.5999126
1978-07-09,0.9815908
1978-07-10,1.6507175
1978-07-11,1.3920089
1978-07-12,0.0
1978-07-13,0.4743752
1978-07-14,2.2105153
1978-07-15,3.6367307
1978-07-16,0.03249802
1978-07-17,1.3861253
1978-07-18,5.3823586
1978-07-19,2.9333253
1978-07-20,5.9527006
1978-07-21,11.002552
1978-07-22,0.0077223703
1978-07-23,0.1536694
1978-07-24,0.22641413
1978-07-25,0.0079362765
1978-07-26,0.0061255856
1978-07-27,0.8346814
1978-07-28,0.57896304
1978-07-29,0.28832254
1978-07-30,0.0010126344
1978-07-31,0.07229176
1978-08-01,0.53694797
1978-08-02,0.40592322
1978-08-03,1.5273613
1978-08-04,4.837779
1978-08-05,0.80332345
1978-08-06,0.24012986
1978-08-07,0.19918647
1978-08-08,0.20416293
1978-08-09,0.020103244
1978-08-10,0.0020375263
1978-08-11,5.563722
1978-08-12,1.5459983
1978-08-13,0.83379525
1978-08-14,0.7232876
1978-08-15,11.076993
1978-08-16,3.0021641
1978-08-17,0.1386569
1978-08-18,1.4332836
1978-08-19,0.4851795
1978-08-20,0.007071288
1978-08-21,0.005967887
1978-08-22,11.074375
1978-08-23,0.91976655
1978-08-24,6.6110992
1978-08-25,10.85469
1978-08-26,3.732624
1978-08-27,4.6327558
1978-08-28,2.0494766
1978-08-29,0.067380056
1978-08-30,2.079017
1978-08-31,0.98419636
1978-09-01,16.999212
1978-09-02,13.36908
1978-09-03,6.4395747
1978-09-04,0.10133117
1978-09-05,0.002658296
1978-09-06,0.0
1978-09-07,0.09322104
1978-09-08,9.034861
1978-09-09,20.347664
1978-09-10,7.5041475
1978-09-11,11.860283
1978-09-12,9.9512205
1978-09-13,2.2058706
1978-09-14,1.0552261
1978-09-15,7.13317
1978-09-16,0.18856795
1978-09-17,9.078428e-06
1978-09-18,0.0034264715
1978-09-19,0.09242722
1978-09-20,0.30455413
1978-09-21,20.907663
1978-09-22,1.9561735
1978-09-23,0.40663654
1978-09-24,1.7319031
1978-09-25,2.2034771
1978-09-26,0.18900053
1978-09-27,0.23951343
1978-09-28,0.0014231635
1978-09-29,0.21967606
1978-09-30,0.1702407
1978-10-01,2.2783475
1978-10-02,2.5324562
1978-10-03,14.0232
1978-10-04,27.982035
1978-10-05,2.497765
1978-10-06,0.007832297
1978-10-07,3.266484
1978-10-08,11.974529
1978-10-09,1.4287362
1978-10-10,2.703942
1978-10-11,1.4801857
1978-10-12,2.9689243
1978-10-13,0.42275658
1978-10-14,0.0030700283
1978-10-15,0.33214232
1978-10-16,6.580277
1978-10-17,0.22457543
1978-10-18,0.4782292
1978-10-19,10.780715
1978-10-20,27.88125
1978-10-21,4.4966125
1978-10-22,0.15144815
1978-10-23,0.0350284
1978-10-24,3.6490307
1978-10-25,7.0376234
1978-10-26,5.851333
1978-10-27,0.24151137
1978-10-28,0.04888139
1978-10-29,0.22499289
1978-10-30,0.17268609
1978-10-31,2.5202167
1978-11-01,2.548013
1978-11-02,3.4164312
1978-11-03,29.19866
1978-11-04,1.1389513
1978-11-05,0.055731885
1978-11-06,1.29361
1978-11-07,3.0312383
1978-11-08,18.611427
1978-11-09,2.3037825
1978-11-10,0.045455735
1978-11-11,0.5069687
1978-11-12,0.0
1978-11-13,19.50729
1978-11-14,9.975127
1978-11-15,0.10484927
1978-11-16,0.0050198897
1978-11-17,1.5263519
1978-11-18,0.2951677
1978-11-19,0.31755465
1978-11-20,1.0608444
1978-11-21,5.1327405
1978-11-22,0.23603153
1978-11-23,0.18474877
1978-11-24,0.013786444
1978-11-25,0.0
1978-11-26,3.418776
1978-11-27,9.149843
1978-11-28,4.8944683
1978-11-29,0.53969944
1978-11-30,1.0513422
1978-12-01,0.053275816
1978-12-02,0.0
1978-12-03,8.759111
1978-12-04,5.7645802
1978-12-05,2.3032951
1978-12-06,0.6518143
1978-12-07,0.069364786
1978-12-08,15.669525
1978-12-09,4.335608
1978-12-10,1.1701543
1978-12-11,5.200169
1978-12-12,7.954011
1978-12-13,7.444392
1978-12-14,0.029232047
1978-12-15,8.295878
1978-12-16,0.20312409
1978-12-17,0.061124966
1978-12-18,2.2018104
1978-12-19,0.0051289317
1978-12-20,17.625536
1978-12-21,10.531402
1978-12-22,6.5477624
1978-12-23,0.053899538
1978-12-24,0.00054241734
1978-12-25,0.09772767
1978-12-26,11.936237
1978-12-27,39.784595
1978-12-28,4.416061
1978-12-29,10.698423
1978-12-30,1.696428
1978-12-31,0.12402298
1979-01-01,0.26503447
1979-01-02,6.217403
1979-01-03,2.8499591
1979-01-04,1.273098
1979-01-05,0.4653155
1979-01-06,0.010409871
1979-01-07,0.0035505213
1979-01-08,1.1652163
1979-01-09,6.524695
1979-01-10,11.622211
1979-01-11,4.3012886
1979-01-12,1.838436
1979-01-13,3.155838
1979-01-14,1.3298216
1979-01-15,1.1525326
1979-01-16,0.015038453
1979-01-17,0.0
1979-01-18,4.2860355
1979-01-19,6.605529
1979-01-20,0.5074833
1979-01-21,6.082114
1979-01-22,0.21519403
1979-01-23,0.28613177
1979-01-24,0.2556185
1979-01-25,0.2658106
1979-01-26,9.663025
1979-01-27,0.009200944
1979-01-28,1.809762
1979-01-29,0.92034453
1979-01-30,0.50518495
1979-01-31,5.815306
1979-02-01,0.81112117
1979-02-02,4.720825
1979-02-03,1.0562403
1979-02-04,0.03007201
1979-02-05,0.0049990914
1979-02-06,0.20653537
1979-02-07,0.11315434
1979-02-08,0.16259344
1979-02-09,1.6139365
1979-02-10,0.6302757
1979-02-11,0.0
1979-02-12,2.37155
1979-02-13,1.4494243
1979-02-14,0.08047466
1979-02-15,0.0
1979-02-16,0.17340043
1979-02-17,0.013176659
1979-02-18,0.006047097
1979-02-19,0.0005288534
1979-02-20,0.0
1979-02-21,0.08290188
1979-02-22,9.993086
1979-02-23,12.400665
1979-02-24,0.03318231
1979-02-25,0.0
1979-02-26,0.0059418753
1979-02-27,0.0035287214
1979-02-28,1.15182
1979-03-01,1.1438102
1979-03-02,12.672181
1979-03-03,0.19637416
1979-03-04,0.15109815
1979-03-05,0.05544155
1979-03-06,0.011347529
1979-03-07,0.0
1979-03-08,0.0
1979-03-09,3.48897
1979-03-10,0.4469079
1979-03-11,2.9520085
1979-03-12,0.35205203
1979-03-13,3.2044654
1979-03-14,0.16593193
1979-03-15,2.6630971
1979-03-16,3.5932472
1979-03-17,0.8020913
1979-03-18,2.1555843
1979-03-19,2.4589942
1979-03-20,0.1798573
1979-03-21,4.6976156
1979-03-22,0.09951712
1979-03-23,1.6635817
1979-03-24,0.34771106
1979-03-25,1.3777653
1979-03-26,1.2871687
1979-03-27,13.042236
1979-03-28,7.010573
1979-03-29,0.97313666
1979-03-30,1.1742831
1979-03-31,0.555046
1979-04-01,1.3656188
1979-04-02,0.87019205
1979-04-03,0.7840034
1979-04-04,0.535215
1979-04-05,0.002832528
1979-04-06,0.0065635424
1979-04-07,0.75798905
1979-04-08,3.1962335
1979-04-09,3.4051185
1979-04-10,14.334619
1979-04-11,2.3020139
1979-04-12,0.4424328
1979-04-13,1.3575964
1979-04-14,0.05186555
1979-04-15,0.0
1979-04-16,0.04028681
1979-04-17,6.2892084
1979-04-18,0.11631979
1979-04-19,0.03912441
1979-04-20,0.00016231487
1979-04-21,5.930536
1979-04-22,5.3668914
1979-04-23,17.658491
1979-04-24,15.026577
1979-04-25,1.8917061
1979-04-26,4.6076846
1979-04-27,0.15596919
1979-04-28,0.5858933
1979-04-29,0.16506433
1979-04-30,8.9798355
1979-05-01,1.8825231
1979-05-02,0.9690013
1979-05-03,6.192664
1979-05-04,0.8211538
1979-05-05,0.4378006
1979-05-06,10.282049
1979-05-07,7.155801
1979-05-08,2.3694243
1979-05-09,2.198106
1979-05-10,0.8110113
1979-05-11,0.54273754
1979-05-12,2.619874
1979-05-13,3.7999077
1979-05-14,0.3488401
1979-05-15,0.00015397777
1979-05-16,6.73496
1979-05-17,8.246221
1979-05-18,6.9573035
1979-05-19,0.008830504
1979-05-20,0.07375464
1979-05-21,3.126642
1979-05-22,0.7883036
1979-05-23,0.009666704
1979-05-24,1.3766844
1979-05-25,9.583833
1979-05-26,3.8966506
1979-05-27,0.003166519
1979-05-28,4.8735785
1979-05-29,0.13958798
1979-05-30,0.01698476
1979-05-31,0.009043628
1979-06-01,1.0881608
1979-06-02,0.79544777
1979-06-03,2.8259912
1979-06-04,0.02478003
1979-06-05,0.3311015
1979-06-06,11.49165
1979-06-07,1.684367
1979-06-08,5.4686503
1979-06-09,4.3711066
1979-06-10,3.00758
1979-06-11,2.6807966
1979-06-12,2.1153464
1979-06-13,3.13288
1979-06-14,0.95246714
1979-06-15,2.824678
1979-06-16,0.14880534
1979-06-17,0.008716586
1979-06-18,0.42939752
1979-06-19,3.1691804
1979-06-20,6.0879164
1979-06-21,2.552307
1979-06-22,20.271395
1979-06-23,0.06134786
1979-06-24,1.4468745
1979-06-25,5.15444
1979-06-26,12.200405
1979-06-27,17.64145
1979-06-28,1.0215333
1979-06-29,0.09418542
1979-06-30,2.2279103
1979-07-01,4.2777815
1979-07-02,3.6594467
1979-07-03,9.419535
1979-07-04,5.7915907
1979-07-05,3.0962584
1979-07-06,0.046474114
1979-07-07,0.034462426
1979-07-08,12.222936
1979-07-09,4.1444216
1979-07-10,2.861029
1979-07-11,0.27366263
1979-07-12,0.31629184
1979-07-13,0.08506262
1979-07-14,0.23372304
1979-07-15,10.031596
1979-07-16,5.4827986
1979-07-17,2.1521497
1979-07-18,6.7539754
1979-07-19,8.538214
1979-07-20,0.031727854
1979-07-21,1.5096104
1979-07-22,0.44952887
1979-07-23,14.56216
1979-07-24,20.759909
1979-07-25,5.5040255
1979-07-26,1.3054544
1979-07-27,8.245028
1979-07-28,10.992087
1979-07-29,0.124104545
1979-07-30,6.3676896
1979-07-31,6.3649807
1979-08-01,0.1956856
1979-08-02,2.0584269
1979-08-03,0.9665308
1979-08-04,0.9119598
1979-08-05,0.15334326
1979-08-06,11.470317
1979-08-07,0.5543179
1979-08-08,5.815768
1979-08-09,6.1140094
1979-08-10,8.917648
1979-08-11,0.001220669
1979-08-12,0.038164433
1979-08-13,0.5780062
1979-08-14,0.94051695
1979-08-15,10.55064
1979-08-16,0.9870021
1979-08-17,0.8011022
1979-08-18,0.6674115
1979-08-19,1.2579817
1979-08-20,1.1720444
1979-08-21,0.5361737
1979-08-22,0.29143602
1979-08-23,0.24979289
1979-08-24,0.651044
1979-08-25,1.5734427
1979-08-26,1.5288748
1979-08-27,0.5034395
1979-08-28,0.1718267
1979-08-29,1.8476646
1979-08-30,14.577144
1979-08-31,0.08870198
1979-09-01,0.13114113
1979-09-02,6.3657246
1979-09-03,0.018486587
1979-09-04,0.0
1979-09-05,0.0006187381
1979-09-06,0.21933651
1979-09-07,0.19491705
1979-09-08,0.0014037729
1979-09-09,4.5458713
1979-09-10,11.246769
1979-09-11,3.250628
1979-09-12,0.33062014
1979-09-13,0.36444363
1979-09-14,1.8928868
1979-09-15,0.6168103
1979-09-16,0.0032563317
1979-09-17,0.043799974
1979-09-18,0.0071317917
1979-09-19,0.0015624805
1979-09-20,0.0
1979-09-21,1.9940288
1979-09-22,0.077200085
1979-09-23,0.0
1979-09-24,0.06946436
1979-09-25,0.256254
1979-09-26,0.9461929
1979-09-27,0.18221816
1979-09-28,0.34258762
1979-09-29,0.107912675
1979-09-30,0.009462594
1979-10-01,0.0
1979-10-02,0.00053802447
1979-10-03,3.0139592
1979-10-04,1.2261403
1979-10-05,4.070416
1979-10-06,10.325113
1979-10-07,0.0457294
1979-10-08,0.03624381
1979-10-09,1.6734589
1979-10-10,0.055637214
1979-10-11,0.7571064
1979-10-12,0.0
1979-10-13,0.00048906554
1979-10-14,1.6536647
1979-10-15,0.030868046
1979-10-16,0.60396826
1979-10-17,33.089314
1979-10-18,0.8465291
1979-10-19,0.46904948
1979-10-20,28.589579
1979-10-21,0.29196572
1979-10-22,0.92641014
1979-10-23,0.9408783
1979-10-24,0.0
1979-10-25,0.0060687093
1979-10-26,0.08062796
1979-10-27,1.2729736e-05
1979-10-28,0.07558508
1979-10-29,1.4653959
1979-10-30,0.02036469
1979-10-31,4.060581
1979-11-01,4.5627637
1979-11-02,0.1412605
1979-11-03,0.23183832
1979-11-04,0.0
1979-11-05,0.20957385
1979-11-06,5.735565
1979-11-07,25.710297
1979-11-08,0.28970918
1979-11-09,2.1772532
1979-11-10,19.800035
1979-11-11,0.9473608
1979-11-12,0.13042025
1979-11-13,2.590264
1979-11-14,2.3894458
1979-11-15,8.279893
1979-11-16,25.465359
1979-11-17,31.829124
1979-11-18,0.6179825
1979-11-19,0.0037494674
1979-11-20,0.040018406
1979-11-21,0.37778762
1979-11-22,1.9051903
1979-11-23,7.7568855
1979-11-24,11.540886
1979-11-25,0.41755494
1979-11-26,12.398919
1979-11-27,0.058319688
1979-11-28,0.40888342
1979-11-29,0.08736658
1979-11-30,13.198179
1979-12-01,0.29405454
1979-12-02,25.146242
1979-12-03,14.500824
1979-12-04,2.466865
1979-12-05,0.067558914
1979-12-06,19.57751
1979-12-07,6.402165
1979-12-08,0.14516309
1979-12-09,23.10505
1979-12-10,3.945061
1979-12-11,0.24740188
1979-12-12,5.6805773
1979-12-13,39.141853
1979-12-14,4.726629
1979-12-15,0.021756196
1979-12-16,1.2001289
1979-12-17,0.25305113
1979-12-18,20.53441
1979-12-19,13.773112
1979-12-20,1.6938777
1979-12-21,1.6791767
1979-12-22,0.56655353
1979-12-23,8.740274
1979-12-24,3.3309472
1979-12-25,3.7173376
1979-12-26,1.2246908
1979-12-27,3.0431583
1979-12-28,2.602197
1979-12-29,1.9667189
1979-12-30,1.4133159
1979-12-31,4.693333
1980-01-01,4.9467
1980-01-02,8.182547
1980-01-03,0.10085038
1980-01-04,3.313064
1980-01-05,1.137415
1980-01-06,14.828012
1980-01-07,10.661194
1980-01-08,0.8951391
1980-01-09,0.43438715
1980-01-10,0.74660337
1980-01-11,0.14193876
1980-01-12,6.1413364
1980-01-13,4.610703
1980-01-14,4.5902643
1980-01-15,0.64621925
1980-01-16,1.2837222
1980-01-17,0.49452597
1980-01-18,0.6214721
1980-01-19,0.13267069
1980-01-20,0.11635612
1980-01-21,0.4066573
1980-01-22,0.6682492
1980-01-23,1.0051823
1980-01-24,2.8984604
1980-01-25,3.0443647
1980-01-26,26.508131
1980-01-27,7.353995
1980-01-28,0.335252
1980-01-29,0.15843408
1980-01-30,4.9973054
1980-01-31,13.877867
1980-02-01,24.407791
1980-02-02,0.54999936
1980-02-03,7.1763554
1980-02-04,17.139664
1980-02-05,0.113350846
1980-02-06,8.764905
1980-02-07,3.6911075
1980-02-08,0.11569837
1980-02-09,0.073241375
1980-02-10,0.1492082
1980-02-11,0.104040734
1980-02-12,2.3542883
1980-02-13,0.30825186
1980-02-14,0.1591934
1980-02-15,0.04465843
1980-02-16,6.6590514
1980-02-17,1.5998497
1980-02-18,28.995453
1980-02-19,0.42596847
1980-02-20,0.0082896575
1980-02-21,7.2180433
1980-02-22,0.5411708
1980-02-23,2.1945333
1980-02-24,35.76848
1980-02-25,1.7051599
1980-02-26,0.33377153
1980-02-27,1.4905581
1980-02-28,0.5105077
1980-03-01,0.0033180478
1980-03-02,8.455539
1980-03-03,14.1554
1980-03-04,0.7909036
1980-03-05,22.219194
1980-03-06,9.629487
1980-03-07,0.07208296
1980-03-08,0.77412283
1980-03-09,0.0
1980-03-10,0.4136222
1980-03-11,10.56194
1980-03-12,4.837055
1980-03-13,1.2884445
1980-03-14,0.8506639
1980-03-15,0.14526191
1980-03-16,0.0036169074
1980-03-17,0.068592794
1980-03-18,7.245027
1980-03-19,5.5819783
1980-03-20,0.1676199
1980-03-21,0.30345798
1980-03-22,0.3434244
1980-03-23,2.808888
1980-03-24,18.382273
1980-03-25,0.0024176773
1980-03-26,16.569258
1980-03-27,16.636803
1980-03-28,0.7987754
1980-03-29,0.5702164
1980-03-30,0.046136875
1980-03-31,0.2453469
1980-04-01,1.4626245
1980-04-02,3.114095
1980-04-03,2.5552976
1980-04-04,0.0060597067
1980-04-05,1.6149249
1980-04-06,0.1366061
1980-04-07,0.3016715
1980-04-08,10.321507
1980-04-09,13.90694
1980-04-10,0.6886313
1980-04-11,0.03583199
1980-04-12,0.008808512
1980-04-13,0.14010547
1980-04-14,0.38951904
1980-04-15,0.77930623
1980-04-16,1.0357863
1980-04-17,1.0331135
1980-04-18,1.0212017
1980-04-19,0.84555036
1980-04-20,0.082002595
1980-04-21,0.0010460739
1980-04-22,0.28788063
1980-04-23,2.7113206
1980-04-24,4.724672
1980-04-25,0.9674297
1980-04-26,0.047075365
1980-04-27,8.455606
1980-04-28,1.4128898
1980-04-29,0.02186036
1980-04-30,0.79034877
1980-05-01,1.3746256
1980-05-02,6.3030343
1980-05-03,2.4066105
1980-05-04,0.87324595
1980-05-05,0.85445255
1980-05-06,1.5902623
1980-05-07,1.7843854
1980-05-08,0.11370918
1980-05-09,6.3905168
1980-05-10,12.508346
1980-05-11,1.9868894
1980-05-12,3.6649342
1980-05-13,0.5110431
1980-05-14,0.34012106
1980-05-15,0.020343386
1980-05-16,0.001261874
1980-05-17,0.90248173
1980-05-18,7.7722287
1980-05-19,4.901304
1980-05-20,0.31077144
1980-05-21,20.402607
1980-05-22,1.8965623
1980-05-23,1.5830089
1980-05-24,2.0593083
1980-05-25,2.9045303
1980-05-26,0.7851252
1980-05-27,15.560598
1980-05-28,0.43398035
1980-05-29,1.5254679
1980-05-30,7.18854
1980-05-31,2.7998714
1980-06-01,6.703387
1980-06-02,1.3288437
1980-06-03,0.37009704
1980-06-04,0.3332775
1980-06-05,2.5102742
1980-06-06,9.783112
1980-06-07,3.4573872
1980-06-08,13.299254
1980-06-09,7.8120446
1980-06-10,4.933978
1980-06-11,1.1445221
1980-06-12,13.442352
1980-06-13,10.57818
1980-06-14,1.8633337
1980-06-15,3.631044
1980-06-16,1.9323239
1980-06-17,1.7431271
1980-06-18,1.1718996
1980-06-19,0.49706244
1980-06-20,1.1993783
1980-06-21,1.0590547
1980-06-22,1.1553134
1980-06-23,7.252379
1980-06-24,1.3334467
1980-06-25,0.0055336333
1980-06-26,0.0
1980-06-27,3.7018106
1980-06-28,9.171023
1980-06-29,3.4161158
1980-06-30,15.768803
1980-07-01,27.138172
1980-07-02,3.8559637
1980-07-03,19.291555
1980-07-04,5.2696743
1980-07-05,10.577731
1980-07-06,3.5469337
1980-07-07,3.6322758
1980-07-08,3.8641393
1980-07-09,2.9211352
1980-07-10,0.077824436
1980-07-11,4.9582963
1980-07-12,1.3892468
1980-07-13,0.21303734
1980-07-14,2.6732807
1980-07-15,2.6907594
1980-07-16,0.0021688289
1980-07-17,0.313839
1980-07-18,0.0041568098
1980-07-19,8.709219
1980-07-20,0.152917
1980-07-21,0.0005214267
1980-07-22,0.8729073
1980-07-23,0.29451337
1980-07-24,0.09576991
1980-07-25,2.6476934
1980-07-26,10.527085
1980-07-27,36.80754
1980-07-28,0.28178394
1980-07-29,0.3590295
1980-07-30,2.1362467
1980-07-31,15.65126
1980-08-01,3.5259788
1980-08-02,3.4110734
1980-08-03,2.254817
1980-08-04,2.629439
1980-08-05,0.1513232
1980-08-06,0.38137296
1980-08-07,1.333337
1980-08-08,7.2231026
1980-08-09,1.7856338
1980-08-10,3.4620976
1980-08-11,8.826006
1980-08-12,6.3131948
1980-08-13,0.10857778
1980-08-14,8.2008705
1980-08-15,2.9296355
1980-08-16,0.13355422
1980-08-17,0.000117418356
1980-08-18,0.022154495
1980-08-19,1.2950795
1980-08-20,1.8309815
1980-08-21,0.15989667
1980-08-22,0.6868285
1980-08-23,6.6580453
1980-08-24,0.7676349
1980-08-25,8.426192
1980-08-26,36.381508
1980-08-27,3.1162522
1980-08-28,4.476027
1980-08-29,10.378699
1980-08-30,0.9066783
1980-08-31,0.7382459
1980-09-01,0.21092734
1980-09-02,0.2638633
1980-09-03,1.0624219
1980-09-04,26.59005
1980-09-05,22.530027
1980-09-06,5.1458483
1980-09-07,2.0031426
1980-09-08,3.844069
1980-09-09,0.0
1980-09-10,0.7762712
1980-09-11,1.6881143
1980-09-12,3.939898
1980-09-13,8.657939
1980-09-14,0.9674239
1980-09-15,15.913964
1980-09-16,0.64932764
1980-09-17,1.4416051
1980-09-18,0.10191189
1980-09-19,0.8975085
1980-09-20,21.200077
1980-09-21,5.552048
1980-09-22,1.0601561
1980-09-23,1.4466325
1980-09-24,0.34593272
1980-09-25,0.0
1980-09-26,0.049755163
1980-09-27,0.012055335
1980-09-28,0.009570075
1980-09-29,6.943288
1980-09-30,6.2241483
1980-10-01,0.010258093
1980-10-02,0.0008170099
1980-10-03,24.558819
1980-10-04,1.5153681
1980-10-05,0.23348027
1980-10-06,0.1745792
1980-10-07,0.00023138463
1980-10-08,1.4063096
1980-10-09,1.1520741
1980-10-10,0.0
1980-10-11,0.0
1980-10-12,3.2870474e-05
1980-10-13,0.0
1980-10-14,0.003243653
1980-10-15,1.5454668
1980-10-16,37.51933
1980-10-17,2.3207397
1980-10-18,0.0
1980-10-19,0.00052621803
1980-10-20,0.093297936
1980-10-21,15.786569
1980-10-22,12.310727
1980-10-23,3.3886502
1980-10-24,0.00057493336
1980-10-25,5.1033463
1980-10-26,1.8130891
1980-10-27,3.507107
1980-10-28,6.278269
1980-10-29,0.00011719969
1980-10-30,0.0133501515
1980-10-31,0.0
1980-11-01,0.004814457
1980-11-02,0.34509456
1980-11-03,0.0
1980-11-04,2.8863845
1980-11-05,0.0
1980-11-06,16.154375
1980-11-07,0.19487785
1980-11-08,0.10187478
1980-11-09,0.0
1980-11-10,19.016632
1980-11-11,1.088983
1980-11-12,6.7893567
1980-11-13,0.09431758
1980-11-14,0.024872635
1980-11-15,16.099178
1980-11-16,9.073747
1980-11-17,0.13320985
1980-11-18,3.7112162
1980-11-19,2.9688053
1980-11-20,0.15496466
1980-11-21,2.8390188
1980-11-22,0.3466043
1980-11-23,0.002612019
1980-11-24,0.12166925
1980-11-25,4.967098
1980-11-26,0.84351635
1980-11-27,0.030297818
1980-11-28,16.332012
1980-11-29,16.801804
1980-11-30,13.26928
1980-12-01,1.0799015
1980-12-02,14.124004
1980-12-03,0.8409945
1980-12-04,3.5577738
1980-12-05,8.200614
1980-12-06,0.0041292044
1980-12-07,0.0033030747
1980-12-08,10.968096
1980-12-09,2.374108
1980-12-10,0.8573182
1980-12-11,6.097469
1980-12-12,9.58751
1980-12-13,1.8235613
1980-12-14,1.6765335
1980-12-15,4.0910406
1980-12-16,1.1521482
1980-12-17,0.3624729
1980-12-18,0.9333597
1980-12-19,0.118265696
1980-12-20,0.23103705
1980-12-21,0.12844658
1980-12-22,20.141214
1980-12-23,0.548355
1980-12-24,0.0021485656
1980-12-25,2.6240647
1980-12-26,11.049987
1980-12-27,2.0431485
1980-12-28,0.8457451
1980-12-29,1.8056524
1980-12-30,0.5687668
1980-12-31,0.0
1981-01-01,0.31629598
1981-01-02,0.0
1981-01-03,0.025020866
1981-01-04,0.2857321
1981-01-05,1.5040001
1981-01-06,0.18297847
1981-01-07,0.0069011585
1981-01-08,0.028191755
1981-01-09,0.020127311
1981-01-10,0.27133077
1981-01-11,32.89305
1981-01-12,1.3822958
1981-01-13,0.27583894
1981-01-14,0.0038544748
1981-01-15,0.12441106
1981-01-16,0.036282804
1981-01-17,0.37931556
1981-01-18,0.0
1981-01-19,1.7394356
1981-01-20,11.524607
1981-01-21,1.7364182
1981-01-22,1.0102911
1981-01-23,0.6243193
1981-01-24,7.741864
1981-01-25,0.9145199
1981-01-26,0.687549
1981-01-27,0.14749013
1981-01-28,0.0352018
1981-01-29,0.022270229
1981-01-30,0.0
1981-01-31,0.0
1981-02-01,0.061398663
1981-02-02,1.1408644
1981-02-03,0.016898103
1981-02-04,0.67439055
1981-02-05,2.3559074
1981-02-06,4.185913
1981-02-07,0.27065697
1981-02-08,0.8191852
1981-02-09,0.30081466
1981-02-10,3.7874568
1981-02-11,3.8660007
1981-02-12,2.439321
1981-02-13,0.17501241
1981-02-14,2.685329
1981-02-15,0.0
1981-02-16,0.6340954
1981-02-17,1.2727365
1981-02-18,2.945899
1981-02-19,0.78104925
1981-02-20,0.16152655
1981-02-21,0.01152497
1981-02-22,0.21634641
1981-02-23,0.45885596
1981-02-24,1.5853573
1981-02-25,0.40103757
1981-02-26,6.397898
1981-02-27,0.120739095
1981-02-28,0.61134046
1981-03-01,0.19790636
1981-03-02,6.269731
1981-03-03,0.16065936
1981-03-04,1.5897557
1981-03-05,1.249981
1981-03-06,0.40984073
1981-03-07,1.1849295
1981-03-08,0.7370998
1981-03-09,0.0046822503
1981-03-10,2.092348
1981-03-11,14.6319475
1981-03-12,24.264853
1981-03-13,0.39148876
1981-03-14,0.079268105
1981-03-15,0.028051341
1981-03-16,4.7402506
1981-03-17,0.27614552
1981-03-18,0.49610144
1981-03-19,9.7987
1981-03-20,1.2431041
1981-03-21,0.006870764
1981-03-22,0.69607735
1981-03-23,22.222689
1981-03-24,10.881726
1981-03-25,0.20650421
1981-03-26,4.3233232
1981-03-27,0.29573086
1981-03-28,5.0973907
1981-03-29,1.7169986
1981-03-30,20.597418
1981-03-31,26.978336
1981-04-01,2.7486413
1981-04-02,0.04152379
1981-04-03,0.056299727
1981-04-04,7.1670256
1981-04-05,5.27189
1981-04-06,2.088223
1981-04-07,3.746216
1981-04-08,0.23917903
1981-04-09,0.0
1981-04-10,0.0032939883
1981-04-11,7.507242
1981-04-12,1.9895227
1981-04-13,2.6513813
1981-04-14,9.2850895
1981-04-15,0.70764923
1981-04-16,0.0019940247
1981-04-17,6.8164525
1981-04-18,4.9567757
1981-04-19,13.219575
1981-04-20,1.0402398
1981-04-21,0.03482275
1981-04-22,0.6484976
1981-04-23,22.60574
1981-04-24,2.0807154
1981-04-25,0.0029582349
1981-04-26,0.004199378
1981-04-27,2.202041
1981-04-28,0.9626652
1981-04-29,0.46135595
1981-04-30,1.0568153
1981-05-01,2.3190691
1981-05-02,2.4280305
1981-05-03,2.7381563
1981-05-04,0.90362185
1981-05-05,4.245853
1981-05-06,12.10573
1981-05-07,2.1887608
1981-05-08,2.7076485
1981-05-09,4.3668437
1981-05-10,3.0558121
1981-05-11,17.019958
1981-05-12,8.073312
1981-05-13,5.930291
1981-05-14,0.42426577
1981-05-15,0.0936328
1981-05-16,0.003762637
1981-05-17,0.0
1981-05-18,0.034616426
1981-05-19,0.05144247
1981-05-20,2.183251
1981-05-21,8.891717
1981-05-22,10.234748
1981-05-23,1.9821463
1981-05-24,0.14522961
1981-05-25,0.20511656
1981-05-26,0.0
1981-05-27,0.00011159786
1981-05-28,2.8342175
1981-05-29,1.2085254
1981-05-30,2.538434
1981-05-31,5.2102227
1981-06-01,0.08213349
1981-06-02,0.0046487763
1981-06-03,0.007873596
1981-06-04,5.084321
1981-06-05,1.1208465
1981-06-06,0.09359959
1981-06-07,1.0978032
1981-06-08,0.059619773
1981-06-09,0.026164178
1981-06-10,0.47032422
1981-06-11,1.0745957
1981-06-12,0.002292979
1981-06-13,1.3613058
1981-06-14,5.257023
1981-06-15,0.52998984
1981-06-16,0.0083338
1981-06-17,3.0963745
1981-06-18,0.17060448
1981-06-19,0.005910229
1981-06-20,2.0083299
1981-06-21,7.347538
1981-06-22,3.9852073
1981-06-23,2.1098976
1981-06-24,0.5186651
1981-06-25,0.19901961
1981-06-26,0.606498
1981-06-27,0.06787482
1981-06-28,0.44590104
1981-06-29,30.835533
1981-06-30,5.5097933
1981-07-01,0.9178097
1981-07-02,0.58188945
1981-07-03,1.581905
1981-07-04,0.06513333
1981-07-05,0.3291098
1981-07-06,1.3908927
1981-07-07,2.314669
1981-07-08,5.3244324
1981-07-09,0.04860172
1981-07-10,0.14564818
1981-07-11,1.2325686
1981-07-12,0.8448788
1981-07-13,7.2341566
1981-07-14,0.30331665
1981-07-15,0.008619397
1981-07-16,16.449018
1981-07-17,7.1040554
1981-07-18,1.4864451
1981-07-19,2.5298538
1981-07-20,1.2772176
1981-07-21,1.0003282
1981-07-22,3.2691925
1981-07-23,7.4908714
1981-07-24,4.5917993
1981-07-25,0.8654597
1981-07-26,1.5052755
1981-07-27,0.20826885
1981-07-28,0.09606204
1981-07-29,0.022268593
1981-07-30,4.9151254
1981-07-31,0.18025061
1981-08-01,7.640432e-05
1981-08-02,0.9437687
1981-08-03,0.069520295
1981-08-04,0.5194803
1981-08-05,3.502308
1981-08-06,9.132161
1981-08-07,2.0906835
1981-08-08,2.839482
1981-08-09,1.5121088
1981-08-10,1.9427638
1981-08-11,2.0461338
1981-08-12,1.6240239
1981-08-13,0.32358557
1981-08-14,1.0539547
1981-08-15,3.361262
1981-08-16,10.926778
1981-08-17,0.81190044
1981-08-18,18.898687
1981-08-19,2.43025
1981-08-20,0.0012075154
1981-08-21,0.017265366
1981-08-22,0.11260208
1981-08-23,0.039875124
1981-08-24,6.515045
1981-08-25,3.8879504
1981-08-26,5.3085985
1981-08-27,4.0303783
1981-08-28,3.9953194
1981-08-29,4.633607
1981-08-30,5.6668057
1981-08-31,3.0705304
1981-09-01,5.4689083
1981-09-02,1.5392718
1981-09-03,0.13831586
1981-09-04,0.74049956
1981-09-05,11.3094425
1981-09-06,23.0829
1981-09-07,1.6920276
1981-09-08,4.2049837
1981-09-09,1.0773245
1981-09-10,0.7179381
1981-09-11,0.0011853302
1981-09-12,0.65633553
1981-09-13,25.590073
1981-09-14,4.6314583
1981-09-15,6.3807893
1981-09-16,0.5465191
1981-09-17,0.059039444
1981-09-18,0.31781173
1981-09-19,0.6877884
1981-09-20,1.2823095
1981-09-21,1.9711748
1981-09-22,14.934824
1981-09-23,32.073475
1981-09-24,0.15401576
1981-09-25,0.00016227149
1981-09-26,5.042308
1981-09-27,1.2299347
1981-09-28,0.46592003
1981-09-29,0.30206013
1981-09-30,0.0
1981-10-01,0.0013496614
1981-10-02,0.042971104
1981-10-03,1.3181942
1981-10-04,10.756515
1981-10-05,2.4657278
1981-10-06,3.651952
1981-10-07,0.25864318
1981-10-08,0.046625715
1981-10-09,0.0020805434
1981-10-10,5.184731
1981-10-11,18.260935
1981-10-12,0.38163474
1981-10-13,0.69720787
1981-10-14,0.56732637
1981-10-15,35.122814
1981-10-16,0.008309307
1981-10-17,3.8333972
1981-10-18,4.991724
1981-10-19,0.11332748
1981-10-20,0.011643174
1981-10-21,6.0056744
1981-10-22,2.6777747
1981-10-23,0.0
1981-10-24,0.0012996123
1981-10-25,1.0197425
1981-10-26,4.1619005
1981-10-27,15.979771
1981-10-28,36.448536
1981-10-29,5.099783
1981-10-30,0.52299243
1981-10-31,0.61925685
1981-11-01,0.77222645
1981-11-02,0.19059691
1981-11-03,5.025153
1981-11-04,1.3029017
1981-11-05,1.7075146
1981-11-06,0.7389029
1981-11-07,0.26155585
1981-11-08,1.0961281
1981-11-09,1.6711977
1981-11-10,3.314931
1981-11-11,22.691921
1981-11-12,0.021801544
1981-11-13,0.0027239544
1981-11-14,0.08865134
1981-11-15,4.716344
1981-11-16,0.10334593
1981-11-17,6.049772
1981-11-18,8.785099
1981-11-19,0.3750079
1981-11-20,0.0031874636
1981-11-21,4.367932
1981-11-22,0.9878678
1981-11-23,0.19238181
1981-11-24,0.8003088
1981-11-25,0.0013163508
1981-11-26,0.0
1981-11-27,28.341873
1981-11-28,2.123904
1981-11-29,12.243146
1981-11-30,6.040687
1981-12-01,7.296538
1981-12-02,2.0619988
1981-12-03,0.4292799
1981-12-04,0.013849078
1981-12-05,0.29459316
1981-12-06,0.9399516
1981-12-07,0.0032824147
1981-12-08,1.5382787
1981-12-09,3.8424568
1981-12-10,26.864717
1981-12-11,0.04416356
1981-12-12,7.653904
1981-12-13,0.0501932
1981-12-14,5.1910563
1981-12-15,0.65230197
1981-12-16,19.365002
1981-12-17,2.5069587
1981-12-18,0.4420595
1981-12-19,0.0023179667
1981-12-20,15.10567
1981-12-21,3.4491918
1981-12-22,2.904331
1981-12-23,0.3614306
1981-12-24,6.219233
1981-12-25,2.7828493
1981-12-26,4.2772484
1981-12-27,0.2754934
1981-12-28,0.65115434
1981-12-29,0.43501794
1981-12-30,14.61517
1981-12-31,9.544827
1982-01-01,1.7231029
1982-01-02,0.6184202
1982-01-03,9.573573
1982-01-04,10.869833
1982-01-05,2.741688
1982-01-06,1.5572357
1982-01-07,0.23036265
1982-01-08,8.801287
1982-01-09,19.586542
1982-01-10,0.0
1982-01-11,0.0
1982-01-12,0.102951445
1982-01-13,6.644063
1982-01-14,0.066022344
1982-01-15,0.10822799
1982-01-16,23.556244
1982-01-17,0.6037428
1982-01-18,0.15300849
1982-01-19,0.0
1982-01-20,0.1966196
1982-01-21,0.6905264
1982-01-22,0.50692344
1982-01-23,2.5094848
1982-01-24,0.00032641384
1982-01-25,17.87429
1982-01-26,1.9833066
1982-01-27,0.2039248
1982-01-28,13.016719
1982-01-29,4.478885
1982-01-30,0.7371728
1982-01-31,0.73509836
1982-02-01,0.48009816
1982-02-02,0.21718656
1982-02-03,2.0324993
1982-02-04,0.51503575
1982-02-05,8.3495035
1982-02-06,0.9884353
1982-02-07,0.6597521
1982-02-08,0.37994474
1982-02-09,0.4601548
1982-02-10,0.3796236
1982-02-11,0.22026074
1982-02-12,0.018261494
1982-02-13,1.0206214
1982-02-14,0.00059630675
1982-02-15,5.122439
1982-02-16,16.117474
1982-02-17,15.028512
1982-02-18,0.5865481
1982-02-19,0.124162965
1982-02-20,0.4709696
1982-02-21,2.2301226
1982-02-22,5.553834
1982-02-23,0.9656577
1982-02-24,0.118478246
1982-02-25,3.685698
1982-02-26,25.971369
1982-02-27,17.013674
1982-02-28,0.22486936
1982-03-01,0.26998004
1982-03-02,1.4594793
1982-03-03,7.939773
1982-03-04,22.365162
1982-03-05,0.4838963
1982-03-06,0.044273045
1982-03-07,0.17164809
1982-03-08,0.048023645
1982-03-09,1.8163518
1982-03-10,0.9783891
1982-03-11,15.930821
1982-03-12,29.690489
1982-03-13,1.0815076
1982-03-14,0.0
1982-03-15,0.0
1982-03-16,0.0
1982-03-17,0.0502216
1982-03-18,0.0
1982-03-19,0.0
1982-03-20,0.7608364
1982-03-21,20.283508
1982-03-22,0.5466916
1982-03-23,0.0047880677
1982-03-24,0.11253868
1982-03-25,0.0018833145
1982-03-26,0.00051746436
1982-03-27,0.0007498856
1982-03-28,0.0003887183
1982-03-29,0.00015579684
1982-03-30,7.354688
1982-03-31,19.324892
1982-04-01,9.064579
1982-04-02,0.8997714
1982-04-03,1.7666216
1982-04-04,0.6384028
1982-04-05,0.24061975
1982-04-06,4.024739
1982-04-07,13.647063
1982-04-08,3.3408077
1982-04-09,0.0019240434
1982-04-10,6.7575192
1982-04-11,7.808411
1982-04-12,0.2962126
1982-04-13,0.1090438
1982-04-14,9.547827
1982-04-15,3.5079486
1982-04-16,0.246666
1982-04-17,0.02294114
1982-04-18,0.2428631
1982-04-19,4.499485
1982-04-20,10.728075
1982-04-21,0.09692496
1982-04-22,0.047020316
1982-04-23,0.0
1982-04-24,0.0
1982-04-25,0.0
1982-04-26,0.0
1982-04-27,0.029763402
1982-04-28,0.0052347346
1982-04-29,0.0
1982-04-30,1.7856685
1982-05-01,0.27623352
1982-05-02,1.1283664
1982-05-03,0.19407561
1982-05-04,5.377369
1982-05-05,0.1658027
1982-05-06,0.0018577876
1982-05-07,5.813119
1982-05-08,0.2567556
1982-05-09,13.595333
1982-05-10,9.968283
1982-05-11,10.578934
1982-05-12,0.028627263
1982-05-13,0.19129638
1982-05-14,4.03112
1982-05-15,6.2021446
1982-05-16,0.23732898
1982-05-17,0.5377722
1982-05-18,6.7592583
1982-05-19,1.821442
1982-05-20,4.445194
1982-05-21,0.15954763
1982-05-22,5.0601254
1982-05-23,2.5360816
1982-05-24,1.814897
1982-05-25,0.32060832
1982-05-26,0.14138521
1982-05-27,1.6905
1982-05-28,23.543993
1982-05-29,4.5848374
1982-05-30,0.9557661
1982-05-31,3.4557323
1982-06-01,1.8929921
1982-06-02,0.57023585
1982-06-03,0.42169398
1982-06-04,0.81071526
1982-06-05,0.051472306
1982-06-06,0.23179166
1982-06-07,3.7308743
1982-06-08,2.3837209
1982-06-09,0.0006431564
1982-06-10,0.14383484
1982-06-11,3.3651438
1982-06-12,1.022855
1982-06-13,0.162014
1982-06-14,2.3613365
1982-06-15,0.702566
1982-06-16,1.6578171
1982-06-17,2.186427
1982-06-18,2.8484287
1982-06-19,2.44688
1982-06-20,0.18594854
1982-06-21,0.17428914
1982-06-22,0.30643794
1982-06-23,0.32993352
1982-06-24,1.1117673
1982-06-25,0.0006598208
1982-06-26,1.6480613
1982-06-27,7.2743244
1982-06-28,14.612959
1982-06-29,2.368264
1982-06-30,7.8651524
1982-07-01,1.9494525
1982-07-02,2.0954227
1982-07-03,2.871845
1982-07-04,1.0212063
1982-07-05,1.4537096
1982-07-06,4.778714
1982-07-07,10.710532
1982-07-08,2.8911948
1982-07-09,3.299982
1982-07-10,0.13356918
1982-07-11,12.724736
1982-07-12,4.4537
1982-07-13,2.7757843
1982-07-14,3.2284012
1982-07-15,0.25997233
1982-07-16,1.5125655
1982-07-17,4.7627525
1982-07-18,1.7528796
1982-07-19,0.019536432
1982-07-20,14.454009
1982-07-21,0.038351618
1982-07-22,2.5597782
1982-07-23,19.861858
1982-07-24,0.00013698282
1982-07-25,0.054797802
1982-07-26,0.12576564
1982-07-27,2.7083285
1982-07-28,0.1591067
1982-07-29,0.022219649
1982-07-30,0.036433674
1982-07-31,1.3298832
1982-08-01,9.900932
1982-08-02,0.0064892764
1982-08-03,0.01442528
1982-08-04,0.05985688
1982-08-05,3.6665382
1982-08-06,6.860961
1982-08-07,2.3621638
1982-08-08,0.70112634
1982-08-09,2.2714937
1982-08-10,0.9387276
1982-08-11,0.15911058
1982-08-12,19.574347
1982-08-13,2.7046795
1982-08-14,0.9753256
1982-08-15,17.103058
1982-08-16,26.154312
1982-08-17,18.007986
1982-08-18,8.010542
1982-08-19,2.1054876
1982-08-20,0.15990937
1982-08-21,0.124275245
1982-08-22,6.757724
1982-08-23,12.943891
1982-08-24,8.612915
1982-08-25,0.32835928
1982-08-26,23.898714
1982-08-27,6.1389976
1982-08-28,17.686184
1982-08-29,1.9734184
1982-08-30,0.043152496
1982-08-31,0.0
1982-09-01,0.44685534
1982-09-02,0.24926789
1982-09-03,0.17071205
1982-09-04,0.0
1982-09-05,0.00042314583
1982-09-06,0.4847542
1982-09-07,0.13783433
1982-09-08,0.6337275
1982-09-09,2.0155773
1982-09-10,0.34907997
1982-09-11,0.45907626
1982-09-12,0.0184242
1982-09-13,0.009027792
1982-09-14,1.3006217
1982-09-15,1.285954
1982-09-16,0.049252566
1982-09-17,11.518295
1982-09-18,5.7295794
1982-09-19,4.92892
1982-09-20,0.105261
1982-09-21,0.029305032
1982-09-22,7.2010098
1982-09-23,26.650066
1982-09-24,14.436664
1982-09-25,0.0047539123
1982-09-26,1.5192946
1982-09-27,16.316614
1982-09-28,5.5203414
1982-09-29,0.1381581
1982-09-30,4.576773
1982-10-01,0.22523317
1982-10-02,0.18741962
1982-10-03,0.010517652
1982-10-04,26.130585
1982-10-05,25.639732
1982-10-06,1.9326798
1982-10-07,0.39557886
1982-10-08,7.0727587
1982-10-09,1.8107132
1982-10-10,21.810354
1982-10-11,5.233994
1982-10-12,0.031562597
1982-10-13,0.0052612647
1982-10-14,17.477907
1982-10-15,1.4703511
1982-10-16,3.8002899
1982-10-17,1.6894443
1982-10-18,4.7262287
1982-10-19,5.199905
1982-10-20,1.061929
1982-10-21,0.33764434
1982-10-22,0.040314753
1982-10-23,0.0013999651
1982-10-24,16.488176
1982-10-25,4.069409
1982-10-26,0.8524923
1982-10-27,1.7271948
1982-10-28,0.06906834
1982-10-29,16.000353
1982-10-30,9.34892
1982-10-31,2.6829984
1982-11-01,0.028666846
1982-11-02,0.0
1982-11-03,7.334436
1982-11-04,20.448885
1982-11-05,0.00095464225
1982-11-06,0.0
1982-11-07,0.31254667
1982-11-08,5.317361
1982-11-09,5.635042
1982-11-10,4.440476
1982-11-11,0.0003397545
1982-11-12,2.9946923
1982-11-13,3.7062502e-05
1982-11-14,14.441857
1982-11-15,13.495732
1982-11-16,0.14958589
1982-11-17,0.0
1982-11-18,4.0386224
1982-11-19,0.60473454
1982-11-20,18.37031
1982-11-21,0.16191472
1982-11-22,0.08316862
1982-11-23,3.156396
1982-11-24,0.023573035
1982-11-25,0.62474835
1982-11-26,2.7492893
1982-11-27,0.6529819
1982-11-28,2.7506008
1982-11-29,0.6227104
1982-11-30,0.7517427
1982-12-01,0.00029388707
1982-12-02,0.0
1982-12-03,0.06171411
1982-12-04,14.825748
1982-12-05,29.485796
1982-12-06,0.13497195
1982-12-07,0.2610459
1982-12-08,10.00209
1982-12-09,0.05956417
1982-12-10,2.795361
1982-12-11,0.38849595
1982-12-12,0.58152544
1982-12-13,2.422279
1982-12-14,0.031735566
1982-12-15,0.7572338
1982-12-16,0.5911691
1982-12-17,3.74741
1982-12-18,36.81374
1982-12-19,6.44888
1982-12-20,0.43063623
1982-12-21,0.024196172
1982-12-22,0.5492339
1982-12-23,0.40198964
1982-12-24,0.4612456
1982-12-25,8.313677
1982-12-26,4.117112
1982-12-27,8.014235
1982-12-28,2.7458866
1982-12-29,0.3938889
1982-12-30,0.0
1982-12-31,4.563361
1983-01-01,2.1409137
1983-01-02,12.6639385
1983-01-03,17.82244
1983-01-04,1.0876914
1983-01-05,0.031903353
1983-01-06,0.011474057
1983-01-07,0.011606431
1983-01-08,4.7728114
1983-01-09,3.3015783
1983-01-10,0.37721834
1983-01-11,0.004603498
1983-01-12,0.9855832
1983-01-13,9.382309
1983-01-14,0.057995476
1983-01-15,1.8562832
1983-01-16,21.861448
1983-01-17,0.23345
1983-01-18,0.0009068352
1983-01-19,0.00029599437
1983-01-20,13.259511
1983-01-21,2.301125
1983-01-22,1.260304
1983-01-23,0.49645928
1983-01-24,1.5741346
1983-01-25,7.047337
1983-01-26,0.72541654
1983-01-27,0.39221478
1983-01-28,0.0022964324
1983-01-29,0.0
1983-01-30,0.2365307
1983-01-31,1.0998791
1983-02-01,0.17958622
1983-02-02,0.75831705
1983-02-03,5.0620513
1983-02-04,0.31361717
1983-02-05,0.003129594
1983-02-06,0.92679936
1983-02-07,0.18459065
1983-02-08,0.35157752
1983-02-09,0.29620144
1983-02-10,0.15110724
1983-02-11,4.377419
1983-02-12,3.9077342
1983-02-13,2.0496879
1983-02-14,0.0
1983-02-15,0.0
1983-02-16,0.0
1983-02-17,14.244279
1983-02-18,14.578845
1983-02-19,0.18786487
1983-02-20,0.0071105375
1983-02-21,0.0
1983-02-22,0.08181082
1983-02-23,6.443182
1983-02-24,18.391796
1983-02-25,7.701471
1983-02-26,1.78763
1983-02-27,0.0391275
1983-02-28,2.326189
1983-03-01,0.18063572
1983-03-02,0.443281
1983-03-03,1.3532661
1983-03-04,0.7500068
1983-03-05,0.9035916
1983-03-06,0.32619905
1983-03-07,17.675459
1983-03-08,0.1737661
1983-03-09,4.827869
1983-03-10,1.5304857
1983-03-11,0.3812069
1983-03-12,4.5778475
1983-03-13,1.102371
1983-03-14,0.04310225
1983-03-15,0.0037241573
1983-03-16,4.461591
1983-03-17,7.6664357
1983-03-18,9.647941
1983-03-19,4.043952
1983-03-20,0.23402788
1983-03-21,0.37790886
1983-03-22,1.3431444
1983-03-23,3.506226
1983-03-24,19.037043
1983-03-25,1.9043292
1983-03-26,0.25683245
1983-03-27,0.008661771
1983-03-28,10.133398
1983-03-29,3.6043777
1983-03-30,0.30378947
1983-03-31,8.106123
1983-04-01,0.13423361
1983-04-02,0.0048273327
1983-04-03,0.0029038752
1983-04-04,5.6737804
1983-04-05,0.47438294
1983-04-06,1.272114
1983-04-07,0.28616476
1983-04-08,0.33392307
1983-04-09,0.9462439
1983-04-10,2.1522534
1983-04-11,0.00049947324
1983-04-12,0.28855005
1983-04-13,0.06629247
1983-04-14,0.014325735
1983-04-15,0.083754
1983-04-16,6.720116
1983-04-17,0.70291096
1983-04-18,1.8940337
1983-04-19,0.14574267
1983-04-20,0.00023032707
1983-04-21,0.40300965
1983-04-22,0.008990697
1983-04-23,0.00025501795
1983-04-24,0.0013439194
1983-04-25,0.005991079
1983-04-26,0.97267747
1983-04-27,0.8705112
1983-04-28,4.4159656
1983-04-29,1.0051236
1983-04-30,2.629809
1983-05-01,0.06955147
1983-05-02,0.0
1983-05-03,0.0
1983-05-04,0.0023460733
1983-05-05,10.025972
1983-05-06,1.5057417
1983-05-07,0.0011405417
1983-05-08,0.0031634893
1983-05-09,2.6770463
1983-05-10,0.00017743201
1983-05-11,0.075506754
1983-05-12,7.541341
1983-05-13,8.562922
1983-05-14,2.8815603
1983-05-15,0.26286933
1983-05-16,0.5189429
1983-05-17,3.9053013
1983-05-18,5.958124
1983-05-19,0.056336895
1983-05-20,0.5693952
1983-05-21,1.2882375
1983-05-22,1.0439359
1983-05-23,3.7140691
1983-05-24,9.3202305
1983-05-25,0.42154986
1983-05-26,0.047618743
1983-05-27,0.107573815
1983-05-28,0.008593668
1983-05-29,3.8700926
1983-05-30,2.2879298
1983-05-31,0.094286025
1983-06-01,0.62516266
1983-06-02,1.6915736
1983-06-03,4.934104
1983-06-04,0.23621988
1983-06-05,0.28506765
1983-06-06,13.540161
1983-06-07,4.8140545
1983-06-08,15.106979
1983-06-09,5.9514847
1983-06-10,0.93665594
1983-06-11,2.3887827
1983-06-12,3.5000618
1983-06-13,4.773548
1983-06-14,0.30259696
1983-06-15,0.61179364
1983-06-16,20.270237
1983-06-17,1.4121016
1983-06-18,9.110458
1983-06-19,0.001574937
1983-06-20,2.966935
1983-06-21,10.0596
1983-06-22,8.365968
1983-06-23,0.31650504
1983-06-24,1.4519318
1983-06-25,0.8526835
1983-06-26,0.74739814
1983-06-27,0.03840114
1983-06-28,0.08088992
1983-06-29,9.200077
1983-06-30,11.398572
1983-07-01,0.34740773
1983-07-02,0.22756499
1983-07-03,0.6530741
1983-07-04,0.51982206
1983-07-05,5.861692
1983-07-06,7.737372
1983-07-07,0.5139317
1983-07-08,9.841141
1983-07-09,14.075069
1983-07-10,0.10500719
1983-07-11,0.027685571
1983-07-12,2.4758654
1983-07-13,9.369878
1983-07-14,0.0063090757
1983-07-15,1.2960268
1983-07-16,0.07396236
1983-07-17,0.06380158
1983-07-18,0.16703603
1983-07-19,0.5212181
1983-07-20,0.047998406
1983-07-21,0.0016096225
1983-07-22,2.0959148
1983-07-23,1.597014
1983-07-24,0.9772167
1983-07-25,5.1633945
1983-07-26,0.10022503
1983-07-27,1.5002041
1983-07-28,4.0208025
1983-07-29,2.6083357
1983-07-30,0.11726624
1983-07-31,5.0390315
1983-08-01,3.1715064
1983-08-02,0.057235718
1983-08-03,0.08270628
1983-08-04,0.38261876
1983-08-05,0.13822553
1983-08-06,1.6164379
1983-08-07,1.0221997
1983-08-08,0.38311765
1983-08-09,0.3847978
1983-08-10,1.8162259
1983-08-11,1.5525014
1983-08-12,3.2481694
1983-08-13,1.516172
1983-08-14,3.475017
1983-08-15,3.4488468
1983-08-16,0.7006555
1983-08-17,0.15103683
1983-08-18,0.0018527588
1983-08-19,0.01572073
1983-08-20,0.055972118
1983-08-21,0.1424638
1983-08-22,6.583131
1983-08-23,10.960382
1983-08-24,1.8224131
1983-08-25,0.4585829
1983-08-26,0.44459185
1983-08-27,0.78745764
1983-08-28,0.5463862
1983-08-29,0.044992134
1983-08-30,0.09682472
1983-08-31,5.7612996
1983-09-01,0.0
1983-09-02,0.017004948
1983-09-03,0.50751376
1983-09-04,17.84434
1983-09-05,4.9040003
1983-09-06,9.002583
1983-09-07,0.017494047
1983-09-08,14.714135
1983-09-09,12.229357
1983-09-10,0.00074804923
1983-09-11,0.0054407693
1983-09-12,0.0030651663
1983-09-13,12.019375
1983-09-14,26.328587
1983-09-15,0.80452377
1983-09-16,4.947986
1983-09-17,2.3598542
1983-09-18,5.575303
1983-09-19,4.965736
1983-09-20,0.15172784
1983-09-21,0.0017184392
1983-09-22,0.0030399861
1983-09-23,0.00046640387
1983-09-24,1.3091542
1983-09-25,10.605756
1983-09-26,6.6001344
1983-09-27,12.705389
1983-09-28,0.0004008112
1983-09-29,0.0
1983-09-30,2.0329711
1983-10-01,12.296467
1983-10-02,2.2385724
1983-10-03,0.0798484
1983-10-04,0.004353529
1983-10-05,0.93088865
1983-10-06,3.06355
1983-10-07,12.564812
1983-10-08,4.831957
1983-10-09,0.001149926
1983-10-10,0.0
1983-10-11,0.0
1983-10-12,12.756401
1983-10-13,0.521387
1983-10-14,9.258367e-05
1983-10-15,0.0045330427
1983-10-16,0.15619545
1983-10-17,12.147974
1983-10-18,24.530983
1983-10-19,2.2650464
1983-10-20,4.011855
1983-10-21,1.2722741
1983-10-22,4.934905
1983-10-23,9.005291
1983-10-24,0.6710307
1983-10-25,0.68444735
1983-10-26,0.5813621
1983-10-27,0.029083265
1983-10-28,0.0
1983-10-29,0.53896046
1983-10-30,29.9926
1983-10-31,4.86838
1983-11-01,0.053508837
1983-11-02,0.07810286
1983-11-03,1.4523529
1983-11-04,2.7747
1983-11-05,0.03626225
1983-11-06,3.3432088
1983-11-07,31.478481
1983-11-08,1.7202632
1983-11-09,0.0
1983-11-10,6.815213
1983-11-11,24.560787
1983-11-12,8.920032
1983-11-13,1.4495288
1983-11-14,36.064667
1983-11-15,6.056175
1983-11-16,1.6191013
1983-11-17,0.8050613
1983-11-18,0.091226116
1983-11-19,0.0663373
1983-11-20,4.1351957
1983-11-21,1.2788111
1983-11-22,11.935832
1983-11-23,1.9691892
1983-11-24,6.7920527
1983-11-25,2.480744
1983-11-26,0.6527323
1983-11-27,0.59234565
1983-11-28,11.240026
1983-11-29,9.374778
1983-11-30,0.06851019
1983-12-01,0.0058439635
1983-12-02,0.64730275
1983-12-03,1.5241836
1983-12-04,0.0
1983-12-05,2.4101357
1983-12-06,0.8191678
1983-12-07,0.15565002
1983-12-08,1.7229007
1983-12-09,3.3205292
1983-12-10,1.719277
1983-12-11,1.6582168
1983-12-12,18.017595
1983-12-13,0.5316468
1983-12-14,0.87972987
1983-12-15,1.1222227
1983-12-16,3.7390256
1983-12-17,1.0375608
1983-12-18,0.42723316
1983-12-19,0.26096812
1983-12-20,0.0
1983-12-21,25.795084
1983-12-22,14.594078
1983-12-23,0.17437284
1983-12-24,0.008560749
1983-12-25,0.181117
1983-12-26,9.384573
1983-12-27,6.2520103
1983-12-28,0.08736766
1983-12-29,3.2509816
1983-12-30,17.440819
1983-12-31,0.09771639
1984-01-01,0.043839637
1984-01-02,5.737811
1984-01-03,5.9142427
1984-01-04,0.41947094
1984-01-05,0.41436452
1984-01-06,0.0
1984-01-07,0.0
1984-01-08,0.0
1984-01-09,0.12187126
1984-01-10,4.0530124
1984-01-11,0.0
1984-01-12,6.698717
1984-01-13,9.672118
1984-01-14,4.8208947
1984-01-15,21.508753
1984-01-16,17.482227
1984-01-17,0.12495555
1984-01-18,0.011692434
1984-01-19,0.007327573
1984-01-20,11.591847
1984-01-21,31.836119
1984-01-22,18.274763
1984-01-23,0.009961743
1984-01-24,0.019556785
1984-01-25,9.956566
1984-01-26,2.1232524
1984-01-27,0.0
1984-01-28,2.562104
1984-01-29,9.04628
1984-01-30,0.7593893
1984-01-31,38.392365
1984-02-01,2.583477
1984-02-02,0.04143561
1984-02-03,0.26973036
1984-02-04,0.071633585
1984-02-05,0.7111542
1984-02-06,11.12419
1984-02-07,0.20067391
1984-02-08,0.6209283
1984-02-09,0.4508177
1984-02-10,15.552527
1984-02-11,1.087085
1984-02-12,0.8188855
1984-02-13,2.2468708
1984-02-14,0.70295656
1984-02-15,0.4022262
1984-02-16,0.7259377
1984-02-17,0.75822395
1984-02-18,5.4571457
1984-02-19,8.707115
1984-02-20,0.1505754
1984-02-21,2.0486515
1984-02-22,6.2202187
1984-02-23,0.89255035
1984-02-24,0.07326892
1984-02-25,0.011642058
1984-02-26,0.40569192
1984-02-27,0.00038870057
1984-02-28,0.0
1984-03-01,6.1303525
1984-03-02,6.8994155
1984-03-03,0.00034786662
1984-03-04,0.25475
1984-03-05,16.502945
1984-03-06,12.134075
1984-03-07,5.3798804
1984-03-08,4.2633226e-05
1984-03-09,0.6656873
1984-03-10,3.0283873
1984-03-11,0.06567146
1984-03-12,1.4588381
1984-03-13,0.6633413
1984-03-14,1.8715453
1984-03-15,0.62968975
1984-03-16,0.39617977
1984-03-17,10.094382
1984-03-18,2.9274046
1984-03-19,0.8389354
1984-03-20,4.308694
1984-03-21,0.9167789
1984-03-22,5.5125513
1984-03-23,0.31933826
1984-03-24,0.001932761
1984-03-25,0.036636006
1984-03-26,0.22317973
1984-03-27,4.4691563
1984-03-28,20.732584
1984-03-29,0.011525705
1984-03-30,0.18672375
1984-03-31,14.7090845
1984-04-01,0.22503273
1984-04-02,4.2255154
1984-04-03,0.9189006
1984-04-04,4.052944
1984-04-05,0.9974822
1984-04-06,8.51042
1984-04-07,1.5612786
1984-04-08,1.0134134
1984-04-09,3.9519484
1984-04-10,1.0910401
1984-04-11,0.23454015
1984-04-12,0.014637934
1984-04-13,0.0
1984-04-14,0.059838396
1984-04-15,0.13466072
1984-04-16,0.49064848
1984-04-17,4.4408917
1984-04-18,5.6471424
1984-04-19,0.24431935
1984-04-20,2.4548717
1984-04-21,1.411512
1984-04-22,0.25712267
1984-04-23,0.28180653
1984-04-24,2.0821726
1984-04-25,7.709848
1984-04-26,0.19907683
1984-04-27,0.0
1984-04-28,4.6630206
1984-04-29,16.102068
1984-04-30,3.3894072
1984-05-01,0.33472973
1984-05-02,0.029375007
1984-05-03,24.733068
1984-05-04,1.9486887
1984-05-05,0.34193894
1984-05-06,0.06633863
1984-05-07,0.0
1984-05-08,0.0022506632
1984-05-09,0.0036616735
1984-05-10,0.04581059
1984-05-11,0.0012938565
1984-05-12,0.64412373
1984-05-13,12.389388
1984-05-14,25.030779
1984-05-15,5.216112
1984-05-16,1.7764226
1984-05-17,1.9457021
1984-05-18,13.315063
1984-05-19,0.73326546
1984-05-20,0.06506081
1984-05-21,7.514174
1984-05-22,3.4970746
1984-05-23,2.8234837
1984-05-24,0.4719418
1984-05-25,0.0
1984-05-26,0.000640905
1984-05-27,0.7314689
1984-05-28,15.391639
1984-05-29,12.046416
1984-05-30,1.5426306
1984-05-31,0.8847711
1984-06-01,0.34993637
1984-06-02,1.4943435
1984-06-03,4.929734
1984-06-04,15.731386
1984-06-05,0.01134608
1984-06-06,0.011627352
1984-06-07,2.705973
1984-06-08,2.5331998
1984-06-09,7.9828386
1984-06-10,5.639057
1984-06-11,2.327076
1984-06-12,0.6585879
1984-06-13,14.315059
1984-06-14,13.871418
1984-06-15,1.5884132
1984-06-16,1.5974967
1984-06-17,0.060053803
1984-06-18,30.866062
1984-06-19,3.2659988
1984-06-20,0.12849428
1984-06-21,9.695834
1984-06-22,0.18303268
1984-06-23,1.5107348
1984-06-24,3.0972023
1984-06-25,0.11651775
1984-06-26,1.6050439
1984-06-27,1.7807915
1984-06-28,1.7343755
1984-06-29,0.010742599
1984-06-30,0.7885325
1984-07-01,0.71026176
1984-07-02,0.01993534
1984-07-03,2.6482952
1984-07-04,1.0890341
1984-07-05,2.673454
1984-07-06,22.711441
1984-07-07,1.4455198
1984-07-08,0.69804597
1984-07-09,0.579784
1984-07-10,3.2819588
1984-07-11,3.2102664
1984-07-12,0.39119422
1984-07-13,12.366901
1984-07-14,4.8819957
1984-07-15,11.011071
1984-07-16,17.96599
1984-07-17,0.6252962
1984-07-18,0.23453394
1984-07-19,0.8001896
1984-07-20,4.616999
1984-07-21,3.0616634
1984-07-22,2.200794
1984-07-23,3.0128193
1984-07-24,5.032633
1984-07-25,1.316194
1984-07-26,2.9799705
1984-07-27,0.98068136
1984-07-28,6.7725177
1984-07-29,0.01885046
1984-07-30,0.03814799
1984-07-31,0.013386172
1984-08-01,0.39819562
1984-08-02,6.0469737
1984-08-03,5.009093
1984-08-04,0.098358266
1984-08-05,0.18845572
1984-08-06,1.9416217
1984-08-07,4.3812823
1984-08-08,6.1890707
1984-08-09,1.4435147
1984-08-10,0.29823184
1984-08-11,0.9818926
1984-08-12,0.20992887
1984-08-13,1.6198192
1984-08-14,0.41834202
1984-08-15,1.7710408
1984-08-16,2.8761194
1984-08-17,0.17603749
1984-08-18,1.857117
1984-08-19,2.512984
1984-08-20,0.028770775
1984-08-21,0.88251275
1984-08-22,13.273222
1984-08-23,0.95861244
1984-08-24,0.18052427
1984-08-25,1.2025416
1984-08-26,2.7543743
1984-08-27,0.1293114
1984-08-28,0.030251576
1984-08-29,1.342284
1984-08-30,2.5526218
1984-08-31,1.1908622
1984-09-01,0.5885935
1984-09-02,0.8260052
1984-09-03,0.027441777
1984-09-04,0.3089412
1984-09-05,31.760504
1984-09-06,26.99346
1984-09-07,3.0802932
1984-09-08,0.043450408
1984-09-09,0.025710376
1984-09-10,0.060388763
1984-09-11,0.86164397
1984-09-12,1.8956344
1984-09-13,1.8352115
1984-09-14,0.8955107
1984-09-15,0.486095
1984-09-16,6.2212963
1984-09-17,0.89763474
1984-09-18,0.24980997
1984-09-19,0.12498309
1984-09-20,28.316702
1984-09-21,28.42126
1984-09-22,6.24052
1984-09-23,0.080033146
1984-09-24,0.29751438
1984-09-25,1.6414335
1984-09-26,9.740698
1984-09-27,1.5850315
1984-09-28,0.0
1984-09-29,0.0
1984-09-30,0.34230164
1984-10-01,0.10155404
1984-10-02,6.2811384
1984-10-03,3.9027858
1984-10-04,0.0020487837
1984-10-05,0.16082133
1984-10-06,3.689176e-05
1984-10-07,0.0
1984-10-08,0.0015052987
1984-10-09,0.00587597
1984-10-10,1.6475103
1984-10-11,1.4802831
1984-10-12,0.24223894
1984-10-13,1.8126078
1984-10-14,0.13733952
1984-10-15,0.009516572
1984-10-16,0.26942658
1984-10-17,29.656282
1984-10-18,0.0
1984-10-19,1.133906e-05
1984-10-20,0.0015053642
1984-10-21,28.804548
1984-10-22,0.12952356
1984-10-23,0.95545405
1984-10-24,3.7728384
1984-10-25,2.348886
1984-10-26,0.5359268
1984-10-27,0.6834434
1984-10-28,0.027167283
1984-10-29,2.7706283e-05
1984-10-30,0.19117714
1984-10-31,0.12748314
1984-11-01,0.004852413
1984-11-02,0.014527827
1984-11-03,3.3000093
1984-11-04,13.617931
1984-11-05,0.27674618
1984-11-06,0.2403272
1984-11-07,0.31946254
1984-11-08,13.323042
1984-11-09,1.5124673
1984-11-10,0.079383075
1984-11-11,0.0021246963
1984-11-12,0.105306745
1984-11-13,23.968348
1984-11-14,3.5168788
1984-11-15,0.3452933
1984-11-16,0.07331966
1984-11-17,0.043806653
1984-11-18,18.251608
1984-11-19,12.004422
1984-11-20,14.695737
1984-11-21,0.10571587
1984-11-22,1.5929825
1984-11-23,10.502427
1984-11-24,2.699587
1984-11-25,2.1282992
1984-11-26,2.5483599
1984-11-27,2.5716023
1984-11-28,0.72767055
1984-11-29,35.747437
1984-11-30,1.0967115
1984-12-01,0.5641994
1984-12-02,2.2240853
1984-12-03,5.9185324
1984-12-04,1.7190413
1984-12-05,2.4204826
1984-12-06,0.9833471
1984-12-07,0.08355379
1984-12-08,0.0
1984-12-09,18.023735
1984-12-10,2.3764877
1984-12-11,0.05867332
1984-12-12,2.3472443
1984-12-13,5.980052
1984-12-14,7.2385697
1984-12-15,0.928159
1984-12-16,0.6984315
1984-12-17,4.8794403
1984-12-18,1.3419317
1984-12-19,0.1652157
1984-12-20,0.02526682
1984-12-21,33.957073
1984-12-22,0.1264123
1984-12-23,0.001510517
1984-12-24,0.02548787
1984-12-25,8.161319
1984-12-26,3.0852158
1984-12-27,0.19070882
1984-12-28,0.11295494
1984-12-29,5.522391
1984-12-30,3.4553835
1984-12-31,0.23359624
1985-01-01,0.30727467
1985-01-02,10.295495
1985-01-03,1.2068487
1985-01-04,1.3433938
1985-01-05,2.7411845
1985-01-06,0.35607612
1985-01-07,0.0033904295
1985-01-08,0.019611923
1985-01-09,0.638992
1985-01-10,0.67843145
1985-01-11,39.474525
1985-01-12,0.7368541
1985-01-13,0.2512476
1985-01-14,0.6552724
1985-01-15,2.3749948
1985-01-16,9.381167
1985-01-17,2.0865097
1985-01-18,7.7930236
1985-01-19,2.5891757
1985-01-20,0.14974724
1985-01-21,1.2436393
1985-01-22,24.175102
1985-01-23,0.68151546
1985-01-24,0.69068736
1985-01-25,10.693305
1985-01-26,1.4238172
1985-01-27,1.4831843
1985-01-28,3.607449
1985-01-29,0.18186647
1985-01-30,0.032812733
1985-01-31,15.883523
1985-02-01,0.85814315
1985-02-02,0.27765068
1985-02-03,0.54018706
1985-02-04,4.0075083
1985-02-05,1.479977
1985-02-06,0.8767862
1985-02-07,0.52541155
1985-02-08,0.031835724
1985-02-09,1.2431171
1985-02-10,0.16196644
1985-02-11,7.4472804
1985-02-12,0.6864116
1985-02-13,3.0789545
1985-02-14,5.9877567
1985-02-15,10.522288
1985-02-16,0.2914919
1985-02-17,4.5450573
1985-02-18,0.46058312
1985-02-19,1.9416778
1985-02-20,32.538376
1985-02-21,0.7267694
1985-02-22,0.75658023
1985-02-23,0.12210642
1985-02-24,0.5972998
1985-02-25,0.5495349
1985-02-26,1.0984032
1985-02-27,0.13812956
1985-02-28,9.852205
1985-03-01,1.1194581
1985-03-02,3.3244774
1985-03-03,0.34892705
1985-03-04,0.0
1985-03-05,4.0182223
1985-03-06,0.7799732
1985-03-07,0.10825364
1985-03-08,2.217706
1985-03-09,21.634577
1985-03-10,13.351263
1985-03-11,0.33745125
1985-03-12,0.7347508
1985-03-13,0.0
1985-03-14,0.32758403
1985-03-15,0.01995544
1985-03-16,0.00058247027
1985-03-17,0.55941737
1985-03-18,0.582058
1985-03-19,2.6347868
1985-03-20,0.743555
1985-03-21,0.32864487
1985-03-22,0.42277968
1985-03-23,0.6599602
1985-03-24,0.034107365
1985-03-25,8.625452e-05
1985-03-26,0.0023227334
1985-03-27,24.164604
1985-03-28,12.701192
1985-03-29,2.3536696
1985-03-30,0.19433032
1985-03-31,11.057957
1985-04-01,2.0149488
1985-04-02,0.9297947
1985-04-03,15.594714
1985-04-04,5.8429036
1985-04-05,0.33784604
1985-04-06,26.7428
1985-04-07,1.298155
1985-04-08,2.0136228
1985-04-09,4.205001
1985-04-10,0.11489599
1985-04-11,1.241264
1985-04-12,4.2665854
1985-04-13,0.21603233
1985-04-14,7.69491e-05
1985-04-15,0.15938178
1985-04-16,3.4188585
1985-04-17,0.11569801
1985-04-18,0.0035005314
1985-04-19,0.0035335652
1985-04-20,0.10654502
1985-04-21,0.5974162
1985-04-22,0.0
1985-04-23,0.0012669608
1985-04-24,0.002933512
1985-04-25,0.004853688
1985-04-26,0.054962054
1985-04-27,0.0035136994
1985-04-28,0.090621136
1985-04-29,0.23138815
1985-04-30,0.065496355
1985-05-01,0.0
1985-05-02,0.0
1985-05-03,0.24712105
1985-05-04,3.935303
1985-05-05,3.267812
1985-05-06,3.123044
1985-05-07,1.3566393
1985-05-08,2.5686414
1985-05-09,0.20084518
1985-05-10,5.0785704
1985-05-11,0.029293096
1985-05-12,0.39087766
1985-05-13,0.52749276
1985-05-14,6.1066775
1985-05-15,0.45667204
1985-05-16,0.66940576
1985-05-17,0.034406297
1985-05-18,6.2552953
1985-05-19,4.753075
1985-05-20,7.6743727
1985-05-21,12.73706
1985-05-22,0.8495913
1985-05-23,0.48158166
1985-05-24,0.006572211
1985-05-25,8.50407
1985-05-26,6.447597
1985-05-27,0.3150531
1985-05-28,0.2730395
1985-05-29,0.018016413
1985-05-30,2.0370667
1985-05-31,0.11838575
1985-06-01,0.44883496
1985-06-02,5.546873
1985-06-03,0.20561112
1985-06-04,9.952314
1985-06-05,8.076669
1985-06-06,0.0083017
1985-06-07,0.11705753
1985-06-08,0.014391005
1985-06-09,3.9453382
1985-06-10,4.078119
1985-06-11,0.11013067
1985-06-12,0.040288612
1985-06-13,1.7012681
1985-06-14,12.7269745
1985-06-15,7.478711
1985-06-16,7.0754766
1985-06-17,3.0067537
1985-06-18,0.016672913
1985-06-19,1.5590442
1985-06-20,0.22517808
1985-06-21,0.5091973
1985-06-22,0.45986858
1985-06-23,1.2964727
1985-06-24,3.0300326
1985-06-25,15.526506
1985-06-26,0.19655903
1985-06-27,1.6230218
1985-06-28,2.0402946
1985-06-29,3.801122
1985-06-30,0.034948234
1985-07-01,0.026859522
1985-07-02,1.3437437
1985-07-03,7.383524
1985-07-04,0.15710445
1985-07-05,0.06060384
1985-07-06,7.1171145
1985-07-07,21.138561
1985-07-08,1.0678906
1985-07-09,0.0002894482
1985-07-10,0.01454024
1985-07-11,0.0063715964
1985-07-12,0.07895709
1985-07-13,4.105385
1985-07-14,0.896885
1985-07-15,2.0428023
1985-07-16,23.065704
1985-07-17,20.83049
1985-07-18,0.93274105
1985-07-19,1.0754216
1985-07-20,0.9428869
1985-07-21,0.104599945
1985-07-22,2.1974733
1985-07-23,6.5181255
1985-07-24,5.549649
1985-07-25,3.6311436
1985-07-26,4.895211
1985-07-27,6.2765746
1985-07-28,3.5864007
1985-07-29,3.7840867
1985-07-30,9.291155
1985-07-31,4.1623297
1985-08-01,2.5256004
1985-08-02,0.02415966
1985-08-03,1.5908452
1985-08-04,1.9138106
1985-08-05,2.0631328
1985-08-06,0.9544124
1985-08-07,0.84258246
1985-08-08,12.840538
1985-08-09,19.488075
1985-08-10,4.92411
1985-08-11,3.6860797
1985-08-12,0.95184225
1985-08-13,0.21341735
1985-08-14,0.36564165
1985-08-15,3.9387212
1985-08-16,6.2043686
1985-08-17,11.234005
1985-08-18,6.472738
1985-08-19,0.15281826
1985-08-20,0.24367255
1985-08-21,0.8267306
1985-08-22,3.460898
1985-08-23,2.280295
1985-08-24,0.15405114
1985-08-25,0.029173225
1985-08-26,0.00096060644
1985-08-27,0.0016162561
1985-08-28,0.00059749844
1985-08-29,5.273768
1985-08-30,2.857994
1985-08-31,0.039895914
1985-09-01,6.456375
1985-09-02,0.20296575
1985-09-03,3.7752068
1985-09-04,3.8161647
1985-09-05,0.38114122
1985-09-06,1.1389776
1985-09-07,0.29620337
1985-09-08,2.8418663
1985-09-09,17.495483
1985-09-10,8.281876
1985-09-11,10.961042
1985-09-12,10.23023
1985-09-13,1.9322118
1985-09-14,0.58930993
1985-09-15,0.06668063
1985-09-16,3.4724307
1985-09-17,4.815557
1985-09-18,5.987089
1985-09-19,1.6371396
1985-09-20,0.0
1985-09-21,0.0
1985-09-22,0.1290461
1985-09-23,0.53098166
1985-09-24,4.9638886
1985-09-25,10.152816
1985-09-26,3.4870198
1985-09-27,0.00021491332
1985-09-28,0.7436028
1985-09-29,4.6196265
1985-09-30,5.7044144
1985-10-01,0.41706812
1985-10-02,0.001571048
1985-10-03,1.4883752
1985-10-04,2.1724265
1985-10-05,1.2282357
1985-10-06,0.0003429344
1985-10-07,29.18618
1985-10-08,3.7727642
1985-10-09,0.0
1985-10-10,1.3880229
1985-10-11,0.0116928425
1985-10-12,2.1750595e-05
1985-10-13,0.0
1985-10-14,0.062012672
1985-10-15,6.7163825
1985-10-16,0.40851897
1985-10-17,0.71378964
1985-10-18,0.28641507
1985-10-19,10.47712
1985-10-20,3.6504893
1985-10-21,3.095409
1985-10-22,0.191085
1985-10-23,3.2880719
1985-10-24,0.0002441595
1985-10-25,11.486679
1985-10-26,0.39064315
1985-10-27,0.3197478
1985-10-28,0.81147325
1985-10-29,0.14413622
1985-10-30,0.5615738
1985-10-31,7.3050737
1985-11-01,2.6302896
1985-11-02,0.06385973
1985-11-03,3.4735236
1985-11-04,0.38838586
1985-11-05,15.312342
1985-11-06,23.502502
1985-11-07,0.15058002
1985-11-08,0.031211184
1985-11-09,0.035184212
1985-11-10,2.8987577
1985-11-11,0.9522847
1985-11-12,0.028587209
1985-11-13,4.0907598
1985-11-14,4.5538597
1985-11-15,0.80778635
1985-11-16,0.60583144
1985-11-17,7.6749077
1985-11-18,49.436817
1985-11-19,3.0306883
1985-11-20,0.00068933057
1985-11-21,0.00022515668
1985-11-22,0.0024002413
1985-11-23,8.908362
1985-11-24,0.39533383
1985-11-25,6.708169e-07
1985-11-26,0.09487368
1985-11-27,3.6125405
1985-11-28,13.983054
1985-11-29,0.20567733
1985-11-30,0.018651864
1985-12-01,0.12799503
1985-12-02,0.036484692
1985-12-03,0.27906364
1985-12-04,0.0009601505
1985-12-05,4.612651
1985-12-06,1.890205
1985-12-07,1.1907159
1985-12-08,8.350777
1985-12-09,0.43712327
1985-12-10,0.4381174
1985-12-11,0.2135721
1985-12-12,0.009175247
1985-12-13,0.062162142
1985-12-14,0.038990285
1985-12-15,0.0028780345
1985-12-16,13.265325
1985-12-17,18.733494
1985-12-18,0.015918432
1985-12-19,1.1527582
1985-12-20,5.7641397
1985-12-21,0.10146853
1985-12-22,0.011532771
1985-12-23,9.779277
1985-12-24,18.705883
1985-12-25,1.0056032
1985-12-26,0.93938833
1985-12-27,0.18171099
1985-12-28,6.3209224
1985-12-29,0.19038492
1985-12-30,2.1379776
1985-12-31,2.1507938
1986-01-01,4.242315
1986-01-02,5.293592
1986-01-03,16.592974
1986-01-04,1.1890368
1986-01-05,7.668152
1986-01-06,2.9431777
1986-01-07,1.046411
1986-01-08,0.788564
1986-01-09,5.574936
1986-01-10,10.026831
1986-01-11,2.3404555
1986-01-12,3.618256
1986-01-13,1.2302803
1986-01-14,0.23676042
1986-01-15,9.331703
1986-01-16,13.624581
1986-01-17,1.6786828
1986-01-18,11.603982
1986-01-19,0.89388335
1986-01-20,17.294302
1986-01-21,0.096607864
1986-01-22,1.244519
1986-01-23,0.9053218
1986-01-24,0.6609346
1986-01-25,3.287522
1986-01-26,0.11070012
1986-01-27,21.203001
1986-01-28,0.0021626186
1986-01-29,0.015150804
1986-01-30,13.803153
1986-01-31,0.33030045
1986-02-01,1.3637531
1986-02-02,13.136068
1986-02-03,2.2665071
1986-02-04,0.7465231
1986-02-05,0.84094214
1986-02-06,0.08826218
1986-02-07,0.059321567
1986-02-08,1.0387511
1986-02-09,2.1732638
1986-02-10,8.361742
1986-02-11,0.83426934
1986-02-12,0.43615586
1986-02-13,2.4658124
1986-02-14,3.8934007
1986-02-15,0.7580728
1986-02-16,0.97149646
1986-02-17,0.33482486
1986-02-18,0.9756261
1986-02-19,4.087733
1986-02-20,0.0007241058
1986-02-21,0.0
1986-02-22,0.665894
1986-02-23,33.445267
1986-02-24,6.1759353
1986-02-25,0.6157105
1986-02-26,5.2416816
1986-02-27,2.0371757
1986-02-28,10.369695
1986-03-01,0.0
1986-03-02,0.016496776
1986-03-03,0.085078575
1986-03-04,0.42942023
1986-03-05,2.9690669
1986-03-06,8.9584055
1986-03-07,2.48209
1986-03-08,2.330307
1986-03-09,0.03573976
1986-03-10,13.754478
1986-03-11,0.026379073
1986-03-12,0.27025744
1986-03-13,0.38370392
1986-03-14,0.63517785
1986-03-15,0.9681165
1986-03-16,0.2075236
1986-03-17,5.378506
1986-03-18,3.535751
1986-03-19,0.7850502
1986-03-20,9.549011
1986-03-21,0.18590531
1986-03-22,2.0355585
1986-03-23,2.8944721
1986-03-24,8.792835
1986-03-25,16.943678
1986-03-26,6.818933
1986-03-27,2.0901177
1986-03-28,1.5951747e-06
1986-03-29,12.778455
1986-03-30,21.060368
1986-03-31,1.5223961
1986-04-01,0.4088636
1986-04-02,5.391009
1986-04-03,0.30222148
1986-04-04,9.010879
1986-04-05,0.008544116
1986-04-06,1.3051046
1986-04-07,0.00081362744
1986-04-08,0.65775794
1986-04-09,6.5779166
1986-04-10,5.3753014
1986-04-11,3.5364501
1986-04-12,0.23198882
1986-04-13,2.6968515
1986-04-14,4.397753
1986-04-15,1.0986408
1986-04-16,0.4057467
1986-04-17,3.1307583
1986-04-18,8.278759
1986-04-19,36.657536
1986-04-20,10.569223
1986-04-21,0.15695283
1986-04-22,0.025740331
1986-04-23,2.9229312
1986-04-24,4.509635
1986-04-25,17.343569
1986-04-26,3.4578443
1986-04-27,0.0008692129
1986-04-28,0.004086859
1986-04-29,0.01691833
1986-04-30,0.26186386
1986-05-01,1.0420215
1986-05-02,5.210488
1986-05-03,1.1365526
1986-05-04,0.008435057
1986-05-05,0.036872547
1986-05-06,0.2078733
1986-05-07,3.8275719
1986-05-08,5.0749106
1986-05-09,2.29993
1986-05-10,11.305125
1986-05-11,5.5305758
1986-05-12,0.068017945
1986-05-13,0.0021951005
1986-05-14,3.358058
1986-05-15,0.19779818
1986-05-16,0.19219746
1986-05-17,0.49132025
1986-05-18,0.5352377
1986-05-19,0.4241992
1986-05-20,2.1853712
1986-05-21,0.0013883436
1986-05-22,1.1343063
1986-05-23,8.0341625
1986-05-24,0.0031617824
1986-05-25,3.450649
1986-05-26,9.609773
1986-05-27,0.041601617
1986-05-28,0.39809266
1986-05-29,41.944237
1986-05-30,7.7963743
1986-05-31,0.0
1986-06-01,0.026740648
1986-06-02,0.16230801
1986-06-03,0.01788236
1986-06-04,2.8996184
1986-06-05,0.0016103816
1986-06-06,0.0060373615
1986-06-07,0.00026289077
1986-06-08,0.9904665
1986-06-09,2.4898005
1986-06-10,0.10235029
1986-06-11,0.000112063375
1986-06-12,1.0718392
1986-06-13,17.808601
1986-06-14,4.0033703
1986-06-15,8.804961
1986-06-16,5.8697157
1986-06-17,3.06368
1986-06-18,4.358444
1986-06-19,5.699614
1986-06-20,0.80765307
1986-06-21,10.087533
1986-06-22,2.5734112
1986-06-23,1.9527886
1986-06-24,0.12420075
1986-06-25,0.001831002
1986-06-26,0.6693577
1986-06-27,1.6109837
1986-06-28,21.524305
1986-06-29,9.6087675
1986-06-30,4.2367845
1986-07-01,1.3270334
1986-07-02,15.24478
1986-07-03,3.4899547
1986-07-04,0.428548
1986-07-05,0.46546298
1986-07-06,0.42597622
1986-07-07,4.7404227
1986-07-08,0.48843825
1986-07-09,2.7528162
1986-07-10,0.32328805
1986-07-11,5.5135264
1986-07-12,14.618058
1986-07-13,0.60973704
1986-07-14,0.07178621
1986-07-15,0.55825305
1986-07-16,0.2001361
1986-07-17,1.1441607
1986-07-18,0.0027825183
1986-07-19,0.029417694
1986-07-20,0.7456833
1986-07-21,0.23880367
1986-07-22,2.1045396
1986-07-23,3.1259012
1986-07-24,0.9928353
1986-07-25,1.3709139
1986-07-26,2.2571926
1986-07-27,3.420546
1986-07-28,0.15373163
1986-07-29,19.677015
1986-07-30,0.0
1986-07-31,0.0
1986-08-01,0.059906088
1986-08-02,1.3931433
1986-08-03,0.13663359
1986-08-04,0.5088936
1986-08-05,0.11334002
1986-08-06,2.9213166
1986-08-07,1.6323547
1986-08-08,0.10908573
1986-08-09,0.0023122584
1986-08-10,0.64391965
1986-08-11,2.1441972
1986-08-12,1.686744
1986-08-13,1.2647897
1986-08-14,7.360681
1986-08-15,4.9695797
1986-08-16,8.927943
1986-08-17,5.2672324
1986-08-18,6.8147717
1986-08-19,0.09557633
1986-08-20,0.6155715
1986-08-21,16.397066
1986-08-22,3.3200278
1986-08-23,0.78437066
1986-08-24,31.23621
1986-08-25,4.9439692
1986-08-26,4.084874
1986-08-27,4.8262606
1986-08-28,2.6773114
1986-08-29,4.0671844
1986-08-30,1.5166845
1986-08-31,0.35223097
1986-09-01,0.17215218
1986-09-02,14.496404
1986-09-03,11.063797
1986-09-04,0.5900269
1986-09-05,5.4769287
1986-09-06,4.0622635
1986-09-07,0.16091497
1986-09-08,20.245203
1986-09-09,20.851492
1986-09-10,8.938434
1986-09-11,0.009734976
1986-09-12,0.2961638
1986-09-13,0.29170614
1986-09-14,0.48009953
1986-09-15,7.3657494
1986-09-16,1.3966768
1986-09-17,1.9038259
1986-09-18,21.347088
1986-09-19,0.5528001
1986-09-20,0.6057108
1986-09-21,1.3119218
1986-09-22,0.4351684
1986-09-23,0.2151621
1986-09-24,0.22463849
1986-09-25,0.39301723
1986-09-26,1.2226237
1986-09-27,3.4814596
1986-09-28,12.148583
1986-09-29,16.189795
1986-09-30,0.09766741
1986-10-01,5.2986283
1986-10-02,2.7480695
1986-10-03,0.0018337897
1986-10-04,0.00324499
1986-10-05,0.00034951538
1986-10-06,0.04115227
1986-10-07,1.34676075e-05
1986-10-08,0.0042677377
1986-10-09,0.022537204
1986-10-10,0.0
1986-10-11,4.2837906
1986-10-12,14.127421
1986-10-13,2.357041
1986-10-14,0.43216172
1986-10-15,0.13202727
1986-10-16,3.0649827
1986-10-17,10.139334
1986-10-18,3.5254576
1986-10-19,0.2507629
1986-10-20,0.10398308
1986-10-21,0.7387705
1986-10-22,1.2457448
1986-10-23,13.777745
1986-10-24,11.071211
1986-10-25,2.021978
1986-10-26,0.4438639
1986-10-27,0.59147704
1986-10-28,0.258293
1986-10-29,0.6070447
1986-10-30,0.0001655975
1986-10-31,0.006091597
1986-11-01,0.0019784844
1986-11-02,0.042824265
1986-11-03,0.14083928
1986-11-04,1.8678325
1986-11-05,19.313494
1986-11-06,0.0
1986-11-07,2.3618941
1986-11-08,3.9811392
1986-11-09,3.4439595
1986-11-10,0.067687675
1986-11-11,0.02277171
1986-11-12,0.010412916
1986-11-13,7.5466084
1986-11-14,1.7474955
1986-11-15,1.8187761
1986-11-16,1.1664377
1986-11-17,14.75999
1986-11-18,22.31037
1986-11-19,0.23949115
1986-11-20,0.103606716
1986-11-21,0.025982894
1986-11-22,17.800077
1986-11-23,6.578855
1986-11-24,5.176689
1986-11-25,0.008658464
1986-11-26,0.019580437
1986-11-27,0.1894998
1986-11-28,0.021748686
1986-11-29,0.011811252
1986-11-30,2.1236892
1986-12-01,15.763294
1986-12-02,1.0524162
1986-12-03,0.4463508
1986-12-04,4.515113
1986-12-05,1.4368427
1986-12-06,4.6976547
1986-12-07,5.878824
1986-12-08,0.23881193
1986-12-09,0.0
1986-12-10,15.359122
1986-12-11,20.693066
1986-12-12,3.1393375
1986-12-13,0.8979739
1986-12-14,0.705574
1986-12-15,1.7413169
1986-12-16,13.886101
1986-12-17,8.082985
1986-12-18,0.33087277
1986-12-19,6.5599837
1986-12-20,9.359117
1986-12-21,6.0284305
1986-12-22,4.54473
1986-12-23,0.0034919688
1986-12-24,1.4798882
1986-12-25,6.533245
1986-12-26,1.2485291
1986-12-27,0.74550277
1986-12-28,1.411133
1986-12-29,1.1194079
1986-12-30,0.09555741
1986-12-31,0.09981072
1987-01-01,0.019550784
1987-01-02,0.5617601
1987-01-03,5.5918474
1987-01-04,2.0886002
1987-01-05,4.595974
1987-01-06,5.0547686
1987-01-07,0.13152574
1987-01-08,2.367093
1987-01-09,16.587158
1987-01-10,3.557871
1987-01-11,2.430581
1987-01-12,2.8154712
1987-01-13,1.3960109
1987-01-14,3.6566808
1987-01-15,11.26581
1987-01-16,3.7756565
1987-01-17,0.5025863
1987-01-18,1.5314548
1987-01-19,9.365906
1987-01-20,0.15316537
1987-01-21,0.43120024
1987-01-22,11.669575
1987-01-23,5.5031486
1987-01-24,1.2711335
1987-01-25,0.88234097
1987-01-26,4.066629
1987-01-27,4.9186645
1987-01-28,0.93379915
1987-01-29,0.26756445
1987-01-30,0.49345487
1987-01-31,1.0178463
1987-02-01,6.9964504
1987-02-02,0.71882075
1987-02-03,30.394918
1987-02-04,2.540858
1987-02-05,0.32297382
1987-02-06,0.6144593
1987-02-07,0.3493216
1987-02-08,0.8748733
1987-02-09,2.4611697
1987-02-10,9.079292
1987-02-11,0.76548576
1987-02-12,0.3755337
1987-02-13,0.26840118
1987-02-14,0.15801817
1987-02-15,10.651901
1987-02-16,0.058775548
1987-02-17,4.8498273
1987-02-18,0.2328947
1987-02-19,0.22395696
1987-02-20,0.31228876
1987-02-21,0.22434686
1987-02-22,8.034071
1987-02-23,3.2518423
1987-02-24,0.10954082
1987-02-25,0.0549168
1987-02-26,6.3278475
1987-02-27,5.0887337
1987-02-28,0.485047
1987-03-01,1.8522436e-05
1987-03-02,0.000793134
1987-03-03,0.0
1987-03-04,0.03007916
1987-03-05,0.0
1987-03-06,0.00017848771
1987-03-07,0.0
1987-03-08,0.00018615593
1987-03-09,0.16516344
1987-03-10,0.294448
1987-03-11,0.14461829
1987-03-12,0.8457155
1987-03-13,0.3546661
1987-03-14,0.014141176
1987-03-15,0.0
1987-03-16,0.17300524
1987-03-17,3.4140515
1987-03-18,6.6630497
1987-03-19,2.4896957e-07
1987-03-20,0.0
1987-03-21,0.0
1987-03-22,0.30344093
1987-03-23,0.22956781
1987-03-24,8.299622
1987-03-25,3.778687
1987-03-26,0.099138804
1987-03-27,0.17085253
1987-03-28,1.1152219
1987-03-29,5.0118537
1987-03-30,14.225456
1987-03-31,0.008349785
1987-04-01,0.13556446
1987-04-02,0.09927802
1987-04-03,0.073844545
1987-04-04,0.00026327677
1987-04-05,4.2082014e-05
1987-04-06,0.0003674495
1987-04-07,0.00028194604
1987-04-08,0.122931905
1987-04-09,0.038255703
1987-04-10,0.0002688267
1987-04-11,1.5875095e-05
1987-04-12,1.9985265
1987-04-13,4.934557
1987-04-14,2.0542138
1987-04-15,0.44476593
1987-04-16,0.848712
1987-04-17,0.09874473
1987-04-18,0.22664757
1987-04-19,0.122130714
1987-04-20,0.12226204
1987-04-21,5.484881
1987-04-22,7.860083
1987-04-23,19.121515
1987-04-24,1.7260375
1987-04-25,0.7177034
1987-04-26,0.0085410755
1987-04-27,9.233695e-06
1987-04-28,0.21069354
1987-04-29,4.8406653
1987-04-30,1.6419108
1987-05-01,3.9292943
1987-05-02,2.0844724
1987-05-03,9.666854
1987-05-04,1.0646104
1987-05-05,0.7629116
1987-05-06,0.09533109
1987-05-07,8.312271
1987-05-08,0.056003388
1987-05-09,0.5267266
1987-05-10,0.020075636
1987-05-11,4.567097
1987-05-12,2.5510414
1987-05-13,0.76139235
1987-05-14,7.1982937
1987-05-15,11.883322
1987-05-16,5.2751575
1987-05-17,17.655117
1987-05-18,4.251876
1987-05-19,1.4739733
1987-05-20,0.6917159
1987-05-21,7.8351
1987-05-22,2.5654628
1987-05-23,0.16883367
1987-05-24,3.036129
1987-05-25,1.7565094
1987-05-26,2.753706
1987-05-27,6.6493206
1987-05-28,6.8010464
1987-05-29,0.44404668
1987-05-30,0.06302524
1987-05-31,6.7510624
1987-06-01,12.377293
1987-06-02,3.5196457
1987-06-03,2.9312313
1987-06-04,24.960033
1987-06-05,2.6616082
1987-06-06,1.2526063
1987-06-07,0.00063163595
1987-06-08,0.00014477529
1987-06-09,0.5158372
1987-06-10,2.5492795
1987-06-11,2.8531187
1987-06-12,0.08987236
1987-06-13,0.0028173649
1987-06-14,0.19988653
1987-06-15,1.5647135
1987-06-16,3.044084
1987-06-17,2.9404843
1987-06-18,4.2105703
1987-06-19,8.823494
1987-06-20,4.1560764
1987-06-21,0.8977184
1987-06-22,5.842549
1987-06-23,15.257996
1987-06-24,0.00042112975
1987-06-25,0.3732944
1987-06-26,4.44397
1987-06-27,1.6121162
1987-06-28,5.6088066
1987-06-29,2.9655452
1987-06-30,0.27192575
1987-07-01,0.48257846
1987-07-02,0.7158015
1987-07-03,1.630754
1987-07-04,5.312486
1987-07-05,3.0187597
1987-07-06,2.9746072
1987-07-07,0.3140641
1987-07-08,18.284979
1987-07-09,0.0011533906
1987-07-10,0.0429885
1987-07-11,1.7115564
1987-07-12,6.3345747
1987-07-13,7.414816
1987-07-14,2.6308277
1987-07-15,1.3186575
1987-07-16,4.5484605
1987-07-17,2.7887914
1987-07-18,0.557665
1987-07-19,0.0269416
1987-07-20,5.569315
1987-07-21,7.166895
1987-07-22,15.872596
1987-07-23,4.777563
1987-07-24,4.1076326
1987-07-25,15.721889
1987-07-26,8.599087
1987-07-27,0.10259512
1987-07-28,2.349894
1987-07-29,1.3423755
1987-07-30,0.55502087
1987-07-31,0.08798536
1987-08-01,0.8012886
1987-08-02,6.7994514
1987-08-03,5.089501
1987-08-04,9.674003
1987-08-05,0.09368916
1987-08-06,0.3069653
1987-08-07,0.3677114
1987-08-08,0.33572513
1987-08-09,0.42091247
1987-08-10,5.2793827
1987-08-11,2.7065115
1987-08-12,0.04211826
1987-08-13,0.20485117
1987-08-14,17.821175
1987-08-15,1.5583045
1987-08-16,1.1769724
1987-08-17,2.0184147
1987-08-18,5.3056283
1987-08-19,31.353443
1987-08-20,4.5425444
1987-08-21,3.406633
1987-08-22,1.0478586
1987-08-23,0.22660537
1987-08-24,0.089877225
1987-08-25,0.17890336
1987-08-26,6.234973
1987-08-27,32.54381
1987-08-28,0.22008143
1987-08-29,0.041156795
1987-08-30,2.5281591
1987-08-31,2.7187927
1987-09-01,9.068228
1987-09-02,1.5102084
1987-09-03,0.5299725
1987-09-04,0.37228853
1987-09-05,0.9056121
1987-09-06,0.17804489
1987-09-07,9.828206e-06
1987-09-08,0.96182096
1987-09-09,1.4187311
1987-09-10,0.050601587
1987-09-11,2.2929436e-05
1987-09-12,8.600313
1987-09-13,1.8452708
1987-09-14,2.4416327
1987-09-15,12.059901
1987-09-16,15.076458
1987-09-17,18.080687
1987-09-18,2.072748
1987-09-19,0.07257907
1987-09-20,0.3729139
1987-09-21,0.354313
1987-09-22,13.62951
1987-09-23,0.0032300563
1987-09-24,0.5791905
1987-09-25,22.146135
1987-09-26,0.7937102
1987-09-27,0.81333965
1987-09-28,2.2113402
1987-09-29,0.0077597518
1987-09-30,0.05943963
1987-10-01,0.10149057
1987-10-02,0.0
1987-10-03,0.0
1987-10-04,0.01557614
1987-10-05,2.094018
1987-10-06,0.07682271
1987-10-07,0.07621978
1987-10-08,0.0
1987-10-09,0.03180027
1987-10-10,33.98749
1987-10-11,5.048032e-05
1987-10-12,36.102776
1987-10-13,6.076343
1987-10-14,2.306108
1987-10-15,1.9503479
1987-10-16,0.14120491
1987-10-17,0.1949888
1987-10-18,9.302597
1987-10-19,19.483747
1987-10-20,1.890873
1987-10-21,0.0
1987-10-22,0.089602485
1987-10-23,0.2669119
1987-10-24,1.2058868
1987-10-25,2.3408515
1987-10-26,0.21253365
1987-10-27,0.0034445573
1987-10-28,1.0639541
1987-10-29,0.93209124
1987-10-30,0.27983233
1987-10-31,0.0002076392
1987-11-01,0.005129374
1987-11-02,0.0
1987-11-03,0.0011636992
1987-11-04,0.4079355
1987-11-05,7.4653764
1987-11-06,0.5824224
1987-11-07,0.033298988
1987-11-08,0.12194132
1987-11-09,0.35907245
1987-11-10,0.66774696
1987-11-11,0.38737252
1987-11-12,0.035979934
1987-11-13,0.004774941
1987-11-14,0.0
1987-11-15,0.0018491298
1987-11-16,6.044423
1987-11-17,0.74278784
1987-11-18,0.038188607
1987-11-19,0.6820017
1987-11-20,1.4328264
1987-11-21,1.2321393
1987-11-22,0.47513372
1987-11-23,0.043710884
1987-11-24,0.00015420311
1987-11-25,12.781081
1987-11-26,20.200493
1987-11-27,0.03069854
1987-11-28,0.0002571142
1987-11-29,9.104828
1987-11-30,0.43408477
1987-12-01,8.5620165
1987-12-02,6.1774955
1987-12-03,0.32859442
1987-12-04,0.53152794
1987-12-05,0.6768812
1987-12-06,0.38784334
1987-12-07,0.6248219
1987-12-08,0.61077315
1987-12-09,1.190722
1987-12-10,1.0539649
1987-12-11,0.5654872
1987-12-12,7.0494747
1987-12-13,3.4181423
1987-12-14,0.13004233
1987-12-15,0.14041997
1987-12-16,0.1923229
1987-12-17,28.923761
1987-12-18,0.22235735
1987-12-19,19.962006
1987-12-20,0.0
1987-12-21,6.3335366
1987-12-22,0.26298448
1987-12-23,0.25113767
1987-12-24,7.4951854
1987-12-25,0.057548564
1987-12-26,12.99215
1987-12-27,14.203443
1987-12-28,0.16940235
1987-12-29,0.10891298
1987-12-30,0.61206084
1987-12-31,0.003637787
1988-01-01,12.644823
1988-01-02,0.00013666016
1988-01-03,22.451555
1988-01-04,6.378613
1988-01-05,8.306796
1988-01-06,1.5508802
1988-01-07,4.328671e-05
1988-01-08,0.8736983
1988-01-09,0.56987464
1988-01-10,1.3972563
1988-01-11,5.510893
1988-01-12,4.315738
1988-01-13,23.03972
1988-01-14,13.3414135
1988-01-15,1.5790875
1988-01-16,0.05137478
1988-01-17,0.0
1988-01-18,4.219599
1988-01-19,4.133678
1988-01-20,0.0020393995
1988-01-21,0.014352311
1988-01-22,0.6429673
1988-01-23,0.36104354
1988-01-24,0.9179256
1988-01-25,0.030764721
1988-01-26,0.592532
1988-01-27,0.08796351
1988-01-28,5.945697
1988-01-29,0.14683594
1988-01-30,0.6171338
1988-01-31,0.5961525
1988-02-01,10.385204
1988-02-02,8.353896
1988-02-03,0.45010903
1988-02-04,5.3754725
1988-02-05,6.737582
1988-02-06,6.2542844
1988-02-07,1.6433078
1988-02-08,0.08183405
1988-02-09,1.2525076
1988-02-10,0.0
1988-02-11,0.07910218
1988-02-12,0.08016695
1988-02-13,0.0
1988-02-14,0.0
1988-02-15,0.6709494
1988-02-16,0.6616178
1988-02-17,0.027050588
1988-02-18,0.017890332
1988-02-19,0.0028756247
1988-02-20,2.4412162
1988-02-21,2.5834944
1988-02-22,0.25087672
1988-02-23,2.581572
1988-02-24,8.155421
1988-02-25,0.6066587
1988-02-26,0.8117455
1988-02-27,0.79469603
1988-02-28,0.39360914
1988-03-01,0.0068288445
1988-03-02,0.0002776051
1988-03-03,4.0227346
1988-03-04,0.00048408168
1988-03-05,0.40954444
1988-03-06,0.44971243
1988-03-07,0.0
1988-03-08,15.716426
1988-03-09,0.36863104
1988-03-10,12.457192
1988-03-11,0.2119416
1988-03-12,1.02315
1988-03-13,0.2904997
1988-03-14,0.08350718
1988-03-15,1.7531787
1988-03-16,0.13663042
1988-03-17,0.038582187
1988-03-18,1.3974903
1988-03-19,0.00020589899
1988-03-20,7.492047e-06
1988-03-21,0.000548573
1988-03-22,5.4695764
1988-03-23,0.17067982
1988-03-24,10.011575
1988-03-25,2.3521352
1988-03-26,0.00028981717
1988-03-27,0.060793426
1988-03-28,0.24767463
1988-03-29,2.179866
1988-03-30,1.8164151
1988-03-31,17.996775
1988-04-01,3.8779355e-05
1988-04-02,3.2505798
1988-04-03,0.8032047
1988-04-04,1.2026044
1988-04-05,0.12048164
1988-04-06,0.530185
1988-04-07,12.705061
1988-04-08,15.4893
1988-04-09,13.878442
1988-04-10,8.604286
1988-04-11,12.495064
1988-04-12,7.6983294
1988-04-13,6.7709985
1988-04-14,4.586839
1988-04-15,2.5055344
1988-04-16,7.3448787
1988-04-17,4.802886
1988-04-18,0.6332927
1988-04-19,2.4977207
1988-04-20,1.1445469
1988-04-21,0.39919788
1988-04-22,1.316936
1988-04-23,1.2545409
1988-04-24,0.028084226
1988-04-25,0.016922353
1988-04-26,0.45134014
1988-04-27,0.41272405
1988-04-28,0.00024606887
1988-04-29,0.00021391768
1988-04-30,21.089155
1988-05-01,18.796988
1988-05-02,17.062445
1988-05-03,1.371279
1988-05-04,0.39923504
1988-05-05,5.4571595
1988-05-06,4.6184897
1988-05-07,6.759828
1988-05-08,6.085652
1988-05-09,0.7353348
1988-05-10,0.12787163
1988-05-11,6.7982626
1988-05-12,7.3384614
1988-05-13,5.209356
1988-05-14,0.9776758
1988-05-15,0.5138808
1988-05-16,0.8327409
1988-05-17,0.24771833
1988-05-18,0.08894009
1988-05-19,0.617652
1988-05-20,0.019724237
1988-05-21,0.007099583
1988-05-22,0.0014203317
1988-05-23,0.82442105
1988-05-24,0.5941841
1988-05-25,0.40055987
1988-05-26,0.13459727
1988-05-27,2.9860647
1988-05-28,0.5138305
1988-05-29,3.4639132
1988-05-30,9.085928
1988-05-31,0.6568771
1988-06-01,7.599943
1988-06-02,18.597397
1988-06-03,4.625874
1988-06-04,3.430075
1988-06-05,0.22303347
1988-06-06,1.8947868
1988-06-07,0.18196166
1988-06-08,0.000438965
1988-06-09,0.0051662405
1988-06-10,3.392711
1988-06-11,4.4002557
1988-06-12,0.083151706
1988-06-13,0.15208492
1988-06-14,0.0067412537
1988-06-15,0.280309
1988-06-16,0.051410638
1988-06-17,0.8937031
1988-06-18,1.6169819e-05
1988-06-19,12.055706
1988-06-20,5.018734
1988-06-21,0.95546603
1988-06-22,1.8325497
1988-06-23,1.3061792
1988-06-24,5.3504524
1988-06-25,1.9147767
1988-06-26,1.4143609
1988-06-27,3.306542
1988-06-28,0.054629408
1988-06-29,2.0355473
1988-06-30,0.20934671
1988-07-01,0.0012209275
1988-07-02,0.0029129859
1988-07-03,10.206382
1988-07-04,5.109545
1988-07-05,0.22803465
1988-07-06,11.73338
1988-07-07,3.532114
1988-07-08,0.023496266
1988-07-09,7.8177915
1988-07-10,0.52835816
1988-07-11,7.1806736
1988-07-12,20.003609
1988-07-13,0.37728623
1988-07-14,1.1670825
1988-07-15,1.8771434
1988-07-16,0.5331022
1988-07-17,0.5640562
1988-07-18,0.46348026
1988-07-19,0.0148819825
1988-07-20,0.000102594175
1988-07-21,6.6268253
1988-07-22,23.281958
1988-07-23,1.100892
1988-07-24,4.298253
1988-07-25,0.12592599
1988-07-26,7.310474
1988-07-27,13.853546
1988-07-28,3.1445804
1988-07-29,3.9681275
1988-07-30,0.86357075
1988-07-31,5.9482994
1988-08-01,0.013994825
1988-08-02,0.88476866
1988-08-03,4.461768
1988-08-04,0.9856149
1988-08-05,8.854423
1988-08-06,1.9422364
1988-08-07,3.328857
1988-08-08,3.3386934
1988-08-09,6.0735426
1988-08-10,0.13801275
1988-08-11,0.12664759
1988-08-12,31.263777
1988-08-13,2.4835303
1988-08-14,1.3121891
1988-08-15,1.6737725
1988-08-16,0.6590745
1988-08-17,5.4003525
1988-08-18,4.625235
1988-08-19,0.50635207
1988-08-20,1.1811479
1988-08-21,1.7011786
1988-08-22,0.20089844
1988-08-23,0.012290472
1988-08-24,0.31718066
1988-08-25,0.3988365
1988-08-26,4.6790557
1988-08-27,0.047385566
1988-08-28,0.07024706
1988-08-29,0.0022619783
1988-08-30,0.17745331
1988-08-31,0.19399834
1988-09-01,0.19617552
1988-09-02,0.0751687
1988-09-03,0.5173271
1988-09-04,0.10972933
1988-09-05,0.013599089
1988-09-06,0.33518976
1988-09-07,0.90433204
1988-09-08,2.953044
1988-09-09,1.0805027
1988-09-10,20.426537
1988-09-11,23.16225
1988-09-12,3.7483342
1988-09-13,0.34237024
1988-09-14,0.5817489
1988-09-15,1.0663424
1988-09-16,0.0038458963
1988-09-17,1.8504659
1988-09-18,0.22959962
1988-09-19,4.8128166
1988-09-20,0.17253122
1988-09-21,0.35871267
1988-09-22,0.38988006
1988-09-23,0.18967475
1988-09-24,6.3188615
1988-09-25,3.4484942
1988-09-26,0.46638906
1988-09-27,0.48367557
1988-09-28,0.30295923
1988-09-29,1.0452784
1988-09-30,5.472838
1988-10-01,6.65924
1988-10-02,0.22677185
1988-10-03,0.25492182
1988-10-04,0.037825435
1988-10-05,0.57422847
1988-10-06,0.03762034
1988-10-07,13.263917
1988-10-08,29.174599
1988-10-09,0.3104647
1988-10-10,24.508543
1988-10-11,11.021699
1988-10-12,2.940034e-05
1988-10-13,0.015941316
1988-10-14,5.6454444
1988-10-15,21.645859
1988-10-16,0.33203468
1988-10-17,0.06427013
1988-10-18,3.6309578
1988-10-19,0.13898669
1988-10-20,0.0
1988-10-21,1.6094888
1988-10-22,3.3424602
1988-10-23,0.19613239
1988-10-24,0.0
1988-10-25,0.00021175954
1988-10-26,11.924561
1988-10-27,0.12401794
1988-10-28,1.3882585
1988-10-29,1.5425265
1988-10-30,0.4899774
1988-10-31,0.1697222
1988-11-01,14.267631
1988-11-02,38.594917
1988-11-03,0.16822939
1988-11-04,0.16318548
1988-11-05,5.949441
1988-11-06,1.1391786
1988-11-07,1.8060062
1988-11-08,3.1301599
1988-11-09,0.057878323
1988-11-10,6.91082
1988-11-11,9.621245
1988-11-12,3.1685226
1988-11-13,0.016790746
1988-11-14,19.592245
1988-11-15,20.203379
1988-11-16,0.036625795
1988-11-17,0.8843441
1988-11-18,16.147684
1988-11-19,0.011141655
1988-11-20,2.0558486
1988-11-21,11.786333
1988-11-22,0.022887988
1988-11-23,0.4753797
1988-11-24,0.71107274
1988-11-25,0.32391247
1988-11-26,0.14331405
1988-11-27,0.27408105
1988-11-28,4.950779
1988-11-29,0.08263678
1988-11-30,0.15943715
1988-12-01,0.7340439
1988-12-02,3.0474381
1988-12-03,1.43864
1988-12-04,6.8939786
1988-12-05,2.204592
1988-12-06,7.500507
1988-12-07,5.46182
1988-12-08,3.6666758
1988-12-09,0.114962325
1988-12-10,6.2570252
1988-12-11,2.5350194
1988-12-12,0.46304727
1988-12-13,0.57463795
1988-12-14,0.006883026
1988-12-15,0.0
1988-12-16,0.0
1988-12-17,0.046656717
1988-12-18,0.0
1988-12-19,0.0
1988-12-20,0.078328736
1988-12-21,0.0
1988-12-22,0.0
1988-12-23,1.033443
1988-12-24,0.5297927
1988-12-25,1.3121078
1988-12-26,0.12101704
1988-12-27,1.2055739
1988-12-28,0.14860983
1988-12-29,0.036646746
1988-12-30,12.984694
1988-12-31,9.798441
1989-01-01,0.4605861
1989-01-02,0.004797451
1989-01-03,34.44202
1989-01-04,5.828494
1989-01-05,0.02508382
1989-01-06,0.0
1989-01-07,0.04904558
1989-01-08,0.6965331
1989-01-09,0.25086543
1989-01-10,13.508196
1989-01-11,6.7388268
1989-01-12,0.47091672
1989-01-13,9.183929
1989-01-14,25.221535
1989-01-15,16.976366
1989-01-16,2.1948085
1989-01-17,8.53034
1989-01-18,1.5569932
1989-01-19,3.329871
1989-01-20,0.32442823
1989-01-21,12.497961
1989-01-22,12.485254
1989-01-23,0.10254063
1989-01-24,1.8000469
1989-01-25,1.2858247
1989-01-26,1.0744723
1989-01-27,1.2663989
1989-01-28,5.3401895
1989-01-29,1.2949778
1989-01-30,0.8828974
1989-01-31,2.4448154
1989-02-01,0.23927863
1989-02-02,0.13155495
1989-02-03,0.7664703
1989-02-04,9.420062
1989-02-05,22.858551
1989-02-06,0.7204329
1989-02-07,12.51385
1989-02-08,1.0981586
1989-02-09,0.25356123
1989-02-10,0.07188948
1989-02-11,0.060837656
1989-02-12,0.0018303356
1989-02-13,0.07400147
1989-02-14,0.0009088465
1989-02-15,0.0015110231
1989-02-16,0.14746508
1989-02-17,0.8337888
1989-02-18,10.939348
1989-02-19,0.43148744
1989-02-20,0.34128717
1989-02-21,0.74345756
1989-02-22,12.867453
1989-02-23,30.335123
1989-02-24,2.7151716
1989-02-25,0.52162385
1989-02-26,0.27668843
1989-02-27,0.26186708
1989-02-28,0.0326646
1989-03-01,0.16285907
1989-03-02,0.07417362
1989-03-03,0.9481717
1989-03-04,9.7055645
1989-03-05,3.236266
1989-03-06,0.43578666
1989-03-07,1.3289536
1989-03-08,0.2201131
1989-03-09,0.024668707
1989-03-10,8.957261
1989-03-11,13.66236
1989-03-12,1.0077438
1989-03-13,0.06339362
1989-03-14,10.390226
1989-03-15,0.20084862
1989-03-16,1.3268611
1989-03-17,2.4009316
1989-03-18,0.69472694
1989-03-19,3.7542117
1989-03-20,1.5259906
1989-03-21,0.00018368951
1989-03-22,1.3353885
1989-03-23,11.052179
1989-03-24,0.902569
1989-03-25,0.10778061
1989-03-26,0.01137118
1989-03-27,12.808063
1989-03-28,1.6922001
1989-03-29,0.6792225
1989-03-30,0.00011650626
1989-03-31,8.920709
1989-04-01,0.5960767
1989-04-02,18.89102
1989-04-03,1.6195841
1989-04-04,0.0096081635
1989-04-05,0.044222906
1989-04-06,2.6774654
1989-04-07,3.1004717
1989-04-08,0.07536065
1989-04-09,0.089348204
1989-04-10,29.527695
1989-04-11,8.119933
1989-04-12,1.0997006
1989-04-13,0.88375556
1989-04-14,6.5253825
1989-04-15,2.0534465
1989-04-16,0.15397733
1989-04-17,0.0
1989-04-18,0.0
1989-04-19,0.00013840281
1989-04-20,5.824295
1989-04-21,14.852083
1989-04-22,2.035156
1989-04-23,4.3757315
1989-04-24,11.512694
1989-04-25,0.09620667
1989-04-26,0.44394863
1989-04-27,0.45000154
1989-04-28,0.0
1989-04-29,0.0016554593
1989-04-30,0.19874167
1989-05-01,0.34013137
1989-05-02,0.23158564
1989-05-03,0.0
1989-05-04,0.004621939
1989-05-05,0.56752753
1989-05-06,0.46718493
1989-05-07,7.634067
1989-05-08,4.9615088
1989-05-09,1.2513984
1989-05-10,2.381604
1989-05-11,1.265147
1989-05-12,6.840208
1989-05-13,1.8521371
1989-05-14,0.5491316
1989-05-15,0.11490835
1989-05-16,0.54334587
1989-05-17,4.1373854
1989-05-18,5.3965216
1989-05-19,12.826653
1989-05-20,5.869289
1989-05-21,4.4042315
1989-05-22,5.6309266
1989-05-23,4.3377624
1989-05-24,11.497897
1989-05-25,9.226207
1989-05-26,4.9208646
1989-05-27,5.5424204
1989-05-28,3.0061102
1989-05-29,0.061771836
1989-05-30,0.1117126
1989-05-31,0.20017707
1989-06-01,0.0
1989-06-02,0.0069092545
1989-06-03,1.4527044
1989-06-04,2.3697886
1989-06-05,0.01005019
1989-06-06,1.5335742
1989-06-07,0.030407077
1989-06-08,1.0712576
1989-06-09,2.2290154
1989-06-10,3.1656396
1989-06-11,2.8433669
1989-06-12,5.7588215
1989-06-13,0.008893286
1989-06-14,0.12666044
1989-06-15,1.118854
1989-06-16,3.2736108
1989-06-17,0.01013452
1989-06-18,0.12778601
1989-06-19,0.0092600575
1989-06-20,0.7068954
1989-06-21,1.3055797
1989-06-22,0.01717075
1989-06-23,6.567412
1989-06-24,18.863796
1989-06-25,1.9114712
1989-06-26,0.044427764
1989-06-27,0.07755701
1989-06-28,0.9022848
1989-06-29,0.07757953
1989-06-30,0.45034215
1989-07-01,1.0092922
1989-07-02,0.5947084
1989-07-03,17.40323
1989-07-04,7.344791
1989-07-05,2.0635748
1989-07-06,25.722027
1989-07-07,6.9263787
1989-07-08,19.599407
1989-07-09,4.3358903
1989-07-10,5.339208
1989-07-11,1.1744683
1989-07-12,1.8212285
1989-07-13,17.132214
1989-07-14,0.1443634
1989-07-15,0.06585629
1989-07-16,0.053557158
1989-07-17,1.6445882
1989-07-18,2.5606365
1989-07-19,14.531994
1989-07-20,10.605104
1989-07-21,5.415354
1989-07-22,2.0686874
1989-07-23,0.26091525
1989-07-24,17.677082
1989-07-25,3.7872205
1989-07-26,2.698264
1989-07-27,0.3018507
1989-07-28,0.055043075
1989-07-29,0.0009766981
1989-07-30,0.000997816
1989-07-31,0.65892714
1989-08-01,2.6507542
1989-08-02,3.5158994
1989-08-03,2.6377604
1989-08-04,0.067586705
1989-08-05,0.18833508
1989-08-06,0.85487276
1989-08-07,1.2901642
1989-08-08,0.12122555
1989-08-09,0.14861
1989-08-10,5.0833554
1989-08-11,0.71749353
1989-08-12,0.08874701
1989-08-13,0.0009989962
1989-08-14,5.2088076e-06
1989-08-15,1.9852052
1989-08-16,0.093928605
1989-08-17,16.21264
1989-08-18,0.72608215
1989-08-19,0.34794357
1989-08-20,0.07824809
1989-08-21,2.7630837
1989-08-22,7.7585363
1989-08-23,1.5141035
1989-08-24,8.962142
1989-08-25,8.357088
1989-08-26,10.212717
1989-08-27,3.4923112
1989-08-28,10.483326
1989-08-29,13.947245
1989-08-30,3.107264
1989-08-31,14.027528
1989-09-01,9.292751
1989-09-02,4.227784
1989-09-03,2.6980262
1989-09-04,2.037342
1989-09-05,0.26831734
1989-09-06,0.05754128
1989-09-07,0.28311673
1989-09-08,0.5739241
1989-09-09,0.28585604
1989-09-10,24.980528
1989-09-11,0.8385995
1989-09-12,0.079092786
1989-09-13,0.06353566
1989-09-14,0.17241041
1989-09-15,0.018361785
1989-09-16,0.02654996
1989-09-17,21.180454
1989-09-18,2.784206
1989-09-19,0.014976051
1989-09-20,0.07540725
1989-09-21,0.8574303
1989-09-22,0.19263396
1989-09-23,0.8330139
1989-09-24,0.2389319
1989-09-25,0.009231782
1989-09-26,1.1414648
1989-09-27,0.00018102075
1989-09-28,2.9103482
1989-09-29,0.6005231
1989-09-30,0.0099025285
1989-10-01,5.7281857
1989-10-02,31.22144
1989-10-03,0.4935818
1989-10-04,1.2926303
1989-10-05,4.5445576
1989-10-06,3.41241
1989-10-07,25.496801
1989-10-08,4.1303077
1989-10-09,0.293034
1989-10-10,0.12845911
1989-10-11,0.21412532
1989-10-12,24.810497
1989-10-13,4.4862666
1989-10-14,0.7807079
1989-10-15,2.2647097
1989-10-16,0.1658829
1989-10-17,0.00034968587
1989-10-18,0.20722619
1989-10-19,0.02389196
1989-10-20,0.019195978
1989-10-21,0.70586205
1989-10-22,0.15286613
1989-10-23,0.0027717697
1989-10-24,0.12189646
1989-10-25,18.28221
1989-10-26,2.0131228
1989-10-27,0.7723715
1989-10-28,0.28794184
1989-10-29,3.022585
1989-10-30,0.16978897
1989-10-31,1.2844172
1989-11-01,0.78232443
1989-11-02,0.3574562
1989-11-03,1.395932
1989-11-04,0.035923023
1989-11-05,0.028213823
1989-11-06,21.862097
1989-11-07,9.639863
1989-11-08,2.063884
1989-11-09,0.024367094
1989-11-10,0.8975849
1989-11-11,0.06769197
1989-11-12,2.8235219
1989-11-13,37.448612
1989-11-14,6.9440175e-05
1989-11-15,0.26883912
1989-11-16,0.23860969
1989-11-17,2.5592122
1989-11-18,26.800224
1989-11-19,11.354377
1989-11-20,3.5863123
1989-11-21,0.93250686
1989-11-22,8.7444
1989-11-23,4.3866663
1989-11-24,0.52010643
1989-11-25,0.022768639
1989-11-26,0.117211774
1989-11-27,15.965948
1989-11-28,40.029217
1989-11-29,0.48394677
1989-11-30,0.21975707
1989-12-01,0.75625557
1989-12-02,13.678817
1989-12-03,2.728604
1989-12-04,0.10499771
1989-12-05,6.7214794
1989-12-06,14.99902
1989-12-07,0.994665
1989-12-08,0.5463151
1989-12-09,1.1202806
1989-12-10,3.3577225
1989-12-11,2.1518219
1989-12-12,1.0134835
1989-12-13,3.8356452
1989-12-14,0.12301811
1989-12-15,31.349405
1989-12-16,0.44251326
1989-12-17,0.2763771
1989-12-18,0.020013275
1989-12-19,22.696236
1989-12-20,0.5453903
1989-12-21,7.8997684
1989-12-22,7.456354
1989-12-23,0.30344972
1989-12-24,0.05934105
1989-12-25,0.15096134
1989-12-26,10.803028
1989-12-27,0.13586278
1989-12-28,0.032746762
1989-12-29,6.0234933
1989-12-30,7.0346537
1989-12-31,0.1326859
1990-01-01,0.38274363
1990-01-02,20.407532
1990-01-03,12.500481
1990-01-04,0.0033956298
1990-01-05,0.3492009
1990-01-06,0.07782878
1990-01-07,0.14872552
1990-01-08,8.613446
1990-01-09,0.08622397
1990-01-10,2.0448353
1990-01-11,7.6294026
1990-01-12,11.271607
1990-01-13,1.6117429
1990-01-14,2.0088832
1990-01-15,12.665856
1990-01-16,0.78917783
1990-01-17,0.133774
1990-01-18,13.914422
1990-01-19,0.91271985
1990-01-20,0.47976163
1990-01-21,1.5157151
1990-01-22,13.15775
1990-01-23,4.4105906
1990-01-24,0.6806837
1990-01-25,2.0964754
1990-01-26,0.4383037
1990-01-27,2.2622128
1990-01-28,7.9978166
1990-01-29,1.1255568
1990-01-30,0.07633424
1990-01-31,0.005501592
1990-02-01,0.4264889
1990-02-02,0.028519938
1990-02-03,1.2810291
1990-02-04,0.31814978
1990-02-05,0.012818372
1990-02-06,0.6075912
1990-02-07,4.650712
1990-02-08,1.490289
1990-02-09,0.03582401
1990-02-10,0.31543675
1990-02-11,4.0401587
1990-02-12,22.479525
1990-02-13,3.3683178
1990-02-14,0.64631647
1990-02-15,0.01378824
1990-02-16,0.14550069
1990-02-17,8.930665e-05
1990-02-18,11.205581
1990-02-19,13.49234
1990-02-20,11.262975
1990-02-21,2.0089102
1990-02-22,0.021517374
1990-02-23,0.0
1990-02-24,0.0008310965
1990-02-25,0.0
1990-02-26,12.913456
1990-02-27,9.379771
1990-02-28,0.26145345
1990-03-01,0.047044277
1990-03-02,0.00016027516
1990-03-03,1.4669614
1990-03-04,0.012732084
1990-03-05,0.022504633
1990-03-06,0.2787575
1990-03-07,0.45539457
1990-03-08,0.70006764
1990-03-09,0.021296022
1990-03-10,0.00049102906
1990-03-11,0.042422935
1990-03-12,7.5404654
1990-03-13,1.342723
1990-03-14,0.3699949
1990-03-15,6.3193088
1990-03-16,0.16652265
1990-03-17,1.418655
1990-03-18,2.044965
1990-03-19,0.59537417
1990-03-20,1.9923016
1990-03-21,0.5127815
1990-03-22,0.27333915
1990-03-23,1.1042438
1990-03-24,1.1367292
1990-03-25,0.08257295
1990-03-26,6.5329027
1990-03-27,14.309451
1990-03-28,0.0
1990-03-29,0.006242303
1990-03-30,21.978064
1990-03-31,6.874869
1990-04-01,15.20848
1990-04-02,5.360041
1990-04-03,0.80722535
1990-04-04,0.0
1990-04-05,0.040460035
1990-04-06,1.1338333
1990-04-07,0.56640446
1990-04-08,0.07904582
1990-04-09,0.39126414
1990-04-10,1.164746
1990-04-11,0.91608953
1990-04-12,1.6675184
1990-04-13,14.106643
1990-04-14,4.3605356
1990-04-15,1.4867688
1990-04-16,3.6071658
1990-04-17,1.4669185
1990-04-18,0.10562667
1990-04-19,2.6406353
1990-04-20,0.276547
1990-04-21,0.46388435
1990-04-22,0.0051901136
1990-04-23,0.04389684
1990-04-24,0.13596241
1990-04-25,6.3302336
1990-04-26,6.4507313
1990-04-27,0.32194662
1990-04-28,10.272371
1990-04-29,1.0952958
1990-04-30,0.21476702
1990-05-01,0.36896002
1990-05-02,0.5089365
1990-05-03,1.0790639
1990-05-04,0.8511172
1990-05-05,0.44271073
1990-05-06,0.0030725773
1990-05-07,0.0005968783
1990-05-08,0.00020333355
1990-05-09,0.3497342
1990-05-10,0.46918252
1990-05-11,0.40597242
1990-05-12,3.218557
1990-05-13,0.8111163
1990-05-14,0.16463637
1990-05-15,7.473897e-06
1990-05-16,0.09265259
1990-05-17,7.3554945
1990-05-18,5.005337
1990-05-19,8.110363
1990-05-20,5.010805
1990-05-21,1.3119384
1990-05-22,1.714905
1990-05-23,1.1503296
1990-05-24,19.37038
1990-05-25,8.4117775
1990-05-26,3.0326335
1990-05-27,0.15493694
1990-05-28,15.618527
1990-05-29,2.5874364
1990-05-30,1.9521639
1990-05-31,0.06805052
1990-06-01,1.4095786
1990-06-02,5.574769
1990-06-03,3.6220682
1990-06-04,2.076872
1990-06-05,0.016215054
1990-06-06,5.9955096
1990-06-07,2.9817376
1990-06-08,2.9155629
1990-06-09,0.54701656
1990-06-10,2.0959685
1990-06-11,0.864601
1990-06-12,0.40157005
1990-06-13,1.2048204
1990-06-14,3.412918
1990-06-15,1.8537352
1990-06-16,2.9725819
1990-06-17,1.0831773
1990-06-18,0.018837996
1990-06-19,0.000429217
1990-06-20,2.5780787
1990-06-21,2.3431149
1990-06-22,1.0709077
1990-06-23,0.1591381
1990-06-24,1.1547409
1990-06-25,0.0
1990-06-26,0.0029054836
1990-06-27,3.8664992
1990-06-28,3.6528263
1990-06-29,1.3195181
1990-06-30,2.3801253
1990-07-01,2.7146976
1990-07-02,2.391963
1990-07-03,0.6133814
1990-07-04,3.2694275
1990-07-05,1.4904324
1990-07-06,5.656581
1990-07-07,0.31331193
1990-07-08,0.09939118
1990-07-09,6.4966455
1990-07-10,1.6420668
1990-07-11,2.5111244
1990-07-12,0.12487115
1990-07-13,2.4940164
1990-07-14,0.42335516
1990-07-15,3.244878
1990-07-16,1.4759231
1990-07-17,1.034744
1990-07-18,0.0033355732
1990-07-19,0.53663135
1990-07-20,1.2608304
1990-07-21,0.534587
1990-07-22,0.06770144
1990-07-23,9.148541
1990-07-24,0.72768927
1990-07-25,1.1920644
1990-07-26,0.02083726
1990-07-27,10.422662
1990-07-28,3.5767643
1990-07-29,0.21400648
1990-07-30,0.0041764015
1990-07-31,2.4210253
1990-08-01,5.936792
1990-08-02,0.06749269
1990-08-03,4.671247
1990-08-04,0.19296674
1990-08-05,0.013275414
1990-08-06,0.023504205
1990-08-07,1.4817638
1990-08-08,2.705438
1990-08-09,3.0788965
1990-08-10,2.1854572
1990-08-11,2.7502496
1990-08-12,0.048071466
1990-08-13,12.218572
1990-08-14,7.143991
1990-08-15,0.88349617
1990-08-16,0.27715537
1990-08-17,8.736483
1990-08-18,0.23036993
1990-08-19,2.496948
1990-08-20,4.6799254
1990-08-21,4.6274104
1990-08-22,0.026147293
1990-08-23,0.039633136
1990-08-24,1.7801607
1990-08-25,0.7424505
1990-08-26,9.640998
1990-08-27,7.242535
1990-08-28,0.6003854
1990-08-29,1.45067
1990-08-30,0.13105825
1990-08-31,2.6607764
1990-09-01,3.9735677
1990-09-02,5.830536
1990-09-03,4.0929666
1990-09-04,5.0277643
1990-09-05,6.260499
1990-09-06,0.0072470796
1990-09-07,0.20541404
1990-09-08,1.1825271
1990-09-09,0.001627434
1990-09-10,0.33680087
1990-09-11,10.0034895
1990-09-12,3.549407
1990-09-13,3.2493663
1990-09-14,0.16593422
1990-09-15,2.037023
1990-09-16,2.147225
1990-09-17,0.00024013901
1990-09-18,4.8379593
1990-09-19,5.714085
1990-09-20,0.30819646
1990-09-21,0.0
1990-09-22,3.2956338
1990-09-23,0.22934131
1990-09-24,0.00085022236
1990-09-25,0.0
1990-09-26,13.818931
1990-09-27,2.4222126
1990-09-28,0.001230883
1990-09-29,0.91565084
1990-09-30,0.041998297
1990-10-01,0.0
1990-10-02,0.0
1990-10-03,0.012385469
1990-10-04,0.011867315
1990-10-05,0.41041166
1990-10-06,0.01902886
1990-10-07,0.0005665718
1990-10-08,1.0571284
1990-10-09,8.858101
1990-10-10,2.6997302
1990-10-11,7.8124695
1990-10-12,4.082671
1990-10-13,0.0051437225
1990-10-14,0.0
1990-10-15,0.0
1990-10-16,0.001850358
1990-10-17,1.8543443e-06
1990-10-18,0.0
1990-10-19,4.4441915
1990-10-20,4.032983
1990-10-21,0.014993858
1990-10-22,0.00017937423
1990-10-23,0.10358459
1990-10-24,0.0038109338
1990-10-25,1.2397138
1990-10-26,10.426347
1990-10-27,1.784463
1990-10-28,2.1368709
1990-10-29,2.6756012
1990-10-30,3.2200673
1990-10-31,0.16906999
1990-11-01,0.37935442
1990-11-02,12.969503
1990-11-03,26.469845
1990-11-04,1.057095
1990-11-05,10.013864
1990-11-06,0.036881447
1990-11-07,14.570763
1990-11-08,0.35907155
1990-11-09,0.28293473
1990-11-10,0.18679225
1990-11-11,3.857166
1990-11-12,22.003204
1990-11-13,0.9617079
1990-11-14,0.21646017
1990-11-15,0.118581
1990-11-16,0.11848292
1990-11-17,0.0103253415
1990-11-18,1.2847084
1990-11-19,18.85077
1990-11-20,0.0
1990-11-21,8.018265
1990-11-22,35.852364
1990-11-23,2.6979923
1990-11-24,44.394066
1990-11-25,0.16654761
1990-11-26,0.0
1990-11-27,15.560536
1990-11-28,34.24399
1990-11-29,4.697265
1990-11-30,1.8813368
1990-12-01,1.8702419
1990-12-02,5.0144253
1990-12-03,1.835608
1990-12-04,5.1999135
1990-12-05,0.8481527
1990-12-06,0.019918578
1990-12-07,0.007135889
1990-12-08,12.047431
1990-12-09,0.09952802
1990-12-10,8.636166
1990-12-11,8.512367
1990-12-12,10.010881
1990-12-13,1.5380263
1990-12-14,1.2596096
1990-12-15,2.195669
1990-12-16,12.159636
1990-12-17,0.61402184
1990-12-18,0.60515684
1990-12-19,1.4680815
1990-12-20,0.24313748
1990-12-21,0.0
1990-12-22,0.0027890461
1990-12-23,19.688448
1990-12-24,0.3556897
1990-12-25,0.4305163
1990-12-26,3.2741144
1990-12-27,2.8849468
1990-12-28,0.7821057
1990-12-29,0.1727958
1990-12-30,23.213242
1990-12-31,16.394156
1991-01-01,0.29651174
1991-01-02,0.582782
1991-01-03,0.8035647
1991-01-04,3.407099
1991-01-05,3.340939
1991-01-06,2.395836
1991-01-07,6.985144
1991-01-08,19.196146
1991-01-09,1.1173282
1991-01-10,1.1405115
1991-01-11,2.0992115
1991-01-12,5.6180234
1991-01-13,0.2604697
1991-01-14,0.5969702
1991-01-15,8.2824
1991-01-16,2.8455164
1991-01-17,0.3767096
1991-01-18,0.00014448506
1991-01-19,15.488947
1991-01-20,0.28436545
1991-01-21,0.27168897
1991-01-22,0.17662297
1991-01-23,0.44511732
1991-01-24,1.4633454
1991-01-25,0.008678197
1991-01-26,0.13708085
1991-01-27,0.03128801
1991-01-28,0.017046053
1991-01-29,2.6159098
1991-01-30,14.325722
1991-01-31,7.1985054
1991-02-01,0.8715917
1991-02-02,0.00027292405
1991-02-03,0.0011418619
1991-02-04,1.9390996
1991-02-05,3.304035
1991-02-06,0.19853319
1991-02-07,0.019853894
1991-02-08,0.34496173
1991-02-09,0.2269336
1991-02-10,0.08019165
1991-02-11,0.040575482
1991-02-12,3.9008565
1991-02-13,3.9144006
1991-02-14,0.36462966
1991-02-15,1.862017
1991-02-16,0.15339498
1991-02-17,0.08381145
1991-02-18,0.0027870089
1991-02-19,0.044438265
1991-02-20,0.0
1991-02-21,0.026562147
1991-02-22,11.276214
1991-02-23,1.6684663
1991-02-24,0.0
1991-02-25,0.0
1991-02-26,6.2015486
1991-02-27,12.705463
1991-02-28,3.6283433
1991-03-01,0.08021418
1991-03-02,0.78446317
1991-03-03,2.190217
1991-03-04,12.580366
1991-03-05,0.67742103
1991-03-06,29.532074
1991-03-07,21.686386
1991-03-08,0.18677814
1991-03-09,0.22914012
1991-03-10,1.3304052
1991-03-11,4.386207
1991-03-12,2.7261755
1991-03-13,1.8776332
1991-03-14,0.42092785
1991-03-15,0.016735716
1991-03-16,0.0
1991-03-17,0.000115163355
1991-03-18,0.00016383684
1991-03-19,1.827544
1991-03-20,0.0002872432
1991-03-21,0.8702767
1991-03-22,4.4558697
1991-03-23,1.2004704
1991-03-24,0.2629075
1991-03-25,2.3994696
1991-03-26,8.387635
1991-03-27,9.111759
1991-03-28,4.0826516
1991-03-29,0.11481905
1991-03-30,0.032541838
1991-03-31,4.958648
1991-04-01,1.1225357
1991-04-02,0.5797343
1991-04-03,2.5976129
1991-04-04,1.1171908
1991-04-05,0.012532202
1991-04-06,3.2463076
1991-04-07,0.536774
1991-04-08,0.6422017
1991-04-09,0.08798838
1991-04-10,0.007106098
1991-04-11,0.0
1991-04-12,0.0
1991-04-13,0.08525553
1991-04-14,0.08440402
1991-04-15,3.7312636
1991-04-16,0.084916376
1991-04-17,0.7902501
1991-04-18,7.7166862
1991-04-19,1.2975808
1991-04-20,0.35401145
1991-04-21,0.04243413
1991-04-22,15.766102
1991-04-23,8.093825
1991-04-24,1.3214313
1991-04-25,0.0015834572
1991-04-26,0.28278744
1991-04-27,0.26458684
1991-04-28,0.00035159642
1991-04-29,0.0
1991-04-30,1.634582
1991-05-01,11.319773
1991-05-02,0.99445665
1991-05-03,0.00022527899
1991-05-04,1.1784667
1991-05-05,0.0013234826
1991-05-06,0.0013830004
1991-05-07,5.4971237
1991-05-08,4.536194
1991-05-09,0.68015885
1991-05-10,1.3936155
1991-05-11,8.486218
1991-05-12,3.7268095
1991-05-13,0.025029793
1991-05-14,1.5819551
1991-05-15,5.631968
1991-05-16,5.4388785
1991-05-17,1.8639425
1991-05-18,2.7570643
1991-05-19,1.239581
1991-05-20,1.3112234
1991-05-21,2.035778
1991-05-22,0.44175723
1991-05-23,2.778294
1991-05-24,17.409777
1991-05-25,4.7602654
1991-05-26,0.098758526
1991-05-27,0.18961549
1991-05-28,0.08379596
1991-05-29,0.096020445
1991-05-30,0.048185166
1991-05-31,1.4404362
1991-06-01,2.434331
1991-06-02,0.692606
1991-06-03,1.3511784
1991-06-04,0.97203165
1991-06-05,11.918166
1991-06-06,2.9508443
1991-06-07,0.005529235
1991-06-08,22.021345
1991-06-09,14.249339
1991-06-10,1.0236037
1991-06-11,1.1106181
1991-06-12,0.68848073
1991-06-13,8.365485
1991-06-14,5.132093
1991-06-15,0.6022232
1991-06-16,0.021230604
1991-06-17,1.3437626
1991-06-18,4.1648045
1991-06-19,0.25211513
1991-06-20,0.25115383
1991-06-21,0.34066325
1991-06-22,2.7795954
1991-06-23,2.847016
1991-06-24,7.844456
1991-06-25,0.18038699
1991-06-26,0.6880481
1991-06-27,0.27906007
1991-06-28,8.292016
1991-06-29,7.19002
1991-06-30,0.06349723
1991-07-01,3.5716226
1991-07-02,2.5575538
1991-07-03,2.2133358
1991-07-04,1.4263847
1991-07-05,0.17486548
1991-07-06,6.828086
1991-07-07,9.338599
1991-07-08,5.4759994
1991-07-09,2.324394
1991-07-10,1.0942807
1991-07-11,4.6264834
1991-07-12,0.0014254795
1991-07-13,1.5927833
1991-07-14,2.5239131
1991-07-15,0.0
1991-07-16,0.0
1991-07-17,0.054904502
1991-07-18,4.4570727
1991-07-19,10.287947
1991-07-20,0.627452
1991-07-21,0.8072124
1991-07-22,0.7816145
1991-07-23,2.4928803
1991-07-24,2.5013852
1991-07-25,3.6635208
1991-07-26,0.9701056
1991-07-27,0.02080331
1991-07-28,2.3586063
1991-07-29,7.882806
1991-07-30,3.2042897
1991-07-31,0.24116221
1991-08-01,0.13449064
1991-08-02,0.26769263
1991-08-03,6.7780504
1991-08-04,0.0050177816
1991-08-05,2.5794013
1991-08-06,13.444873
1991-08-07,0.45603874
1991-08-08,1.0846474
1991-08-09,2.422111
1991-08-10,0.025494812
1991-08-11,5.0213776
1991-08-12,7.0489087
1991-08-13,0.2023591
1991-08-14,0.18142794
1991-08-15,1.687174
1991-08-16,0.37387305
1991-08-17,1.0280591
1991-08-18,2.4128923
1991-08-19,22.1097
1991-08-20,0.6864313
1991-08-21,0.88704073
1991-08-22,2.219274
1991-08-23,2.3827684
1991-08-24,0.7736398
1991-08-25,0.003267334
1991-08-26,0.0
1991-08-27,0.010309587
1991-08-28,6.248691
1991-08-29,19.40985
1991-08-30,8.162281
1991-08-31,3.6975093
1991-09-01,0.62312734
1991-09-02,0.09620624
1991-09-03,0.019772837
1991-09-04,0.0
1991-09-05,0.600483
1991-09-06,0.0075598652
1991-09-07,0.09185673
1991-09-08,0.91513824
1991-09-09,34.865456
1991-09-10,21.879269
1991-09-11,3.067931
1991-09-12,3.524646
1991-09-13,0.3855251
1991-09-14,0.0
1991-09-15,0.0
1991-09-16,2.1289885e-05
1991-09-17,0.0040224823
1991-09-18,0.22474413
1991-09-19,0.0009872139
1991-09-20,0.3565774
1991-09-21,0.107678436
1991-09-22,3.0927598
1991-09-23,1.0599482
1991-09-24,38.974953
1991-09-25,1.1581128
1991-09-26,0.0019830943
1991-09-27,0.000639978
1991-09-28,0.0
1991-09-29,0.0859781
1991-09-30,0.0651871
1991-10-01,0.0022844875
1991-10-02,1.0312992
1991-10-03,0.013277254
1991-10-04,0.0
1991-10-05,0.0
1991-10-06,0.00037401888
1991-10-07,0.0
1991-10-08,0.0
1991-10-09,0.008121794
1991-10-10,4.0213417e-05
1991-10-11,0.03191177
1991-10-12,0.0075525134
1991-10-13,3.924942
1991-10-14,1.9110274
1991-10-15,15.783944
1991-10-16,0.07162558
1991-10-17,0.95962536
1991-10-18,10.929969
1991-10-19,0.034354046
1991-10-20,0.0
1991-10-21,12.721885
1991-10-22,2.8049376
1991-10-23,13.925388
1991-10-24,2.3281283
1991-10-25,5.5324125
1991-10-26,0.19636862
1991-10-27,0.0363685
1991-10-28,21.789042
1991-10-29,0.023031535
1991-10-30,0.107314125
1991-10-31,1.4958856
1991-11-01,16.276731
1991-11-02,0.0
1991-11-03,0.98980796
1991-11-04,16.32244
1991-11-05,19.934612
1991-11-06,1.8701813
1991-11-07,0.0074908775
1991-11-08,7.502802
1991-11-09,8.266379
1991-11-10,0.0037469442
1991-11-11,0.0
1991-11-12,0.17983627
1991-11-13,8.768756
1991-11-14,12.360456
1991-11-15,0.80727905
1991-11-16,0.4533687
1991-11-17,0.71489537
1991-11-18,2.1525414
1991-11-19,3.0963705
1991-11-20,1.4504374
1991-11-21,1.1784593
1991-11-22,0.22547641
1991-11-23,4.7419357
1991-11-24,6.5326247
1991-11-25,0.5583429
1991-11-26,0.34595636
1991-11-27,0.48741385
1991-11-28,17.072824
1991-11-29,0.8123936
1991-11-30,0.19308096
1991-12-01,0.14770384
1991-12-02,0.08956004
1991-12-03,0.8273113
1991-12-04,1.4190302
1991-12-05,1.379056
1991-12-06,1.5247396
1991-12-07,0.6229661
1991-12-08,0.4986564
1991-12-09,0.43222606
1991-12-10,2.9490585
1991-12-11,19.090303
1991-12-12,0.04707823
1991-12-13,0.13436872
1991-12-14,0.14150926
1991-12-15,0.0
1991-12-16,0.0
1991-12-17,0.022691779
1991-12-18,10.013631
1991-12-19,19.277058
1991-12-20,0.036150087
1991-12-21,0.94044507
1991-12-22,0.05293025
1991-12-23,0.2094376
1991-12-24,2.4621923
1991-12-25,0.13436952
1991-12-26,1.2749654
1991-12-27,0.77528685
1991-12-28,0.8522123
1991-12-29,0.42568505
1991-12-30,0.558657
1991-12-31,0.58478963
1992-01-01,0.5982465
1992-01-02,0.00013206365
1992-01-03,0.026777571
1992-01-04,0.07744681
1992-01-05,1.6641293
1992-01-06,0.8325813
1992-01-07,0.27724
1992-01-08,3.495346
1992-01-09,11.033507
1992-01-10,8.466716
1992-01-11,0.9300508
1992-01-12,0.0
1992-01-13,0.03650464
1992-01-14,0.042465214
1992-01-15,0.0
1992-01-16,3.3094275
1992-01-17,0.062021203
1992-01-18,0.17525993
1992-01-19,12.873593
1992-01-20,11.042398
1992-01-21,0.13943924
1992-01-22,5.5023446
1992-01-23,1.2292472
1992-01-24,0.08870258
1992-01-25,0.051991627
1992-01-26,0.0
1992-01-27,0.06013254
1992-01-28,11.879034
1992-01-29,1.7500255
1992-01-30,0.24361897
1992-01-31,0.43214116
1992-02-01,23.547663
1992-02-02,0.70417446
1992-02-03,26.337341
1992-02-04,5.318305
1992-02-05,1.6918035
1992-02-06,4.5394835
1992-02-07,0.46439964
1992-02-08,0.21362223
1992-02-09,3.8455017
1992-02-10,9.590001
1992-02-11,0.15860428
1992-02-12,2.6575172
1992-02-13,0.7853763
1992-02-14,0.44322318
1992-02-15,0.06822541
1992-02-16,0.15804803
1992-02-17,2.4656153
1992-02-18,3.0433142
1992-02-19,1.3458463
1992-02-20,0.009352215
1992-02-21,3.3875864
1992-02-22,0.8830445
1992-02-23,0.009381957
1992-02-24,4.2829914
1992-02-25,0.0363906
1992-02-26,0.0043246686
1992-02-27,0.11867682
1992-02-28,0.09773882
1992-03-01,26.868229
1992-03-02,2.669919
1992-03-03,0.75471145
1992-03-04,0.36059937
1992-03-05,0.110331126
1992-03-06,0.058100477
1992-03-07,0.19362405
1992-03-08,0.01166396
1992-03-09,23.503132
1992-03-10,8.931853
1992-03-11,0.32218558
1992-03-12,9.68684
1992-03-13,10.774111
1992-03-14,0.15851422
1992-03-15,9.239508
1992-03-16,6.01236
1992-03-17,0.0
1992-03-18,0.00025194252
1992-03-19,1.5977428e-05
1992-03-20,0.015913213
1992-03-21,11.161753
1992-03-22,21.983109
1992-03-23,12.094079
1992-03-24,1.9051714
1992-03-25,0.04790405
1992-03-26,0.73707795
1992-03-27,0.21870472
1992-03-28,0.0
1992-03-29,0.0046197176
1992-03-30,7.464551
1992-03-31,1.0425276
1992-04-01,0.6005783
1992-04-02,0.049273077
1992-04-03,0.07855779
1992-04-04,0.020090431
1992-04-05,0.00024847488
1992-04-06,0.24916783
1992-04-07,15.904179
1992-04-08,8.938403
1992-04-09,20.631628
1992-04-10,3.3282597
1992-04-11,5.7452817
1992-04-12,1.8235607
1992-04-13,0.31345674
1992-04-14,8.232652
1992-04-15,10.886208
1992-04-16,1.4021676
1992-04-17,0.23178814
1992-04-18,0.60647005
1992-04-19,0.9791955
1992-04-20,1.0361236
1992-04-21,1.2748984
1992-04-22,2.8687005
1992-04-23,1.327493
1992-04-24,15.5558605
1992-04-25,2.1132727
1992-04-26,4.1544166
1992-04-27,0.9061867
1992-04-28,0.54299414
1992-04-29,0.42303672
1992-04-30,11.325105
1992-05-01,2.8640525
1992-05-02,3.6008294
1992-05-03,0.019426709
1992-05-04,0.012557235
1992-05-05,0.0016123587
1992-05-06,0.92146957
1992-05-07,1.1666217
1992-05-08,0.041099295
1992-05-09,2.2321086
1992-05-10,2.1156104
1992-05-11,0.20873249
1992-05-12,0.018861575
1992-05-13,0.0033854505
1992-05-14,0.0060692956
1992-05-15,0.0059781456
1992-05-16,9.799598e-05
1992-05-17,0.0
1992-05-18,0.0065229842
1992-05-19,6.272773
1992-05-20,0.9513708
1992-05-21,0.19148338
1992-05-22,1.7177861
1992-05-23,0.83205944
1992-05-24,0.07740015
1992-05-25,0.5267568
1992-05-26,0.33011162
1992-05-27,12.387265
1992-05-28,0.023802612
1992-05-29,0.00017803167
1992-05-30,0.11804472
1992-05-31,1.2201943
1992-06-01,5.974696
1992-06-02,0.0030609434
1992-06-03,0.0026061495
1992-06-04,3.054873
1992-06-05,0.14791866
1992-06-06,0.339768
1992-06-07,2.4369547
1992-06-08,0.53361076
1992-06-09,4.3941054
1992-06-10,10.489499
1992-06-11,8.250724
1992-06-12,1.5693687
1992-06-13,14.270178
1992-06-14,5.6164722
1992-06-15,2.737295
1992-06-16,1.544871
1992-06-17,1.061187
1992-06-18,2.8647091
1992-06-19,5.1359296
1992-06-20,1.7831957
1992-06-21,0.7518867
1992-06-22,7.725732
1992-06-23,0.17821407
1992-06-24,0.909179
1992-06-25,4.562112
1992-06-26,0.60445553
1992-06-27,20.746012
1992-06-28,0.5058698
1992-06-29,0.20145412
1992-06-30,0.01443677
1992-07-01,1.7246045
1992-07-02,37.54072
1992-07-03,0.94726294
1992-07-04,5.41229
1992-07-05,2.0672452
1992-07-06,1.5755408
1992-07-07,2.9117477
1992-07-08,1.8228519
1992-07-09,3.8727524
1992-07-10,6.2667685
1992-07-11,0.033521052
1992-07-12,0.013713062
1992-07-13,0.0005936187
1992-07-14,8.588692
1992-07-15,3.857825e-05
1992-07-16,2.5573714
1992-07-17,0.54408115
1992-07-18,0.99575037
1992-07-19,2.422777
1992-07-20,0.608827
1992-07-21,0.28503144
1992-07-22,3.4154012
1992-07-23,0.08506182
1992-07-24,0.0015347967
1992-07-25,1.5026405
1992-07-26,3.12413
1992-07-27,8.167502
1992-07-28,0.3660603
1992-07-29,3.7105765
1992-07-30,0.6824023
1992-07-31,1.8944011
1992-08-01,1.9994694
1992-08-02,1.0581498
1992-08-03,1.4461671
1992-08-04,0.0054028532
1992-08-05,0.60948133
1992-08-06,1.7650745
1992-08-07,1.8364011
1992-08-08,4.912525
1992-08-09,1.8268015
1992-08-10,0.99140465
1992-08-11,16.07169
1992-08-12,8.0998955
1992-08-13,0.30945736
1992-08-14,0.0104468465
1992-08-15,0.028702144
1992-08-16,0.018684942
1992-08-17,0.45088556
1992-08-18,4.3864703
1992-08-19,1.1312441
1992-08-20,0.5410337
1992-08-21,0.0001387073
1992-08-22,0.08131116
1992-08-23,0.42696962
1992-08-24,0.48330364
1992-08-25,2.6629584
1992-08-26,0.7617908
1992-08-27,7.3820643
1992-08-28,0.57837385
1992-08-29,2.782088
1992-08-30,3.3237584
1992-08-31,0.045614455
1992-09-01,10.601595
1992-09-02,12.3673315
1992-09-03,10.749886
1992-09-04,2.0592253
1992-09-05,0.0062428643
1992-09-06,0.074517146
1992-09-07,0.08508927
1992-09-08,0.2251182
1992-09-09,0.2692377
1992-09-10,1.0352839
1992-09-11,1.420872
1992-09-12,0.15294458
1992-09-13,0.007414801
1992-09-14,1.0583857
1992-09-15,0.03144078
1992-09-16,0.88545865
1992-09-17,5.4579396
1992-09-18,20.264595
1992-09-19,37.899494
1992-09-20,1.6377292
1992-09-21,0.31465325
1992-09-22,0.9824072
1992-09-23,3.2448993
1992-09-24,5.7360363
1992-09-25,0.060861565
1992-09-26,0.8462578
1992-09-27,0.15956976
1992-09-28,0.0
1992-09-29,0.024206165
1992-09-30,0.06791984
1992-10-01,0.049981926
1992-10-02,0.2652273
1992-10-03,0.5208126
1992-10-04,5.5744214
1992-10-05,17.85101
1992-10-06,1.9317162
1992-10-07,0.6419874
1992-10-08,0.35082355
1992-10-09,2.7874588e-05
1992-10-10,3.3545305e-07
1992-10-11,0.018729346
1992-10-12,19.424936
1992-10-13,31.609718
1992-10-14,0.0
1992-10-15,0.2868776
1992-10-16,7.844976
1992-10-17,0.8954662
1992-10-18,40.825706
1992-10-19,0.34556946
1992-10-20,6.756853
1992-10-21,0.17564875
1992-10-22,9.094237
1992-10-23,0.20331663
1992-10-24,14.079055
1992-10-25,6.192717
1992-10-26,25.481575
1992-10-27,1.9557999
1992-10-28,0.0057459637
1992-10-29,0.02630705
1992-10-30,11.650572
1992-10-31,0.008499029
1992-11-01,0.2484045
1992-11-02,0.12666015
1992-11-03,8.355496
1992-11-04,1.2449234
1992-11-05,0.6371526
1992-11-06,7.5787406
1992-11-07,1.3894023
1992-11-08,0.00022961231
1992-11-09,0.16256995
1992-11-10,0.6889699
1992-11-11,0.36395586
1992-11-12,21.200382
1992-11-13,16.437119
1992-11-14,6.0472064
1992-11-15,0.05562395
1992-11-16,0.0016884423
1992-11-17,0.7132787
1992-11-18,19.16756
1992-11-19,7.1186757
1992-11-20,0.59565943
1992-11-21,0.072473735
1992-11-22,1.8934531
1992-11-23,0.44647595
1992-11-24,0.07631412
1992-11-25,0.063516974
1992-11-26,0.0
1992-11-27,0.0
1992-11-28,0.0006214585
1992-11-29,0.0
1992-11-30,0.0
1992-12-01,0.8985609
1992-12-02,6.355094
1992-12-03,3.2666461
1992-12-04,2.0104058
1992-12-05,0.0844542
1992-12-06,19.024384
1992-12-07,0.44603577
1992-12-08,0.33825427
1992-12-09,3.28862
1992-12-10,3.901767
1992-12-11,5.6752167
1992-12-12,46.97936
1992-12-13,15.22556
1992-12-14,5.866473
1992-12-15,0.83688754
1992-12-16,7.0807633
1992-12-17,2.1214447
1992-12-18,0.3627211
1992-12-19,0.48170593
1992-12-20,4.671319
1992-12-21,18.624163
1992-12-22,2.3684547
1992-12-23,0.22680756
1992-12-24,1.3501561
1992-12-25,0.80502826
1992-12-26,0.34365132
1992-12-27,0.1475634
1992-12-28,1.5987483
1992-12-29,1.6346759
1992-12-30,0.16737103
1992-12-31,15.620257
1993-01-01,1.7831227
1993-01-02,0.990269
1993-01-03,4.1521087
1993-01-04,0.35740623
1993-01-05,2.5830214
1993-01-06,2.3948174
1993-01-07,2.1935837
1993-01-08,1.4254826
1993-01-09,0.6763297
1993-01-10,0.55181235
1993-01-11,11.119499
1993-01-12,1.2960969
1993-01-13,0.76639956
1993-01-14,2.0109868
1993-01-15,0.57265496
1993-01-16,0.310513
1993-01-17,32.766647
1993-01-18,9.1817
1993-01-19,5.5406847
1993-01-20,4.449468
1993-01-21,1.0998099
1993-01-22,0.18116814
1993-01-23,5.3684506
1993-01-24,0.762605
1993-01-25,0.052042488
1993-01-26,0.054214936
1993-01-27,6.9451847
1993-01-28,1.6778
1993-01-29,0.077383615
1993-01-30,4.786532
1993-01-31,37.918343
1993-02-01,17.014467
1993-02-02,0.47550195
1993-02-03,3.569636
1993-02-04,7.3477855
1993-02-05,5.293699
1993-02-06,5.5817766
1993-02-07,0.054700308
1993-02-08,4.0515275
1993-02-09,24.928534
1993-02-10,2.000382
1993-02-11,0.94590724
1993-02-12,0.75762796
1993-02-13,0.39324522
1993-02-14,2.794649
1993-02-15,0.01997522
1993-02-16,9.468449
1993-02-17,6.203225
1993-02-18,0.6907417
1993-02-19,0.7262421
1993-02-20,0.35651645
1993-02-21,0.07091534
1993-02-22,0.31664234
1993-02-23,0.22409776
1993-02-24,0.0
1993-02-25,8.698365
1993-02-26,1.6693724
1993-02-27,0.13427942
1993-02-28,4.196566
1993-03-01,4.149876
1993-03-02,0.0
1993-03-03,14.6075
1993-03-04,0.44719636
1993-03-05,0.016176064
1993-03-06,4.1689715
1993-03-07,8.875948
1993-03-08,0.1568531
1993-03-09,2.8559685
1993-03-10,0.35571066
1993-03-11,0.48390788
1993-03-12,0.8572899
1993-03-13,0.32295364
1993-03-14,0.49838415
1993-03-15,0.3963559
1993-03-16,7.482424
1993-03-17,19.397253
1993-03-18,0.08219626
1993-03-19,0.08854092
1993-03-20,11.082759
1993-03-21,0.6156301
1993-03-22,0.2108098
1993-03-23,0.076413654
1993-03-24,12.19868
1993-03-25,4.8959856
1993-03-26,0.14155342
1993-03-27,3.8884373e-06
1993-03-28,0.009881469
1993-03-29,2.2287261
1993-03-30,6.5031476
1993-03-31,3.1470282
1993-04-01,2.7654963
1993-04-02,1.5023547
1993-04-03,2.5105224
1993-04-04,1.9576423
1993-04-05,5.6810365
1993-04-06,40.12175
1993-04-07,16.210592
1993-04-08,0.73037976
1993-04-09,0.00046597223
1993-04-10,5.337656
1993-04-11,6.110209
1993-04-12,1.7567515
1993-04-13,14.100637
1993-04-14,23.575068
1993-04-15,3.2853434
1993-04-16,6.0961334e-05
1993-04-17,1.5075123
1993-04-18,4.320264
1993-04-19,1.706162
1993-04-20,1.8546977
1993-04-21,3.9308624
1993-04-22,7.782773
1993-04-23,0.9492578
1993-04-24,0.19281766
1993-04-25,0.16087961
1993-04-26,0.14820145
1993-04-27,6.819177
1993-04-28,0.2196419
1993-04-29,2.3260605
1993-04-30,0.013472553
1993-05-01,0.18615645
1993-05-02,13.107342
1993-05-03,4.258088
1993-05-04,2.4497097
1993-05-05,0.16371568
1993-05-06,0.1747838
1993-05-07,8.541262e-06
1993-05-08,0.953449
1993-05-09,0.5813606
1993-05-10,11.8450985
1993-05-11,0.8345991
1993-05-12,2.2262454
1993-05-13,1.2444011
1993-05-14,6.1192627
1993-05-15,2.6581547
1993-05-16,18.168694
1993-05-17,0.029605068
1993-05-18,0.0
1993-05-19,0.30807978
1993-05-20,3.7078943
1993-05-21,4.8563356
1993-05-22,0.20107067
1993-05-23,0.3494203
1993-05-24,0.21799
1993-05-25,5.3007827
1993-05-26,1.4244546
1993-05-27,8.320934
1993-05-28,9.6479645
1993-05-29,0.5391847
1993-05-30,1.5737325
1993-05-31,1.1074442
1993-06-01,1.040076
1993-06-02,2.7108066
1993-06-03,3.5257394
1993-06-04,0.28330502
1993-06-05,0.00795692
1993-06-06,0.0
1993-06-07,0.67566425
1993-06-08,3.6163988
1993-06-09,5.7373037
1993-06-10,0.08422197
1993-06-11,1.268795
1993-06-12,0.6127507
1993-06-13,6.210584
1993-06-14,5.076105
1993-06-15,7.954596
1993-06-16,2.5119696
1993-06-17,1.9911989
1993-06-18,0.82237494
1993-06-19,0.65549374
1993-06-20,1.3985891
1993-06-21,0.6893738
1993-06-22,0.14943828
1993-06-23,2.2528229
1993-06-24,7.4404163
1993-06-25,2.317212
1993-06-26,1.7723414
1993-06-27,0.17687418
1993-06-28,2.6580133
1993-06-29,19.175491
1993-06-30,3.9355788
1993-07-01,1.475292
1993-07-02,9.535937
1993-07-03,3.6175005
1993-07-04,0.39000615
1993-07-05,0.12103189
1993-07-06,12.287182
1993-07-07,6.5780907
1993-07-08,0.52788424
1993-07-09,0.05834934
1993-07-10,0.83594674
1993-07-11,1.4273583
1993-07-12,0.62336767
1993-07-13,0.11368143
1993-07-14,0.45744237
1993-07-15,0.019814586
1993-07-16,0.16679668
1993-07-17,4.6385775
1993-07-18,0.069317475
1993-07-19,2.3644216
1993-07-20,3.782595
1993-07-21,4.33044
1993-07-22,3.9878895
1993-07-23,4.1698623
1993-07-24,2.6684291
1993-07-25,4.292087
1993-07-26,0.38646528
1993-07-27,0.5556925
1993-07-28,3.8214796
1993-07-29,13.277192
1993-07-30,5.3982553
1993-07-31,0.083445095
1993-08-01,0.093701735
1993-08-02,0.59504026
1993-08-03,0.1311929
1993-08-04,0.0024486445
1993-08-05,1.3001866
1993-08-06,0.049715877
1993-08-07,0.99133575
1993-08-08,0.029101567
1993-08-09,2.6484215
1993-08-10,7.617816
1993-08-11,2.1315672
1993-08-12,0.518712
1993-08-13,5.6199656
1993-08-14,1.0930865
1993-08-15,1.5008733
1993-08-16,0.033620913
1993-08-17,2.4415824
1993-08-18,4.787279
1993-08-19,1.2506881
1993-08-20,0.029666502
1993-08-21,0.761258
1993-08-22,0.22827971
1993-08-23,0.006240501
1993-08-24,1.8746964
1993-08-25,0.14827044
1993-08-26,1.0952561
1993-08-27,0.8004955
1993-08-28,0.032058593
1993-08-29,0.04245282
1993-08-30,0.050616447
1993-08-31,0.46143892
1993-09-01,3.2696197
1993-09-02,0.044992972
1993-09-03,0.0002055454
1993-09-04,0.0
1993-09-05,0.4309922
1993-09-06,2.357924
1993-09-07,11.691738
1993-09-08,8.634831
1993-09-09,0.00028226586
1993-09-10,0.00042466633
1993-09-11,0.30682054
1993-09-12,1.0305053
1993-09-13,6.491564
1993-09-14,0.34829617
1993-09-15,0.41255566
1993-09-16,1.8629521
1993-09-17,5.76428
1993-09-18,7.024882
1993-09-19,0.042268127
1993-09-20,25.684563
1993-09-21,5.7211795
1993-09-22,1.595856
1993-09-23,1.6982831
1993-09-24,0.9516889
1993-09-25,2.7951713
1993-09-26,0.22595218
1993-09-27,6.1041594
1993-09-28,1.5244659
1993-09-29,0.4407291
1993-09-30,0.60936105
1993-10-01,0.0012032925
1993-10-02,0.0
1993-10-03,1.1220278
1993-10-04,0.015190181
1993-10-05,0.27009797
1993-10-06,0.060850833
1993-10-07,1.9361187
1993-10-08,0.010480598
1993-10-09,4.4439473
1993-10-10,1.0016967
1993-10-11,1.4500844
1993-10-12,0.10705803
1993-10-13,0.0025075935
1993-10-14,7.339418
1993-10-15,9.540773
1993-10-16,6.9717345e-05
1993-10-17,0.0
1993-10-18,8.6098524e-05
1993-10-19,8.454476
1993-10-20,0.0
1993-10-21,0.00011726963
1993-10-22,0.00079224294
1993-10-23,2.5513691e-05
1993-10-24,2.5576127
1993-10-25,12.658206
1993-10-26,0.0002916531
1993-10-27,0.0
1993-10-28,4.792095
1993-10-29,7.128948
1993-10-30,2.30898
1993-10-31,7.701499
1993-11-01,0.2992251
1993-11-02,0.022181464
1993-11-03,2.326448e-06
1993-11-04,0.31068778
1993-11-05,0.041666746
1993-11-06,0.017864242
1993-11-07,0.48508236
1993-11-08,0.3423336
1993-11-09,0.20253102
1993-11-10,15.0642805
1993-11-11,5.6135654
1993-11-12,0.36080682
1993-11-13,0.22042108
1993-11-14,0.06337163
1993-11-15,0.2875232
1993-11-16,28.981243
1993-11-17,2.4748273
1993-11-18,1.6280395
1993-11-19,0.12257753
1993-11-20,1.6512356
1993-11-21,1.6801714
1993-11-22,2.160187
1993-11-23,0.5672959
1993-11-24,6.3750134
1993-11-25,7.5528827
1993-11-26,6.977172
1993-11-27,0.17009532
1993-11-28,0.46087918
1993-11-29,0.0066922666
1993-11-30,35.795116
1993-12-01,32.710026
1993-12-02,2.5567021
1993-12-03,1.332089
1993-12-04,0.59493655
1993-12-05,0.1359775
1993-12-06,0.47464782
1993-12-07,0.21352622
1993-12-08,2.666308
1993-12-09,0.1753795
1993-12-10,4.632921
1993-12-11,7.4776907
1993-12-12,0.5028586
1993-12-13,6.126951
1993-12-14,5.4753094
1993-12-15,0.24366203
1993-12-16,3.3330927
1993-12-17,2.6753426
1993-12-18,8.852616
1993-12-19,2.36313
1993-12-20,1.7240998
1993-12-21,9.787065
1993-12-22,0.6014747
1993-12-23,0.19466598
1993-12-24,22.323217
1993-12-25,4.182053
1993-12-26,0.7974202
1993-12-27,0.07501803
1993-12-28,0.7121578
1993-12-29,1.7970858
1993-12-30,1.3293413
1993-12-31,0.46513548
1994-01-01,0.27705652
1994-01-02,18.294222
1994-01-03,25.588858
1994-01-04,0.6002253
1994-01-05,0.08549665
1994-01-06,0.030982599
1994-01-07,0.044766232
1994-01-08,1.3882632
1994-01-09,0.9487179
1994-01-10,4.770502
1994-01-11,2.1636128
1994-01-12,0.5716115
1994-01-13,6.959116
1994-01-14,11.2387
1994-01-15,2.6296177
1994-01-16,7.5894732
1994-01-17,1.5172408
1994-01-18,0.05000743
1994-01-19,0.31074533
1994-01-20,0.63955784
1994-01-21,0.0063823014
1994-01-22,2.7120528
1994-01-23,4.1005836
1994-01-24,0.11613542
1994-01-25,0.01548697
1994-01-26,0.0
1994-01-27,2.312118
1994-01-28,29.935362
1994-01-29,16.423086
1994-01-30,0.2345744
1994-01-31,0.13387471
1994-02-01,1.2377017
1994-02-02,0.091223046
1994-02-03,0.0
1994-02-04,0.03457833
1994-02-05,0.02666361
1994-02-06,0.59905696
1994-02-07,15.557615
1994-02-08,17.312168
1994-02-09,0.4291613
1994-02-10,0.012885108
1994-02-11,0.0733997
1994-02-12,0.025962763
1994-02-13,0.047421787
1994-02-14,8.917815e-05
1994-02-15,0.1710437
1994-02-16,0.094908215
1994-02-17,0.000100670455
1994-02-18,0.019996759
1994-02-19,2.4770947
1994-02-20,0.87028736
1994-02-21,0.16815704
1994-02-22,18.60633
1994-02-23,5.7298203
1994-02-24,1.1325964
1994-02-25,0.6025037
1994-02-26,0.6827822
1994-02-27,10.245649
1994-02-28,1.1858866
1994-03-01,0.64188385
1994-03-02,2.2897065
1994-03-03,17.605925
1994-03-04,1.4129237
1994-03-05,1.3065586
1994-03-06,0.22056639
1994-03-07,2.1048374
1994-03-08,0.38574725
1994-03-09,6.2788506
1994-03-10,8.067725
1994-03-11,0.26360425
1994-03-12,0.044849906
1994-03-13,0.0028700782
1994-03-14,0.0
1994-03-15,5.423041
1994-03-16,7.8763227
1994-03-17,0.103878714
1994-03-18,0.15116942
1994-03-19,0.17357129
1994-03-20,4.200964
1994-03-21,8.652224
1994-03-22,0.23054223
1994-03-23,8.345546
1994-03-24,13.798881
1994-03-25,0.63853544
1994-03-26,4.8898587
1994-03-27,14.842928
1994-03-28,0.004897995
1994-03-29,0.103320755
1994-03-30,0.025677055
1994-03-31,21.714045
1994-04-01,2.4235973
1994-04-02,0.06944331
1994-04-03,0.5359859
1994-04-04,7.996752
1994-04-05,3.5342827
1994-04-06,0.35582632
1994-04-07,4.2914248
1994-04-08,7.115626
1994-04-09,0.25299484
1994-04-10,0.6939653
1994-04-11,0.037910756
1994-04-12,0.0007113686
1994-04-13,0.13840786
1994-04-14,0.0003453886
1994-04-15,0.0016430538
1994-04-16,0.053165723
1994-04-17,5.1461124
1994-04-18,5.058166
1994-04-19,0.10094856
1994-04-20,0.044478953
1994-04-21,1.2516305
1994-04-22,0.00061859837
1994-04-23,0.004320813
1994-04-24,0.0
1994-04-25,0.008725183
1994-04-26,0.05084287
1994-04-27,0.24568006
1994-04-28,0.00881301
1994-04-29,0.26990446
1994-04-30,1.6565621
1994-05-01,0.005595479
1994-05-02,0.4037912
1994-05-03,0.0019019393
1994-05-04,18.927652
1994-05-05,4.280737
1994-05-06,9.735116
1994-05-07,2.3075893
1994-05-08,0.28244695
1994-05-09,1.7994905
1994-05-10,0.005809587
1994-05-11,0.0011948547
1994-05-12,1.2207845
1994-05-13,0.35682866
1994-05-14,0.0065054675
1994-05-15,19.240278
1994-05-16,0.008969186
1994-05-17,0.04108703
1994-05-18,13.396208
1994-05-19,3.4229522
1994-05-20,0.6894452
1994-05-21,5.0196824
1994-05-22,0.23149163
1994-05-23,10.477551
1994-05-24,1.5788257
1994-05-25,5.249014
1994-05-26,4.2429614
1994-05-27,10.4181595
1994-05-28,6.2923307
1994-05-29,0.10760132
1994-05-30,0.0052564307
1994-05-31,0.17941901
1994-06-01,1.4463161
1994-06-02,6.097477
1994-06-03,0.1353618
1994-06-04,0.15687121
1994-06-05,7.875734
1994-06-06,18.089285
1994-06-07,4.5360565
1994-06-08,0.34900254
1994-06-09,4.5925474
1994-06-10,0.27298716
1994-06-11,1.4609935
1994-06-12,17.886425
1994-06-13,2.0641649
1994-06-14,4.020534
1994-06-15,2.2813363
1994-06-16,1.2472395
1994-06-17,0.6144752
1994-06-18,0.31001726
1994-06-19,0.5486993
1994-06-20,2.1218028
1994-06-21,4.028606
1994-06-22,1.8287067
1994-06-23,7.2356634
1994-06-24,0.7450919
1994-06-25,0.18463975
1994-06-26,0.000116163435
1994-06-27,1.586206
1994-06-28,1.0359429
1994-06-29,7.9394283
1994-06-30,0.11197525
1994-07-01,4.893826
1994-07-02,1.0545654
1994-07-03,0.94997656
1994-07-04,1.2248178
1994-07-05,0.082385115
1994-07-06,0.0
1994-07-07,0.006944984
1994-07-08,1.8855433
1994-07-09,1.344623
1994-07-10,5.3361535
1994-07-11,10.0505705
1994-07-12,8.823398
1994-07-13,1.3646358
1994-07-14,0.7429006
1994-07-15,0.17020728
1994-07-16,0.11178185
1994-07-17,0.3889421
1994-07-18,0.39971843
1994-07-19,0.43164217
1994-07-20,0.19906555
1994-07-21,0.141654
1994-07-22,1.1472166
1994-07-23,0.6571662
1994-07-24,0.40170246
1994-07-25,10.61773
1994-07-26,2.6997588
1994-07-27,2.1183305
1994-07-28,2.666798
1994-07-29,1.8899858
1994-07-30,0.035491176
1994-07-31,0.043149743
1994-08-01,0.3620823
1994-08-02,19.37335
1994-08-03,18.368893
1994-08-04,5.875742
1994-08-05,2.1044598
1994-08-06,0.7154976
1994-08-07,0.016964184
1994-08-08,0.0037756532
1994-08-09,0.8776416
1994-08-10,5.256467
1994-08-11,7.271949
1994-08-12,6.318095
1994-08-13,0.0
1994-08-14,0.36834148
1994-08-15,2.502965
1994-08-16,6.3145905
1994-08-17,0.39617035
1994-08-18,0.69163257
1994-08-19,0.032097585
1994-08-20,0.5919683
1994-08-21,3.9162855
1994-08-22,4.1413283
1994-08-23,10.932013
1994-08-24,11.675014
1994-08-25,0.83685315
1994-08-26,2.3247776
1994-08-27,0.49790874
1994-08-28,6.2140336
1994-08-29,2.4780002
1994-08-30,1.215729
1994-08-31,4.4035444
1994-09-01,1.667356
1994-09-02,0.08278098
1994-09-03,2.6860201
1994-09-04,0.07215801
1994-09-05,0.0005540058
1994-09-06,0.0
1994-09-07,0.37687215
1994-09-08,0.19138321
1994-09-09,7.354941
1994-09-10,5.343876
1994-09-11,0.4235931
1994-09-12,0.29909
1994-09-13,0.29066685
1994-09-14,0.4824969
1994-09-15,22.422009
1994-09-16,56.11958
1994-09-17,1.6821026
1994-09-18,0.27505374
1994-09-19,0.5105659
1994-09-20,0.000608176
1994-09-21,29.226263
1994-09-22,4.8717794
1994-09-23,0.10645928
1994-09-24,4.6739864
1994-09-25,10.870273
1994-09-26,6.4923882
1994-09-27,0.6476896
1994-09-28,0.12554334
1994-09-29,5.7849674
1994-09-30,7.3360796
1994-10-01,1.1967275
1994-10-02,2.2932312
1994-10-03,1.0316066
1994-10-04,1.270781
1994-10-05,0.0004915405
1994-10-06,6.477937
1994-10-07,4.6813736
1994-10-08,31.77697
1994-10-09,26.290058
1994-10-10,2.973202
1994-10-11,0.9379029
1994-10-12,0.13384585
1994-10-13,2.6514218
1994-10-14,0.6581188
1994-10-15,0.16839513
1994-10-16,23.162169
1994-10-17,0.8398206
1994-10-18,0.0
1994-10-19,0.0
1994-10-20,0.009386447
1994-10-21,15.74303
1994-10-22,3.775969
1994-10-23,10.758915
1994-10-24,4.1261735
1994-10-25,0.32992896
1994-10-26,0.009558419
1994-10-27,0.010370323
1994-10-28,0.024373583
1994-10-29,9.9852776e-05
1994-10-30,0.0
1994-10-31,0.70988315
1994-11-01,0.48485628
1994-11-02,0.022220325
1994-11-03,6.767064e-05
1994-11-04,0.0
1994-11-05,3.1185627
1994-11-06,0.20861968
1994-11-07,0.019139623
1994-11-08,1.0321528
1994-11-09,0.061267417
1994-11-10,6.4000845
1994-11-11,1.5842484
1994-11-12,0.11853985
1994-11-13,0.010285159
1994-11-14,0.114315785
1994-11-15,0.00025079984
1994-11-16,0.2912225
1994-11-17,0.03855909
1994-11-18,1.7837344
1994-11-19,0.3553835
1994-11-20,14.015154
1994-11-21,0.13232279
1994-11-22,0.24833806
1994-11-23,0.31218886
1994-11-24,36.880165
1994-11-25,0.1278347
1994-11-26,0.20065314
1994-11-27,0.10535714
1994-11-28,1.5179735
1994-11-29,0.8256695
1994-11-30,0.90034825
1994-12-01,0.02601768
1994-12-02,38.959984
1994-12-03,27.937784
1994-12-04,1.1712596
1994-12-05,3.8302302
1994-12-06,9.783258
1994-12-07,0.0
1994-12-08,31.333488
1994-12-09,3.853977
1994-12-10,65.17877
1994-12-11,31.049877
1994-12-12,2.602107
1994-12-13,0.04394406
1994-12-14,5.274571
1994-12-15,24.64272
1994-12-16,12.694983
1994-12-17,0.02868662
1994-12-18,0.0
1994-12-19,5.995405
1994-12-20,13.97652
1994-12-21,28.788618
1994-12-22,4.9257603
1994-12-23,1.7270396
1994-12-24,0.012187555
1994-12-25,18.000895
1994-12-26,0.054947313
1994-12-27,2.4897704
1994-12-28,0.12444997
1994-12-29,1.0908484
1994-12-30,0.0
1994-12-31,2.9152563
1995-01-01,6.444339
1995-01-02,0.33743238
1995-01-03,0.26400816
1995-01-04,0.0
1995-01-05,0.050252266
1995-01-06,0.0
1995-01-07,0.013814728
1995-01-08,3.3633096
1995-01-09,31.570835
1995-01-10,1.7578557
1995-01-11,0.9834007
1995-01-12,2.409646
1995-01-13,0.4891662
1995-01-14,0.3455066
1995-01-15,0.4772317
1995-01-16,0.0056093605
1995-01-17,0.123082176
1995-01-18,1.1623954
1995-01-19,0.41856107
1995-01-20,0.32010838
1995-01-21,0.0
1995-01-22,0.0
1995-01-23,0.0
1995-01-24,0.0
1995-01-25,0.74666375
1995-01-26,1.1150668
1995-01-27,19.596077
1995-01-28,21.83483
1995-01-29,17.467743
1995-01-30,4.4888744
1995-01-31,2.2042463
1995-02-01,0.45744509
1995-02-02,0.10228154
1995-02-03,0.4515993
1995-02-04,3.506726
1995-02-05,0.37988
1995-02-06,0.07043422
1995-02-07,1.3297278
1995-02-08,0.8914004
1995-02-09,2.3276465
1995-02-10,2.3053622
1995-02-11,0.035945494
1995-02-12,1.5623915
1995-02-13,6.654156
1995-02-14,0.6510235
1995-02-15,19.450628
1995-02-16,16.4657
1995-02-17,0.0061102766
1995-02-18,0.33478338
1995-02-19,14.192493
1995-02-20,8.076311
1995-02-21,5.632404
1995-02-22,1.0238228
1995-02-23,0.11601009
1995-02-24,0.006785462
1995-02-25,0.15770616
1995-02-26,5.2623553
1995-02-27,27.500366
1995-02-28,4.3944907
1995-03-01,1.7291884
1995-03-02,0.27647418
1995-03-03,0.59505886
1995-03-04,0.12460319
1995-03-05,7.251873
1995-03-06,0.68672407
1995-03-07,5.007764
1995-03-08,0.23078589
1995-03-09,0.004440127
1995-03-10,1.4603075
1995-03-11,16.876127
1995-03-12,1.0728983
1995-03-13,0.050331604
1995-03-14,1.1127353
1995-03-15,3.3232284
1995-03-16,1.4868937
1995-03-17,6.6510115
1995-03-18,0.18686032
1995-03-19,0.24818315
1995-03-20,3.3555532
1995-03-21,4.2948623
1995-03-22,2.6076188
1995-03-23,0.5351885
1995-03-24,0.0
1995-03-25,14.015059
1995-03-26,0.9515853
1995-03-27,0.2318383
1995-03-28,0.059379466
1995-03-29,0.6870453
1995-03-30,11.068237
1995-03-31,0.04102463
1995-04-01,1.4281075
1995-04-02,0.09784328
1995-04-03,0.14841847
1995-04-04,8.144927
1995-04-05,3.8181887
1995-04-06,8.767689
1995-04-07,2.5513334
1995-04-08,0.60508287
1995-04-09,0.19977172
1995-04-10,0.0013194714
1995-04-11,0.0006573482
1995-04-12,2.5016897
1995-04-13,0.9464329
1995-04-14,0.88491666
1995-04-15,0.40661654
1995-04-16,0.0
1995-04-17,0.0
1995-04-18,0.54079175
1995-04-19,0.23369232
1995-04-20,4.263119
1995-04-21,7.0058594
1995-04-22,0.33875275
1995-04-23,0.29089156
1995-04-24,0.7043228
1995-04-25,0.008530454
1995-04-26,0.0
1995-04-27,0.05088534
1995-04-28,5.727994
1995-04-29,3.5948575
1995-04-30,1.5214603
1995-05-01,0.8727742
1995-05-02,0.054442618
1995-05-03,0.00042421417
1995-05-04,0.06052097
1995-05-05,1.6373998
1995-05-06,0.38413385
1995-05-07,0.036570188
1995-05-08,0.0059875064
1995-05-09,0.0
1995-05-10,1.1939441
1995-05-11,1.726631
1995-05-12,0.07631244
1995-05-13,0.54362684
1995-05-14,5.833828
1995-05-15,0.0017986242
1995-05-16,0.002382021
1995-05-17,4.5120306
1995-05-18,1.2790576
1995-05-19,2.1485727
1995-05-20,1.7590399e-05
1995-05-21,7.2672496
1995-05-22,2.0046625
1995-05-23,18.510641
1995-05-24,12.755845
1995-05-25,0.0011605365
1995-05-26,0.74633324
1995-05-27,3.973479
1995-05-28,5.9569125
1995-05-29,3.196228
1995-05-30,3.6643004
1995-05-31,5.0037274
1995-06-01,3.1195047
1995-06-02,2.0387204
1995-06-03,1.8902825
1995-06-04,0.8775852
1995-06-05,11.356738
1995-06-06,20.313843
1995-06-07,1.1918335
1995-06-08,0.60433877
1995-06-09,0.02326413
1995-06-10,0.40227553
1995-06-11,0.07140388
1995-06-12,11.5801735
1995-06-13,2.1331167
1995-06-14,0.85202825
1995-06-15,28.025959
1995-06-16,1.2759607
1995-06-17,0.7216333
1995-06-18,1.6426095
1995-06-19,5.647763
1995-06-20,2.9845934
1995-06-21,0.04657982
1995-06-22,0.34204784
1995-06-23,0.13049
1995-06-24,3.1432908
1995-06-25,10.691379
1995-06-26,0.85486394
1995-06-27,0.08493439
1995-06-28,0.020749448
1995-06-29,13.623821
1995-06-30,9.3555565
1995-07-01,3.9246745
1995-07-02,2.6544914
1995-07-03,19.76898
1995-07-04,10.521645
1995-07-05,1.2479653
1995-07-06,2.5404036
1995-07-07,2.0539052
1995-07-08,2.6965442
1995-07-09,1.2854806
1995-07-10,0.0090390835
1995-07-11,0.104256496
1995-07-12,2.3736393
1995-07-13,8.674389
1995-07-14,0.24875197
1995-07-15,0.0069216266
1995-07-16,0.00019643117
1995-07-17,0.00020020753
1995-07-18,0.00023963684
1995-07-19,0.0
1995-07-20,1.1807094
1995-07-21,4.7346087
1995-07-22,3.3408062
1995-07-23,2.7407298
1995-07-24,1.2664578
1995-07-25,0.19785847
1995-07-26,0.2987091
1995-07-27,3.3387134
1995-07-28,7.7511673
1995-07-29,6.3667583
1995-07-30,12.611886
1995-07-31,3.2212512
1995-08-01,3.4523723
1995-08-02,3.2690284
1995-08-03,5.923599
1995-08-04,5.0691714
1995-08-05,0.108791016
1995-08-06,0.025007809
1995-08-07,1.5893095
1995-08-08,1.871733
1995-08-09,7.436221
1995-08-10,9.381579
1995-08-11,12.590766
1995-08-12,0.2501839
1995-08-13,0.1533886
1995-08-14,0.049597777
1995-08-15,2.2969537
1995-08-16,0.267428
1995-08-17,4.467158
1995-08-18,2.7651057
1995-08-19,4.1168957
1995-08-20,16.87698
1995-08-21,9.978525
1995-08-22,3.104366
1995-08-23,1.3671677
1995-08-24,2.644264
1995-08-25,1.3099728
1995-08-26,2.9674506
1995-08-27,1.1328808
1995-08-28,0.21361946
1995-08-29,0.22226247
1995-08-30,3.9366698
1995-08-31,6.998311
1995-09-01,3.1646256
1995-09-02,0.00046987418
1995-09-03,0.63816136
1995-09-04,0.11400812
1995-09-05,0.06850274
1995-09-06,0.5300217
1995-09-07,0.13715428
1995-09-08,2.053178
1995-09-09,2.6368134
1995-09-10,0.09255565
1995-09-11,0.24145575
1995-09-12,1.1128467
1995-09-13,0.31666014
1995-09-14,0.2744051
1995-09-15,6.6302
1995-09-16,0.91862637
1995-09-17,0.0
1995-09-18,0.03528367
1995-09-19,0.24445648
1995-09-20,0.24105911
1995-09-21,1.6115538
1995-09-22,4.0297966
1995-09-23,0.034205504
1995-09-24,0.0
1995-09-25,0.0
1995-09-26,0.0032917196
1995-09-27,16.444008
1995-09-28,3.304563
1995-09-29,0.82932454
1995-09-30,0.00649181
1995-10-01,0.0
1995-10-02,0.31666782
1995-10-03,0.00048891274
1995-10-04,0.0
1995-10-05,0.2241863
1995-10-06,3.0113492
1995-10-07,0.00078175263
1995-10-08,0.085647576
1995-10-09,0.0021358745
1995-10-10,0.028112363
1995-10-11,0.114596136
1995-10-12,0.017510515
1995-10-13,0.0
1995-10-14,5.517337
1995-10-15,6.6848946
1995-10-16,0.45298684
1995-10-17,1.3526875
1995-10-18,5.6409245
1995-10-19,2.3823788
1995-10-20,0.29395992
1995-10-21,0.10181189
1995-10-22,0.061903127
1995-10-23,0.002173039
1995-10-24,0.10319564
1995-10-25,0.0013867429
1995-10-26,0.0
1995-10-27,0.0
1995-10-28,0.04617454
1995-10-29,5.922772
1995-10-30,6.8826327
1995-10-31,0.0
1995-11-01,2.1867976
1995-11-02,0.9611797
1995-11-03,0.00020397051
1995-11-04,0.0
1995-11-05,9.04574
1995-11-06,29.424173
1995-11-07,0.011871435
1995-11-08,9.889675
1995-11-09,8.087809
1995-11-10,4.5747447
1995-11-11,8.153083
1995-11-12,1.7263933
1995-11-13,0.2623897
1995-11-14,13.382967
1995-11-15,1.4703724
1995-11-16,1.0444933
1995-11-17,0.46586663
1995-11-18,11.516376
1995-11-19,1.8770381
1995-11-20,0.12013906
1995-11-21,13.025146
1995-11-22,2.9928632
1995-11-23,2.799696
1995-11-24,0.12424441
1995-11-25,33.204624
1995-11-26,3.9337542
1995-11-27,0.04967606
1995-11-28,0.066517696
1995-11-29,0.26306793
1995-11-30,2.6969311
1995-12-01,0.08633836
1995-12-02,0.31574574
1995-12-03,2.1800938
1995-12-04,0.12320874
1995-12-05,0.9655464
1995-12-06,0.34621382
1995-12-07,4.0375185
1995-12-08,2.1146622
1995-12-09,0.26832414
1995-12-10,1.2545892
1995-12-11,1.0692384
1995-12-12,4.822149
1995-12-13,6.4924645
1995-12-14,0.13718235
1995-12-15,0.17928399
1995-12-16,2.5436363
1995-12-17,22.63639
1995-12-18,0.72863346
1995-12-19,0.8551388
1995-12-20,0.09256389
1995-12-21,0.034200806
1995-12-22,4.830329
1995-12-23,0.19781403
1995-12-24,0.81061333
1995-12-25,7.6858697
1995-12-26,0.66661006
1995-12-27,0.6019035
1995-12-28,0.15250716
1995-12-29,11.572262
1995-12-30,5.8588924
1995-12-31,1.0638186
1996-01-01,1.36743
1996-01-02,0.055834446
1996-01-03,1.1422352
1996-01-04,6.133589
1996-01-05,3.3025548
1996-01-06,0.14775866
1996-01-07,0.27948585
1996-01-08,0.41308385
1996-01-09,0.09139731
1996-01-10,0.94398606
1996-01-11,1.1509914
1996-01-12,0.043712664
1996-01-13,0.73354065
1996-01-14,0.41081935
1996-01-15,0.07428662
1996-01-16,0.1288846
1996-01-17,9.944914
1996-01-18,0.8120209
1996-01-19,0.33302397
1996-01-20,0.32802787
1996-01-21,0.0
1996-01-22,2.0945587
1996-01-23,0.1965733
1996-01-24,0.3835816
1996-01-25,0.27795961
1996-01-26,0.12668888
1996-01-27,9.720413
1996-01-28,0.00018870637
1996-01-29,3.727556
1996-01-30,0.50374645
1996-01-31,15.887946
1996-02-01,0.2583865
1996-02-02,23.093937
1996-02-03,0.15275785
1996-02-04,0.23195253
1996-02-05,7.134627
1996-02-06,0.14769813
1996-02-07,0.26053795
1996-02-08,0.36194175
1996-02-09,0.0019246595
1996-02-10,0.44982508
1996-02-11,26.12783
1996-02-12,14.415219
1996-02-13,0.47573373
1996-02-14,0.9967688
1996-02-15,0.2950934
1996-02-16,10.883554
1996-02-17,19.772478
1996-02-18,0.71373427
1996-02-19,16.189789
1996-02-20,0.081803426
1996-02-21,0.5901908
1996-02-22,0.006953049
1996-02-23,0.0
1996-02-24,3.3918633
1996-02-25,1.675027
1996-02-26,8.392987e-05
1996-02-27,0.15608524
1996-02-28,1.2616117
1996-03-01,4.063939
1996-03-02,0.00042801167
1996-03-03,0.00042436336
1996-03-04,0.03915006
1996-03-05,0.21890631
1996-03-06,0.0016339095
1996-03-07,0.0064566894
1996-03-08,2.8812747
1996-03-09,37.290623
1996-03-10,2.4390106
1996-03-11,2.176937
1996-03-12,0.60768515
1996-03-13,0.014458643
1996-03-14,0.01719908
1996-03-15,0.02064959
1996-03-16,3.5493443
1996-03-17,6.9789214
1996-03-18,8.444058
1996-03-19,0.9317027
1996-03-20,0.013252101
1996-03-21,0.0
1996-03-22,1.4719814
1996-03-23,0.00019639597
1996-03-24,0.00047087387
1996-03-25,0.19421443
1996-03-26,1.2641255
1996-03-27,0.9108083
1996-03-28,0.7587955
1996-03-29,0.0070666526
1996-03-30,0.002229749
1996-03-31,0.0
1996-04-01,0.0
1996-04-02,0.005838706
1996-04-03,2.0514553
1996-04-04,17.857986
1996-04-05,0.77297556
1996-04-06,1.2762213
1996-04-07,1.0311488
1996-04-08,10.439125
1996-04-09,3.4646869
1996-04-10,0.09383539
1996-04-11,0.0016438414
1996-04-12,0.1148715
1996-04-13,7.0142975
1996-04-14,8.592065
1996-04-15,3.5032732
1996-04-16,0.007573953
1996-04-17,0.3714112
1996-04-18,0.14239193
1996-04-19,0.8679037
1996-04-20,0.44392958
1996-04-21,1.7357274
1996-04-22,0.13530128
1996-04-23,3.0722811
1996-04-24,14.486951
1996-04-25,1.5028684
1996-04-26,1.1602974
1996-04-27,0.8647032
1996-04-28,0.2796166
1996-04-29,0.0248919
1996-04-30,0.08105925
1996-05-01,0.0
1996-05-02,0.0
1996-05-03,0.00070506474
1996-05-04,1.2389388
1996-05-05,13.56239
1996-05-06,5.884218
1996-05-07,3.3517232
1996-05-08,1.4585056
1996-05-09,0.5066563
1996-05-10,0.22874555
1996-05-11,2.5336792
1996-05-12,4.0573792
1996-05-13,0.3021141
1996-05-14,0.0
1996-05-15,0.030301334
1996-05-16,0.013800624
1996-05-17,1.1600441
1996-05-18,0.09800905
1996-05-19,0.5138236
1996-05-20,2.601015
1996-05-21,0.21945514
1996-05-22,0.05542394
1996-05-23,0.006413276
1996-05-24,3.1148653
1996-05-25,2.2961526
1996-05-26,3.9048336
1996-05-27,7.854624
1996-05-28,0.86837816
1996-05-29,18.216839
1996-05-30,1.2796566
1996-05-31,4.928659
1996-06-01,1.7707758
1996-06-02,0.0904978
1996-06-03,0.03015748
1996-06-04,3.480049
1996-06-05,8.6872225
1996-06-06,0.0017966536
1996-06-07,0.29871163
1996-06-08,4.803371
1996-06-09,0.5180856
1996-06-10,0.8364027
1996-06-11,2.2305791
1996-06-12,16.890491
1996-06-13,1.4031317
1996-06-14,7.326619
1996-06-15,1.2079581
1996-06-16,2.2757378
1996-06-17,3.3124547
1996-06-18,0.9749456
1996-06-19,0.7820132
1996-06-20,1.9182595
1996-06-21,5.5386186
1996-06-22,5.618672
1996-06-23,38.650467
1996-06-24,0.8296358
1996-06-25,7.056069
1996-06-26,0.57762647
1996-06-27,0.0
1996-06-28,4.4961743
1996-06-29,5.3127284
1996-06-30,0.9003401
1996-07-01,14.730297
1996-07-02,0.59070307
1996-07-03,3.1204076
1996-07-04,1.7272214
1996-07-05,0.018956715
1996-07-06,0.5262321
1996-07-07,9.066207
1996-07-08,9.616938
1996-07-09,0.0047840024
1996-07-10,0.00023118923
1996-07-11,0.35885984
1996-07-12,0.95850265
1996-07-13,0.020480612
1996-07-14,0.0048020384
1996-07-15,0.0
1996-07-16,12.229658
1996-07-17,7.8288507
1996-07-18,5.025093
1996-07-19,2.2214494
1996-07-20,2.4568903
1996-07-21,0.55745983
1996-07-22,0.048619766
1996-07-23,0.06414622
1996-07-24,4.4475303
1996-07-25,0.2731889
1996-07-26,2.4561732
1996-07-27,1.6859657
1996-07-28,3.0362895
1996-07-29,2.1393194
1996-07-30,0.90628344
1996-07-31,1.5632472
1996-08-01,12.572651
1996-08-02,9.0059185
1996-08-03,2.376917
1996-08-04,2.378425
1996-08-05,2.5583122
1996-08-06,0.124959745
1996-08-07,3.204815
1996-08-08,1.2402362
1996-08-09,1.303658
1996-08-10,0.7803555
1996-08-11,0.13749237
1996-08-12,0.4057118
1996-08-13,0.08293052
1996-08-14,0.12297741
1996-08-15,0.20601463
1996-08-16,0.725827
1996-08-17,5.150365
1996-08-18,0.90400493
1996-08-19,0.5505219
1996-08-20,0.5140392
1996-08-21,2.4958744
1996-08-22,0.62402016
1996-08-23,4.4672985
1996-08-24,4.865951
1996-08-25,0.15410693
1996-08-26,6.519802
1996-08-27,0.16292706
1996-08-28,0.00329799
1996-08-29,0.033603333
1996-08-30,0.0017066521
1996-08-31,0.6014822
1996-09-01,4.2551804
1996-09-02,18.04876
1996-09-03,5.2571235
1996-09-04,3.4736469
1996-09-05,0.04134533
1996-09-06,5.2585583
1996-09-07,1.4242302
1996-09-08,0.017581897
1996-09-09,0.87809217
1996-09-10,0.368212
1996-09-11,0.37875992
1996-09-12,0.05967163
1996-09-13,21.374971
1996-09-14,21.412718
1996-09-15,0.62241846
1996-09-16,3.8590448
1996-09-17,0.19068605
1996-09-18,0.0059138658
1996-09-19,4.764571
1996-09-20,11.320158
1996-09-21,3.9878643
1996-09-22,2.2430491
1996-09-23,1.107034
1996-09-24,1.4994526
1996-09-25,0.011992687
1996-09-26,0.19999155
1996-09-27,0.011420268
1996-09-28,0.0
1996-09-29,0.0
1996-09-30,0.0
1996-10-01,0.0043339636
1996-10-02,0.003113862
1996-10-03,0.286008
1996-10-04,0.07736661
1996-10-05,0.0010487717
1996-10-06,0.7456141
1996-10-07,17.044182
1996-10-08,0.26867995
1996-10-09,0.0
1996-10-10,0.17221363
1996-10-11,6.7980456
1996-10-12,40.64631
1996-10-13,60.518696
1996-10-14,21.252613
1996-10-15,4.8202834
1996-10-16,1.983653
1996-10-17,0.0003735524
1996-10-18,0.004659468
1996-10-19,3.2061956
1996-10-20,18.3527
1996-10-21,0.00020445147
1996-10-22,0.21630646
1996-10-23,18.387354
1996-10-24,0.4304174
1996-10-25,0.5675046
1996-10-26,1.5346802
1996-10-27,0.0
1996-10-28,2.7056444
1996-10-29,13.682346
1996-10-30,6.6369467
1996-10-31,0.09794242
1996-11-01,0.71857065
1996-11-02,2.028506
1996-11-03,0.0
1996-11-04,0.013863629
1996-11-05,2.9148238
1996-11-06,31.02237
1996-11-07,1.1218402
1996-11-08,0.7726724
1996-11-09,0.9055963
1996-11-10,2.2703724
1996-11-11,2.355371
1996-11-12,0.6777998
1996-11-13,1.0968956
1996-11-14,0.83732903
1996-11-15,0.78605705
1996-11-16,15.336238
1996-11-17,7.715155
1996-11-18,2.2309763
1996-11-19,9.744336
1996-11-20,7.2155156
1996-11-21,1.2766476
1996-11-22,0.0046351175
1996-11-23,9.355574
1996-11-24,24.233381
1996-11-25,0.32176796
1996-11-26,0.16955525
1996-11-27,4.412875
1996-11-28,2.5013342
1996-11-29,1.6613106
1996-11-30,0.18446262
1996-12-01,2.9045167
1996-12-02,0.43107408
1996-12-03,1.7278848
1996-12-04,30.26786
1996-12-05,26.698689
1996-12-06,1.0694882
1996-12-07,33.197746
1996-12-08,1.1944762
1996-12-09,0.03261338
1996-12-10,3.9013743
1996-12-11,37.58882
1996-12-12,11.54137
1996-12-13,1.4459363
1996-12-14,0.066758335
1996-12-15,1.154231
1996-12-16,0.108085245
1996-12-17,2.3360295
1996-12-18,10.698342
1996-12-19,20.472715
1996-12-20,5.105786
1996-12-21,1.982866
1996-12-22,2.6523848
1996-12-23,3.6626155
1996-12-24,2.488407
1996-12-25,0.03369333
1996-12-26,0.004737815
1996-12-27,30.751629
1996-12-28,26.257288
1996-12-29,0.0084498525
1996-12-30,34.45629
1996-12-31,1.3072953
1997-01-01,0.54777575
1997-01-02,6.8707447
1997-01-03,3.228067
1997-01-04,1.1205125
1997-01-05,18.651731
1997-01-06,13.789135
1997-01-07,0.6531221
1997-01-08,1.6729803
1997-01-09,0.59433705
1997-01-10,21.634878
1997-01-11,16.65329
1997-01-12,0.42028886
1997-01-13,0.17978993
1997-01-14,1.4362272
1997-01-15,0.051017046
1997-01-16,0.13325287
1997-01-17,24.177322
1997-01-18,5.669833
1997-01-19,0.62353814
1997-01-20,0.90549207
1997-01-21,0.56913066
1997-01-22,0.037725862
1997-01-23,1.504947
1997-01-24,1.6727638
1997-01-25,0.0
1997-01-26,3.4885948
1997-01-27,0.10547105
1997-01-28,0.111283004
1997-01-29,0.0
1997-01-30,0.0
1997-01-31,0.04412547
1997-02-01,0.103601865
1997-02-02,0.0057288273
1997-02-03,0.049534697
1997-02-04,0.08259915
1997-02-05,0.3799715
1997-02-06,19.197016
1997-02-07,5.4045835
1997-02-08,0.004219345
1997-02-09,3.8249617
1997-02-10,7.9918394
1997-02-11,0.10329112
1997-02-12,0.015169832
1997-02-13,0.06243831
1997-02-14,1.3514193
1997-02-15,7.025154
1997-02-16,12.53035
1997-02-17,0.35496077
1997-02-18,0.37832808
1997-02-19,1.0192196
1997-02-20,0.33002385
1997-02-21,0.061885044
1997-02-22,3.0703304
1997-02-23,9.425667
1997-02-24,11.807291
1997-02-25,0.10206474
1997-02-26,0.43479225
1997-02-27,5.0154457
1997-02-28,6.04613
1997-03-01,1.5454615
1997-03-02,1.2035769
1997-03-03,0.5157033
1997-03-04,0.07617243
1997-03-05,3.9693768
1997-03-06,1.4400693
1997-03-07,0.053057976
1997-03-08,0.24250719
1997-03-09,11.459684
1997-03-10,3.421765
1997-03-11,2.1469548
1997-03-12,0.5003408
1997-03-13,0.63916725
1997-03-14,0.0
1997-03-15,0.097727
1997-03-16,36.64817
1997-03-17,2.3011599
1997-03-18,0.16867438
1997-03-19,3.8329008
1997-03-20,0.78647256
1997-03-21,5.457728
1997-03-22,0.53569376
1997-03-23,0.0787702
1997-03-24,0.06782011
1997-03-25,0.061680447
1997-03-26,0.34426033
1997-03-27,3.4305868
1997-03-28,1.9040931
1997-03-29,7.6638227
1997-03-30,1.5806681
1997-03-31,0.008583094
1997-04-01,0.0018765546
1997-04-02,0.99842423
1997-04-03,15.355461
1997-04-04,2.9874103
1997-04-05,9.40855
1997-04-06,2.6647182
1997-04-07,3.4148347
1997-04-08,5.359979
1997-04-09,1.013112
1997-04-10,1.8663788
1997-04-11,1.9740725
1997-04-12,0.010925763
1997-04-13,0.00082746166
1997-04-14,0.26771355
1997-04-15,13.768279
1997-04-16,0.8771489
1997-04-17,0.07360568
1997-04-18,0.87599325
1997-04-19,2.265492
1997-04-20,1.9349576
1997-04-21,9.890547
1997-04-22,0.4289757
1997-04-23,0.41206074
1997-04-24,22.228865
1997-04-25,4.1747537
1997-04-26,6.0168314
1997-04-27,4.0295825
1997-04-28,0.046431765
1997-04-29,2.9633093
1997-04-30,1.0967642
1997-05-01,3.6165464
1997-05-02,4.3371816
1997-05-03,4.572591
1997-05-04,0.0
1997-05-05,3.909853
1997-05-06,0.23753016
1997-05-07,11.917269
1997-05-08,3.7357013
1997-05-09,3.8490837
1997-05-10,1.1239617
1997-05-11,5.329398
1997-05-12,18.548979
1997-05-13,0.2594779
1997-05-14,3.737926
1997-05-15,3.5463338
1997-05-16,0.038413685
1997-05-17,1.519656
1997-05-18,10.522544
1997-05-19,0.9966041
1997-05-20,1.2585042
1997-05-21,2.416491
1997-05-22,6.841275
1997-05-23,8.667958
1997-05-24,12.889161
1997-05-25,0.061837353
1997-05-26,0.103262104
1997-05-27,0.037753727
1997-05-28,1.5516834
1997-05-29,7.564528
1997-05-30,10.209016
1997-05-31,2.2627566
1997-06-01,0.05946116
1997-06-02,0.008836952
1997-06-03,0.0098153185
1997-06-04,4.0997777
1997-06-05,0.08550557
1997-06-06,0.0026259432
1997-06-07,8.644599
1997-06-08,17.526104
1997-06-09,3.5646966
1997-06-10,0.019484699
1997-06-11,0.638013
1997-06-12,0.88521737
1997-06-13,2.444603
1997-06-14,0.06839034
1997-06-15,6.3105226
1997-06-16,0.23081276
1997-06-17,0.37626857
1997-06-18,6.2857804
1997-06-19,19.48558
1997-06-20,0.21913025
1997-06-21,0.6946322
1997-06-22,1.6208578
1997-06-23,0.37630016
1997-06-24,0.15456316
1997-06-25,0.04014095
1997-06-26,3.9144413
1997-06-27,26.474678
1997-06-28,4.2925
1997-06-29,1.2456514e-05
1997-06-30,0.008994703
1997-07-01,2.2666981
1997-07-02,4.083189
1997-07-03,0.011616004
1997-07-04,1.9044341
1997-07-05,0.64908814
1997-07-06,0.00046511696
1997-07-07,0.9763514
1997-07-08,5.3597374
1997-07-09,4.9944572
1997-07-10,2.0844731
1997-07-11,2.8302732
1997-07-12,3.2995195
1997-07-13,3.8234859
1997-07-14,3.0405107
1997-07-15,3.1929429
1997-07-16,0.07711537
1997-07-17,0.005540835
1997-07-18,0.14292698
1997-07-19,0.45656195
1997-07-20,2.2565382
1997-07-21,0.41779023
1997-07-22,0.3972011
1997-07-23,1.5630713
1997-07-24,1.2655612
1997-07-25,3.9883406
1997-07-26,0.7103789
1997-07-27,0.31107524
1997-07-28,0.026454384
1997-07-29,0.11368413
1997-07-30,3.1332767
1997-07-31,0.33585745
1997-08-01,0.00026978907
1997-08-02,13.664485
1997-08-03,4.796266
1997-08-04,2.8099964
1997-08-05,6.2091155
1997-08-06,15.433931
1997-08-07,3.22536
1997-08-08,1.478812
1997-08-09,0.088833965
1997-08-10,0.0030732811
1997-08-11,0.033704046
1997-08-12,1.6588291
1997-08-13,0.32920632
1997-08-14,0.6377208
1997-08-15,4.9429197
1997-08-16,2.9461172
1997-08-17,3.4364104
1997-08-18,0.22013786
1997-08-19,0.49265873
1997-08-20,11.33336
1997-08-21,12.098944
1997-08-22,2.5197155
1997-08-23,0.11317537
1997-08-24,0.03977528
1997-08-25,7.471924
1997-08-26,2.8083103
1997-08-27,0.56036365
1997-08-28,0.008219144
1997-08-29,2.8500001
1997-08-30,0.787961
1997-08-31,0.22272679
1997-09-01,0.15672965
1997-09-02,0.11409571
1997-09-03,0.10240603
1997-09-04,0.60370725
1997-09-05,3.8220959
1997-09-06,0.66253483
1997-09-07,0.007399292
1997-09-08,0.10825158
1997-09-09,2.2738743
1997-09-10,0.0
1997-09-11,0.017602906
1997-09-12,13.013192
1997-09-13,2.143997
1997-09-14,1.3416744
1997-09-15,0.23992331
1997-09-16,11.505779
1997-09-17,3.3046572
1997-09-18,4.573438
1997-09-19,0.5637347
1997-09-20,4.891747
1997-09-21,4.7444835
1997-09-22,4.928056
1997-09-23,0.00027927037
1997-09-24,2.5161545
1997-09-25,12.885077
1997-09-26,1.2346915
1997-09-27,3.2777026
1997-09-28,0.0
1997-09-29,0.0024458596
1997-09-30,0.0
1997-10-01,0.0050948113
1997-10-02,0.0037049877
1997-10-03,6.5343227
1997-10-04,10.024525
1997-10-05,3.2151895
1997-10-06,0.0
1997-10-07,0.0026721386
1997-10-08,0.029205166
1997-10-09,0.28012422
1997-10-10,0.103040054
1997-10-11,0.6371725
1997-10-12,10.022825
1997-10-13,0.04819391
1997-10-14,0.0
1997-10-15,0.0
1997-10-16,14.047791
1997-10-17,10.259233
1997-10-18,0.0
1997-10-19,6.1918344
1997-10-20,27.349922
1997-10-21,0.032539703
1997-10-22,0.0012120694
1997-10-23,2.2018032
1997-10-24,0.038850468
1997-10-25,7.499253
1997-10-26,11.298018
1997-10-27,6.348277e-05
1997-10-28,0.4160789
1997-10-29,21.208632
1997-10-30,0.11091693
1997-10-31,0.00062479946
1997-11-01,6.8587615e-06
1997-11-02,42.482227
1997-11-03,2.0657227
1997-11-04,0.47528735
1997-11-05,0.057342403
1997-11-06,0.9014253
1997-11-07,0.76794696
1997-11-08,0.0025619366
1997-11-09,28.628323
1997-11-10,8.405862
1997-11-11,1.0094806
1997-11-12,3.884336
1997-11-13,0.76023495
1997-11-14,0.0
1997-11-15,0.0038658127
1997-11-16,0.11971096
1997-11-17,0.03466
1997-11-18,0.27683946
1997-11-19,30.986073
1997-11-20,2.8878078
1997-11-21,0.7231822
1997-11-22,0.89236206
1997-11-23,21.722404
1997-11-24,11.965436
1997-11-25,0.009129131
1997-11-26,0.01460484
1997-11-27,0.00966494
1997-11-28,13.0001135
1997-11-29,0.31423405
1997-11-30,40.369427
1997-12-01,8.60145
1997-12-02,3.2927759
1997-12-03,0.024800941
1997-12-04,0.0
1997-12-05,0.3849065
1997-12-06,22.504293
1997-12-07,27.764076
1997-12-08,14.202062
1997-12-09,0.0044295937
1997-12-10,18.787388
1997-12-11,8.566749
1997-12-12,0.67804784
1997-12-13,6.818038
1997-12-14,40.467766
1997-12-15,0.36678278
1997-12-16,1.0995355
1997-12-17,0.2117531
1997-12-18,1.0695643
1997-12-19,0.04403584
1997-12-20,0.0029432275
1997-12-21,3.4988234
1997-12-22,0.3710147
1997-12-23,0.38574207
1997-12-24,1.5791086
1997-12-25,18.89229
1997-12-26,2.7569213
1997-12-27,4.008288
1997-12-28,1.4049506
1997-12-29,0.72472197
1997-12-30,5.986059
1997-12-31,3.5786102
1998-01-01,0.967054
1998-01-02,0.0
1998-01-03,4.9473686
1998-01-04,12.440175
1998-01-05,21.740294
1998-01-06,2.6061463
1998-01-07,1.2116218
1998-01-08,0.62321365
1998-01-09,1.504547
1998-01-10,3.923267
1998-01-11,0.31776267
1998-01-12,0.04622997
1998-01-13,0.32341692
1998-01-14,12.599501
1998-01-15,1.6513714
1998-01-16,1.4860574
1998-01-17,0.0
1998-01-18,0.103146054
1998-01-19,0.00088813965
1998-01-20,25.068394
1998-01-21,7.719849
1998-01-22,0.2945095
1998-01-23,0.28683886
1998-01-24,1.3321952
1998-01-25,12.42686
1998-01-26,0.11922744
1998-01-27,0.014930324
1998-01-28,1.6708425
1998-01-29,14.648738
1998-01-30,1.3069606
1998-01-31,3.665217
1998-02-01,8.368006
1998-02-02,41.147507
1998-02-03,1.2097594
1998-02-04,2.390975
1998-02-05,12.142711
1998-02-06,2.1625721
1998-02-07,1.4770863
1998-02-08,21.747171
1998-02-09,9.711279
1998-02-10,0.15157753
1998-02-11,0.026732247
1998-02-12,0.23099227
1998-02-13,1.9314126
1998-02-14,12.199138
1998-02-15,1.4261628
1998-02-16,0.0
1998-02-17,0.0
1998-02-18,0.1540254
1998-02-19,0.04948601
1998-02-20,3.2836668
1998-02-21,4.230377
1998-02-22,4.1177077
1998-02-23,0.0
1998-02-24,0.41671956
1998-02-25,18.109882
1998-02-26,0.07414147
1998-02-27,0.5461208
1998-02-28,0.34438038
1998-03-01,0.18955334
1998-03-02,1.2081804
1998-03-03,1.5743774
1998-03-04,11.924939
1998-03-05,21.158543
1998-03-06,4.608278
1998-03-07,1.9364539
1998-03-08,7.4662447
1998-03-09,0.59715104
1998-03-10,0.4011967
1998-03-11,0.7453159
1998-03-12,6.8782344
1998-03-13,0.34371427
1998-03-14,0.0007639538
1998-03-15,0.0764376
1998-03-16,0.01858901
1998-03-17,0.0046200575
1998-03-18,0.026432745
1998-03-19,0.0021020675
1998-03-20,0.29303467
1998-03-21,0.12309306
1998-03-22,0.025059734
1998-03-23,0.116041034
1998-03-24,3.0829747
1998-03-25,1.0987159
1998-03-26,0.005669457
1998-03-27,5.874777
1998-03-28,14.671449
1998-03-29,13.114258
1998-03-30,3.503675
1998-03-31,1.6187574
1998-04-01,0.67618984
1998-04-02,0.6737873
1998-04-03,9.322779
1998-04-04,0.37434614
1998-04-05,0.55797714
1998-04-06,1.7368387
1998-04-07,1.8549199
1998-04-08,10.402697
1998-04-09,2.4828844
1998-04-10,0.25042185
1998-04-11,1.1173221
1998-04-12,11.0374
1998-04-13,0.48524848
1998-04-14,6.1020093
1998-04-15,15.974471
1998-04-16,0.9950444
1998-04-17,0.16338004
1998-04-18,0.15550506
1998-04-19,2.4690776
1998-04-20,2.4505758
1998-04-21,11.178877
1998-04-22,0.00616944
1998-04-23,0.021395868
1998-04-24,0.0
1998-04-25,0.00090686104
1998-04-26,12.22538
1998-04-27,0.347044
1998-04-28,0.04662716
1998-04-29,0.006158308
1998-04-30,0.0012977696
1998-05-01,0.00048660988
1998-05-02,0.68109816
1998-05-03,1.771225
1998-05-04,0.372866
1998-05-05,0.6395976
1998-05-06,4.6684937
1998-05-07,7.5808115
1998-05-08,0.21686704
1998-05-09,0.0012501917
1998-05-10,0.0
1998-05-11,0.0011854633
1998-05-12,0.0037869555
1998-05-13,8.539016
1998-05-14,9.251557
1998-05-15,7.5918884
1998-05-16,16.974085
1998-05-17,5.9423995
1998-05-18,11.963528
1998-05-19,1.9309841
1998-05-20,0.0019750954
1998-05-21,0.009993889
1998-05-22,0.0012808931
1998-05-23,3.3448687
1998-05-24,3.4622412
1998-05-25,13.969194
1998-05-26,3.6948926
1998-05-27,0.040599212
1998-05-28,2.5910666
1998-05-29,0.74357915
1998-05-30,0.02107007
1998-05-31,0.00025576958
1998-06-01,0.03511588
1998-06-02,0.7601815
1998-06-03,6.398711
1998-06-04,0.10974306
1998-06-05,0.654667
1998-06-06,10.074165
1998-06-07,5.994936
1998-06-08,0.6991806
1998-06-09,0.007156585
1998-06-10,0.5350712
1998-06-11,13.063982
1998-06-12,11.76364
1998-06-13,7.1074944
1998-06-14,1.406489
1998-06-15,2.8219824
1998-06-16,21.999168
1998-06-17,0.1796652
1998-06-18,0.27545336
1998-06-19,2.4260678
1998-06-20,6.3853984
1998-06-21,5.3124166
1998-06-22,3.1721501
1998-06-23,0.33025488
1998-06-24,0.9844298
1998-06-25,7.628757
1998-06-26,22.117002
1998-06-27,7.9879174
1998-06-28,0.07977682
1998-06-29,0.009001894
1998-06-30,1.3245065
1998-07-01,12.5193405
1998-07-02,5.0768723
1998-07-03,0.011740852
1998-07-04,0.0
1998-07-05,0.0
1998-07-06,0.50913745
1998-07-07,1.1212591
1998-07-08,2.4355528
1998-07-09,6.5631585
1998-07-10,0.07316491
1998-07-11,0.8074217
1998-07-12,12.620005
1998-07-13,0.0008042208
1998-07-14,0.52426386
1998-07-15,0.0
1998-07-16,0.0
1998-07-17,0.0
1998-07-18,0.0004322675
1998-07-19,0.0062104375
1998-07-20,0.59343576
1998-07-21,3.267051
1998-07-22,3.3379762
1998-07-23,3.5790548
1998-07-24,9.046098
1998-07-25,0.001409481
1998-07-26,11.224191
1998-07-27,0.59395975
1998-07-28,0.25904515
1998-07-29,0.2785498
1998-07-30,0.024538016
1998-07-31,2.9043996
1998-08-01,6.463163
1998-08-02,6.6950736
1998-08-03,6.935042
1998-08-04,6.2632055
1998-08-05,0.048969466
1998-08-06,0.191774
1998-08-07,2.3340142
1998-08-08,0.8261388
1998-08-09,2.3055308
1998-08-10,13.760794
1998-08-11,0.07562699
1998-08-12,0.016683532
1998-08-13,14.202205
1998-08-14,0.44449523
1998-08-15,2.3282115
1998-08-16,0.102603786
1998-08-17,6.750469
1998-08-18,0.6424624
1998-08-19,0.3629746
1998-08-20,0.8645535
1998-08-21,2.1462815
1998-08-22,0.68254644
1998-08-23,0.19553976
1998-08-24,0.06283781
1998-08-25,1.0377934
1998-08-26,0.13425522
1998-08-27,0.011632473
1998-08-28,0.057665206
1998-08-29,1.2060035
1998-08-30,15.585149
1998-08-31,0.025061902
1998-09-01,0.11003015
1998-09-02,3.7904274
1998-09-03,9.79992
1998-09-04,13.750811
1998-09-05,2.525137
1998-09-06,1.5208707
1998-09-07,5.6528077
1998-09-08,10.357516
1998-09-09,2.0265727
1998-09-10,1.6626927
1998-09-11,2.5965588
1998-09-12,0.59708583
1998-09-13,0.5806717
1998-09-14,23.897346
1998-09-15,5.9656186
1998-09-16,0.0
1998-09-17,1.9632586
1998-09-18,2.8896306
1998-09-19,5.8450403
1998-09-20,0.00013587713
1998-09-21,0.06584398
1998-09-22,0.13033026
1998-09-23,5.4421954
1998-09-24,2.909229
1998-09-25,0.1397445
1998-09-26,7.781395
1998-09-27,0.0040261964
1998-09-28,0.6242796
1998-09-29,1.1252332
1998-09-30,0.64594257
1998-10-01,11.932518
1998-10-02,12.48306
1998-10-03,6.32281
1998-10-04,2.8903
1998-10-05,0.29902792
1998-10-06,1.6491504
1998-10-07,1.4983363
1998-10-08,16.161034
1998-10-09,4.5058765
1998-10-10,0.0019499002
1998-10-11,0.0012485323
1998-10-12,0.0
1998-10-13,0.8014386
1998-10-14,10.553881
1998-10-15,25.589073
1998-10-16,0.9825749
1998-10-17,15.980099
1998-10-18,0.17590867
1998-10-19,0.049573306
1998-10-20,4.510364
1998-10-21,3.3363721
1998-10-22,0.089944035
1998-10-23,0.004812734
1998-10-24,8.930749e-06
1998-10-25,0.0012363774
1998-10-26,1.1141667
1998-10-27,1.5912677
1998-10-28,1.7381703
1998-10-29,10.987755
1998-10-30,1.4948901
1998-10-31,0.02108038
1998-11-01,0.0066987337
1998-11-02,0.36862984
1998-11-03,0.0
1998-11-04,0.0
1998-11-05,0.00035037697
1998-11-06,5.907666
1998-11-07,1.1395946
1998-11-08,12.240384
1998-11-09,0.065317266
1998-11-10,1.3729751
1998-11-11,3.8537154
1998-11-12,0.9109654
1998-11-13,0.09174526
1998-11-14,27.692804
1998-11-15,0.6491817
1998-11-16,0.9848222
1998-11-17,4.2468967
1998-11-18,3.5844388
1998-11-19,2.362807
1998-11-20,3.2353332
1998-11-21,11.0989895
1998-11-22,3.4002817
1998-11-23,5.686297
1998-11-24,18.043175
1998-11-25,0.11786781
1998-11-26,9.425851
1998-11-27,32.67401
1998-11-28,3.8347921
1998-11-29,1.5078179
1998-11-30,7.5487375
1998-12-01,1.4879718
1998-12-02,0.7910295
1998-12-03,0.0006850842
1998-12-04,0.0035040716
1998-12-05,0.98214245
1998-12-06,17.641705
1998-12-07,29.018608
1998-12-08,5.6587195
1998-12-09,0.20634675
1998-12-10,1.5114458
1998-12-11,0.90104353
1998-12-12,0.0
1998-12-13,0.0
1998-12-14,0.25875136
1998-12-15,1.179009
1998-12-16,0.4857366
1998-12-17,3.7902873
1998-12-18,3.2415621
1998-12-19,7.1339645
1998-12-20,11.604921
1998-12-21,0.356357
1998-12-22,0.11470861
1998-12-23,1.2000561
1998-12-24,0.16531566
1998-12-25,0.09651994
1998-12-26,0.02908102
1998-12-27,0.027077153
1998-12-28,0.038825203
1998-12-29,0.17963473
1998-12-30,0.58312434
1998-12-31,7.819039
1999-01-01,4.8582077
1999-01-02,1.8780185
1999-01-03,4.9990606
1999-01-04,31.217724
1999-01-05,3.2434254
1999-01-06,3.271382
1999-01-07,3.5033345
1999-01-08,0.82708466
1999-01-09,0.20766495
1999-01-10,0.87712777
1999-01-11,0.62063885
1999-01-12,0.31015524
1999-01-13,2.3992047
1999-01-14,0.14707942
1999-01-15,3.4742982
1999-01-16,1.0420992
1999-01-17,9.051895
1999-01-18,13.2431555
1999-01-19,2.432793
1999-01-20,0.0012251326
1999-01-21,2.9233758
1999-01-22,1.2486591
1999-01-23,0.32133693
1999-01-24,0.043364543
1999-01-25,0.058559686
1999-01-26,0.0
1999-01-27,2.1912467
1999-01-28,3.362401
1999-01-29,0.45923927
1999-01-30,0.4241235
1999-01-31,2.3824732
1999-02-01,0.46165437
1999-02-02,0.48217276
1999-02-03,2.451769
1999-02-04,4.108308
1999-02-05,0.80541646
1999-02-06,0.29447892
1999-02-07,0.047449604
1999-02-08,1.2017505
1999-02-09,22.235584
1999-02-10,0.1796117
1999-02-11,2.2572134
1999-02-12,6.813728
1999-02-13,9.818004
1999-02-14,0.13970673
1999-02-15,0.15565392
1999-02-16,6.300884
1999-02-17,8.254683
1999-02-18,0.087196134
1999-02-19,0.0003003338
1999-02-20,0.008433986
1999-02-21,0.031623825
1999-02-22,12.155876
1999-02-23,1.8250866
1999-02-24,1.3245153
1999-02-25,0.7030225
1999-02-26,2.0446024
1999-02-27,14.309586
1999-02-28,1.37136
1999-03-01,1.8365374
1999-03-02,0.112981565
1999-03-03,0.0
1999-03-04,0.05031177
1999-03-05,0.084339485
1999-03-06,9.835868
1999-03-07,0.14887023
1999-03-08,0.7380325
1999-03-09,0.49645406
1999-03-10,0.0
1999-03-11,2.2980416
1999-03-12,0.0
1999-03-13,0.26310977
1999-03-14,11.30359
1999-03-15,1.349866
1999-03-16,2.0906992
1999-03-17,0.9316214
1999-03-18,1.2384329
1999-03-19,1.0267483
1999-03-20,22.980646
1999-03-21,6.518031
1999-03-22,0.0070548337
1999-03-23,2.2463129
1999-03-24,0.19850881
1999-03-25,0.60976076
1999-03-26,7.7595177
1999-03-27,1.2071959
1999-03-28,22.954077
1999-03-29,0.450351
1999-03-30,2.3239512
1999-03-31,2.6884916
1999-04-01,0.201942
1999-04-02,1.3785836
1999-04-03,3.0216835
1999-04-04,3.7076833
1999-04-05,0.9534829
1999-04-06,1.1998248
1999-04-07,6.885598
1999-04-08,12.097175
1999-04-09,1.0343071
1999-04-10,0.0
1999-04-11,0.12299498
1999-04-12,3.9924326
1999-04-13,0.71922696
1999-04-14,0.0002920502
1999-04-15,0.00026978922
1999-04-16,0.0008371571
1999-04-17,1.0714128
1999-04-18,0.898008
1999-04-19,0.22316365
1999-04-20,9.021463
1999-04-21,1.2589113
1999-04-22,0.9019992
1999-04-23,0.47614214
1999-04-24,0.43051502
1999-04-25,0.17866746
1999-04-26,7.8949785
1999-04-27,17.525896
1999-04-28,1.8433641
1999-04-29,2.588987
1999-04-30,8.912486
1999-05-01,20.23646
1999-05-02,1.4101123
1999-05-03,0.12031053
1999-05-04,0.6985993
1999-05-05,1.0409999
1999-05-06,0.07807716
1999-05-07,0.68902445
1999-05-08,0.20500132
1999-05-09,4.858922
1999-05-10,6.492937
1999-05-11,20.220499
1999-05-12,1.2649674
1999-05-13,0.1964447
1999-05-14,0.18231615
1999-05-15,0.7952358
1999-05-16,0.035008818
1999-05-17,0.104459226
1999-05-18,1.8836789
1999-05-19,3.4253485
1999-05-20,10.49444
1999-05-21,0.3212313
1999-05-22,1.3423605
1999-05-23,0.81434554
1999-05-24,0.12677449
1999-05-25,6.6288986
1999-05-26,8.28277
1999-05-27,0.91324055
1999-05-28,3.8194485
1999-05-29,9.857315
1999-05-30,5.040612
1999-05-31,2.9681442
1999-06-01,0.07374964
1999-06-02,6.6979356
1999-06-03,4.030266
1999-06-04,18.706326
1999-06-05,1.4205915
1999-06-06,2.5743253
1999-06-07,0.20805751
1999-06-08,0.13027003
1999-06-09,8.5132065
1999-06-10,0.4212699
1999-06-11,9.823954
1999-06-12,0.07385202
1999-06-13,11.749173
1999-06-14,13.514104
1999-06-15,0.87184113
1999-06-16,0.16800839
1999-06-17,0.0
1999-06-18,0.0011566096
1999-06-19,2.4820642
1999-06-20,1.3189906
1999-06-21,0.420109
1999-06-22,0.54450065
1999-06-23,2.6460786
1999-06-24,2.4785347
1999-06-25,0.018718693
1999-06-26,1.7870036e-05
1999-06-27,0.9509749
1999-06-28,0.2768169
1999-06-29,0.26485273
1999-06-30,0.46562192
1999-07-01,2.302094
1999-07-02,0.53140885
1999-07-03,0.21662256
1999-07-04,2.577952
1999-07-05,0.6079328
1999-07-06,0.40001774
1999-07-07,0.62723196
1999-07-08,3.6496458
1999-07-09,3.2137175
1999-07-10,0.021019962
1999-07-11,8.024139
1999-07-12,0.36057642
1999-07-13,0.013917448
1999-07-14,3.4811404
1999-07-15,5.517713
1999-07-16,5.4450054
1999-07-17,0.016591456
1999-07-18,0.0053430027
1999-07-19,6.773167
1999-07-20,1.0549616
1999-07-21,0.16407934
1999-07-22,0.73824096
1999-07-23,0.012401505
1999-07-24,0.16130564
1999-07-25,0.250652
1999-07-26,0.44608104
1999-07-27,0.67232877
1999-07-28,0.047997203
1999-07-29,1.425337
1999-07-30,0.06761165
1999-07-31,5.1972065
1999-08-01,1.3601652
1999-08-02,1.3618449
1999-08-03,0.74477744
1999-08-04,9.087028
1999-08-05,6.5949326
1999-08-06,10.204143
1999-08-07,12.977167
1999-08-08,4.5925097
1999-08-09,3.6980214
1999-08-10,0.021884765
1999-08-11,0.00046197002
1999-08-12,1.6205382
1999-08-13,0.36163336
1999-08-14,1.2802049
1999-08-15,0.79276186
1999-08-16,0.42020956
1999-08-17,0.0813519
1999-08-18,0.5648397
1999-08-19,0.46446845
1999-08-20,4.497503
1999-08-21,0.7439875
1999-08-22,0.0
1999-08-23,0.0
1999-08-24,0.05482783
1999-08-25,4.542236
1999-08-26,0.09407408
1999-08-27,7.343213
1999-08-28,1.9566048
1999-08-29,2.7308655
1999-08-30,2.3677363
1999-08-31,0.22478239
1999-09-01,0.063297905
1999-09-02,0.0032034863
1999-09-03,0.11049616
1999-09-04,1.9341111
1999-09-05,5.1039004
1999-09-06,2.7141123
1999-09-07,1.5696872
1999-09-08,3.094463
1999-09-09,6.283874
1999-09-10,3.4648824
1999-09-11,2.6416714
1999-09-12,7.2786484
1999-09-13,6.137006
1999-09-14,2.4262028
1999-09-15,2.192409
1999-09-16,3.5998507
1999-09-17,2.907068
1999-09-18,0.2918709
1999-09-19,0.17686553
1999-09-20,0.9446057
1999-09-21,0.17345598
1999-09-22,9.15356
1999-09-23,4.120216
1999-09-24,0.62185365
1999-09-25,0.6329966
1999-09-26,11.7805
1999-09-27,7.4018307
1999-09-28,2.651553
1999-09-29,1.084928
1999-09-30,0.07977413
1999-10-01,0.09729347
1999-10-02,4.9525247
1999-10-03,11.217396
1999-10-04,0.054328714
1999-10-05,9.577289
1999-10-06,5.602766
1999-10-07,0.337165
1999-10-08,0.09984383
1999-10-09,0.43199864
1999-10-10,0.02582803
1999-10-11,0.0033099311
1999-10-12,0.0025755472
1999-10-13,0.0013831215
1999-10-14,2.2063458
1999-10-15,28.07289
1999-10-16,5.891328
1999-10-17,0.0019265846
1999-10-18,0.011110975
1999-10-19,0.61735064
1999-10-20,0.066625305
1999-10-21,0.632694
1999-10-22,1.128572
1999-10-23,0.89381295
1999-10-24,4.448637
1999-10-25,60.343742
1999-10-26,12.064261
1999-10-27,0.31891078
1999-10-28,0.038599834
1999-10-29,1.3949846
1999-10-30,3.09314
1999-10-31,1.7949504
1999-11-01,0.0009169069
1999-11-02,3.967369
1999-11-03,0.0
1999-11-04,0.0
1999-11-05,1.3018512
1999-11-06,0.10498158
1999-11-07,0.007107946
1999-11-08,0.0007724433
1999-11-09,0.00011873043
1999-11-10,0.011517228
1999-11-11,3.523858
1999-11-12,8.459556
1999-11-13,6.1362545e-07
1999-11-14,3.9228888
1999-11-15,0.0
1999-11-16,9.087001
1999-11-17,1.7452276
1999-11-18,0.14156647
1999-11-19,0.018613359
1999-11-20,1.7364299
1999-11-21,0.34163138
1999-11-22,0.008201278
1999-11-23,0.006243392
1999-11-24,0.4347928
1999-11-25,11.040617
1999-11-26,0.15482222
1999-11-27,0.21525641
1999-11-28,0.08327963
1999-11-29,0.0057971035
1999-11-30,9.177014e-05
1999-12-01,0.0005288843
1999-12-02,2.0612984
1999-12-03,28.889605
1999-12-04,1.0149064
1999-12-05,0.010330274
1999-12-06,8.9200075e-05
1999-12-07,1.4459987
1999-12-08,9.963181
1999-12-09,12.53486
1999-12-10,0.7858558
1999-12-11,0.2936082
1999-12-12,1.4449313
1999-12-13,0.21127844
1999-12-14,0.2090428
1999-12-15,0.13078685
1999-12-16,1.9784718
1999-12-17,4.8668118
1999-12-18,8.247966
1999-12-19,1.6923536
1999-12-20,0.049176846
1999-12-21,0.64065415
1999-12-22,22.569824
1999-12-23,10.220874
1999-12-24,0.9119301
1999-12-25,0.29119474
1999-12-26,1.7416153
1999-12-27,1.2014928
1999-12-28,0.34563234
1999-12-29,0.15270582
1999-12-30,0.014956353
1999-12-31,0.0
2000-01-01,24.25225
2000-01-02,44.04597
2000-01-03,15.826023
2000-01-04,2.2144773
2000-01-05,0.1057508
2000-01-06,6.018295
2000-01-07,0.12683693
2000-01-08,0.18882424
2000-01-09,0.01041734
2000-01-10,18.46824
2000-01-11,43.216137
2000-01-12,7.0010133
2000-01-13,0.023697007
2000-01-14,3.7302787
2000-01-15,18.481913
2000-01-16,0.06864256
2000-01-17,3.2000942
2000-01-18,0.69369537
2000-01-19,0.37982336
2000-01-20,0.8678117
2000-01-21,0.22922142
2000-01-22,0.36739725
2000-01-23,0.30635476
2000-01-24,3.289563
2000-01-25,1.0943308
2000-01-26,3.006681
2000-01-27,5.312132
2000-01-28,1.0529801
2000-01-29,1.1846147
2000-01-30,0.86474466
2000-01-31,0.6531007
2000-02-01,0.192085
2000-02-02,0.08849285
2000-02-03,0.037513107
2000-02-04,0.0024732985
2000-02-05,15.401219
2000-02-06,16.476486
2000-02-07,0.5272918
2000-02-08,0.5068419
2000-02-09,0.15635765
2000-02-10,0.2376933
2000-02-11,0.22226499
2000-02-12,0.2932492
2000-02-13,0.0
2000-02-14,0.0015026431
2000-02-15,1.1388593
2000-02-16,0.018502224
2000-02-17,0.030683413
2000-02-18,0.0019712094
2000-02-19,0.0010041324
2000-02-20,0.0094371475
2000-02-21,0.051872842
2000-02-22,0.22080995
2000-02-23,0.29861686
2000-02-24,0.06739434
2000-02-25,0.14622621
2000-02-26,0.17976622
2000-02-27,0.04774006
2000-02-28,0.0016920373
2000-03-01,13.507006
2000-03-02,1.5716114
2000-03-03,5.1798477
2000-03-04,0.4387436
2000-03-05,0.63513726
2000-03-06,33.74567
2000-03-07,4.5236435
2000-03-08,0.24882774
2000-03-09,0.32316154
2000-03-10,19.538437
2000-03-11,1.5432025
2000-03-12,1.280682
2000-03-13,6.5841417
2000-03-14,2.8149915
2000-03-15,13.766932
2000-03-16,12.370957
2000-03-17,6.2195077
2000-03-18,4.437211
2000-03-19,0.12641019
2000-03-20,11.358884
2000-03-21,11.401888
2000-03-22,0.9230327
2000-03-23,0.39923286
2000-03-24,0.018827597
2000-03-25,1.045823
2000-03-26,0.0
2000-03-27,1.3122089
2000-03-28,2.9368646
2000-03-29,0.045329373
2000-03-30,4.573791
2000-03-31,0.96075565
2000-04-01,0.72663957
2000-04-02,1.0709835
2000-04-03,2.0649953
2000-04-04,0.31722704
2000-04-05,1.276984
2000-04-06,1.9955091
2000-04-07,6.1803846
2000-04-08,0.6428832
2000-04-09,32.052536
2000-04-10,3.0172422
2000-04-11,0.2032654
2000-04-12,4.9727287
2000-04-13,0.07202071
2000-04-14,4.155728
2000-04-15,12.229897
2000-04-16,0.5627178
2000-04-17,0.20467699
2000-04-18,3.550685
2000-04-19,0.4763135
2000-04-20,0.012403788
2000-04-21,0.014223566
2000-04-22,0.0
2000-04-23,0.14750567
2000-04-24,3.8434947
2000-04-25,8.765537
2000-04-26,1.6119695
2000-04-27,13.039248
2000-04-28,0.9402598
2000-04-29,0.3078259
2000-04-30,2.1282837
2000-05-01,0.35313606
2000-05-02,0.05067726
2000-05-03,0.7475295
2000-05-04,0.7918528
2000-05-05,18.189987
2000-05-06,12.228736
2000-05-07,0.9335584
2000-05-08,0.2276606
2000-05-09,0.45433322
2000-05-10,0.004389615
2000-05-11,1.5481036
2000-05-12,0.06904292
2000-05-13,2.1956825
2000-05-14,4.6016192
2000-05-15,0.2110956
2000-05-16,0.008489153
2000-05-17,0.86597127
2000-05-18,2.8794613
2000-05-19,1.693584
2000-05-20,0.25925684
2000-05-21,0.025239382
2000-05-22,0.678836
2000-05-23,20.09442
2000-05-24,2.6773732
2000-05-25,0.21239074
2000-05-26,3.3701
2000-05-27,4.2030687
2000-05-28,0.06140968
2000-05-29,0.15213212
2000-05-30,0.33709824
2000-05-31,10.417669
2000-06-01,3.9511623
2000-06-02,0.64341044
2000-06-03,8.667133
2000-06-04,0.832239
2000-06-05,1.1749938
2000-06-06,3.5920458
2000-06-07,0.7646075
2000-06-08,0.23545091
2000-06-09,0.23981388
2000-06-10,6.5794578
2000-06-11,3.0516331
2000-06-12,0.16431144
2000-06-13,2.7403357
2000-06-14,0.34615073
2000-06-15,0.15513213
2000-06-16,1.8126938
2000-06-17,17.27929
2000-06-18,2.3627455
2000-06-19,4.2940874
2000-06-20,6.484588
2000-06-21,7.917534
2000-06-22,0.3472853
2000-06-23,0.10274691
2000-06-24,0.67306215
2000-06-25,0.01941136
2000-06-26,0.027294502
2000-06-27,0.56949055
2000-06-28,0.30139595
2000-06-29,0.034928307
2000-06-30,1.3121619
2000-07-01,6.6478977
2000-07-02,4.256139
2000-07-03,0.38225868
2000-07-04,13.288228
2000-07-05,16.857166
2000-07-06,0.014252592
2000-07-07,0.0
2000-07-08,0.0016901474
2000-07-09,2.1904407
2000-07-10,1.6133562
2000-07-11,0.30038568
2000-07-12,2.1055536
2000-07-13,0.21727748
2000-07-14,1.6854815
2000-07-15,9.512856
2000-07-16,1.3967205
2000-07-17,0.34585994
2000-07-18,0.032696307
2000-07-19,2.0118024
2000-07-20,0.3585097
2000-07-21,2.184286
2000-07-22,4.729439
2000-07-23,4.8227377
2000-07-24,0.1827318
2000-07-25,6.5338593
2000-07-26,7.2288494
2000-07-27,1.3286735
2000-07-28,13.502972
2000-07-29,1.7813389
2000-07-30,0.18306348
2000-07-31,0.89684653
2000-08-01,3.6151345
2000-08-02,3.8525195
2000-08-03,4.534054
2000-08-04,0.6426737
2000-08-05,0.56092983
2000-08-06,2.8397818
2000-08-07,2.8810215
2000-08-08,1.7810019
2000-08-09,1.6677655
2000-08-10,1.4183909
2000-08-11,0.5083187
2000-08-12,1.048187
2000-08-13,2.9295604
2000-08-14,3.702442
2000-08-15,2.62953
2000-08-16,0.009339828
2000-08-17,0.26406643
2000-08-18,2.7651145
2000-08-19,7.156941
2000-08-20,2.2491224
2000-08-21,3.8878973
2000-08-22,0.50573426
2000-08-23,0.11953957
2000-08-24,0.34384036
2000-08-25,4.0629783
2000-08-26,0.26856935
2000-08-27,0.01635091
2000-08-28,0.0011779857
2000-08-29,2.44262
2000-08-30,0.53315437
2000-08-31,4.7577786
2000-09-01,3.657981
2000-09-02,4.609564
2000-09-03,4.0788913
2000-09-04,2.277098
2000-09-05,6.5995045
2000-09-06,15.255279
2000-09-07,5.373508
2000-09-08,5.1788144
2000-09-09,21.753773
2000-09-10,1.7174133
2000-09-11,0.0039487737
2000-09-12,1.0555725
2000-09-13,3.495152
2000-09-14,1.5010629
2000-09-15,0.5334575
2000-09-16,0.16273214
2000-09-17,6.824739
2000-09-18,10.14348
2000-09-19,0.9849385
2000-09-20,3.2540758
2000-09-21,2.4670982
2000-09-22,0.0072470238
2000-09-23,0.038884155
2000-09-24,0.6287458
2000-09-25,19.861198
2000-09-26,1.0978554
2000-09-27,0.9253451
2000-09-28,5.1991415
2000-09-29,7.5463367
2000-09-30,2.5184066
2000-10-01,0.58355224
2000-10-02,0.017643958
2000-10-03,0.14980964
2000-10-04,0.016316772
2000-10-05,0.007327026
2000-10-06,5.011307
2000-10-07,7.8931866
2000-10-08,2.282192
2000-10-09,1.7376713
2000-10-10,0.98565304
2000-10-11,7.4171157
2000-10-12,1.3797232
2000-10-13,1.1167791
2000-10-14,3.049115
2000-10-15,0.7458436
2000-10-16,0.0025593801
2000-10-17,0.18579392
2000-10-18,7.478106
2000-10-19,14.575762
2000-10-20,0.0011776154
2000-10-21,0.91434777
2000-10-22,1.1819062
2000-10-23,0.12486761
2000-10-24,0.011898769
2000-10-25,0.022746067
2000-10-26,4.3423347
2000-10-27,8.113088
2000-10-28,7.73918
2000-10-29,1.2582003
2000-10-30,0.0
2000-10-31,14.275692
2000-11-01,0.0952076
2000-11-02,5.287615e-05
2000-11-03,0.032463267
2000-11-04,0.15012753
2000-11-05,0.19763936
2000-11-06,0.00047271242
2000-11-07,0.0061917496
2000-11-08,0.012513742
2000-11-09,0.016712544
2000-11-10,0.54522
2000-11-11,0.0
2000-11-12,2.615815
2000-11-13,5.2711916
2000-11-14,0.6222644
2000-11-15,24.66104
2000-11-16,0.16777481
2000-11-17,30.055681
2000-11-18,3.0567923
2000-11-19,0.07116882
2000-11-20,0.021523593
2000-11-21,11.4377775
2000-11-22,9.983099
2000-11-23,0.6674557
2000-11-24,0.8308988
2000-11-25,2.3372345
2000-11-26,0.62803054
2000-11-27,2.6428857
2000-11-28,4.0070014
2000-11-29,0.2611139
2000-11-30,0.019878369
2000-12-01,0.35183495
2000-12-02,1.8578106
2000-12-03,3.465305
2000-12-04,0.037527032
2000-12-05,0.0
2000-12-06,0.00060873345
2000-12-07,0.0074510053
2000-12-08,12.197882
2000-12-09,0.9128047
2000-12-10,0.34525028
2000-12-11,1.4855479
2000-12-12,37.446915
2000-12-13,9.422521
2000-12-14,0.038617723
2000-12-15,0.0
2000-12-16,0.5642448
2000-12-17,3.9151943
2000-12-18,0.48805112
2000-12-19,1.8065737
2000-12-20,0.3828833
2000-12-21,0.591008
2000-12-22,0.52074814
2000-12-23,0.23248921
2000-12-24,0.015418869
2000-12-25,37.320232
2000-12-26,9.152878
2000-12-27,0.6052607
2000-12-28,0.31813523
2000-12-29,30.76794
2000-12-30,5.75354
2000-12-31,2.1450803
