date,pr_mm_jour
1971-01-01,0.8899167
1971-01-02,0.0086300075
1971-01-03,1.468791
1971-01-04,0.0086300075
1971-01-05,14.126397
1971-01-06,1.2355194
1971-01-07,0.2851121
1971-01-08,0.12959093
1971-01-09,0.060470402
1971-01-10,0.02591014
1971-01-11,0.18143132
1971-01-12,1.7107129
1971-01-13,0.02591014
1971-01-14,2.7388706
1971-01-15,3.2227144
1971-01-16,0.14687106
1971-01-17,0.02591014
1971-01-18,0.0086300075
1971-01-19,0.0086300075
1971-01-20,0.7689558
1971-01-21,0.87263656
1971-01-22,3.9052696
1971-01-23,6.1775966
1971-01-24,1.0108776
1971-01-25,0.18143132
1971-01-26,9.797754
1971-01-27,6.911992
1971-01-28,0.0086300075
1971-01-29,0.04319027
1971-01-30,6.2467175
1971-01-31,0.924477
1971-02-01,0.0086300075
1971-02-02,0.21599159
1971-02-03,0.0086300075
1971-02-04,0.02591014
1971-02-05,2.8252714
1971-02-06,13.11552
1971-02-07,0.1123108
1971-02-08,21.14207
1971-02-09,11.707199
1971-02-10,0.060470402
1971-02-11,0.0086300075
1971-02-12,0.14687106
1971-02-13,0.75167567
1971-02-14,23.103355
1971-02-15,0.37151277
1971-02-16,0.23327172
1971-02-17,0.02591014
1971-02-18,0.83807635
1971-02-19,0.02591014
1971-02-20,2.5315092
1971-02-21,9.866875
1971-02-22,0.0086300075
1971-02-23,8.544954
1971-02-24,16.303673
1971-02-25,0.02591014
1971-02-26,0.095030665
1971-02-27,1.7625533
1971-02-28,10.419839
1971-03-01,3.430076
1971-03-02,0.02591014
1971-03-03,0.68255514
1971-03-04,40.201916
1971-03-05,1.8143938
1971-03-06,0.31967238
1971-03-07,4.3545527
1971-03-08,16.891197
1971-03-09,0.83807635
1971-03-10,0.0086300075
1971-03-11,5.590072
1971-03-12,5.3481503
1971-03-13,0.0086300075
1971-03-14,0.0086300075
1971-03-15,0.85535645
1971-03-16,3.568317
1971-03-17,0.0086300075
1971-03-18,0.0086300075
1971-03-19,0.0086300075
1971-03-20,6.756471
1971-03-21,2.4451084
1971-03-22,0.7343955
1971-03-23,0.7862359
1971-03-24,5.27038
1971-03-25,0.9763174
1971-03-26,0.04319027
1971-03-27,0.02591014
1971-03-28,11.551678
1971-03-29,0.0086300075
1971-03-30,0.0086300075
1971-03-31,0.0086300075
1971-04-01,0.0086300075
1971-04-02,0.0086300075
1971-04-03,0.26783198
1971-04-04,0.0086300075
1971-04-05,0.0086300075
1971-04-06,0.02591014
1971-04-07,18.074877
1971-04-08,2.4191983
1971-04-09,0.18143132
1971-04-10,0.1123108
1971-04-11,0.5443141
1971-04-12,0.0086300075
1971-04-13,0.0086300075
1971-04-14,0.0086300075
1971-04-15,4.9420776
1971-04-16,2.7215905
1971-04-17,22.826872
1971-04-18,2.7561507
1971-04-19,2.8079913
1971-04-20,1.0799981
1971-04-21,0.30239224
1971-04-22,0.7862359
1971-04-23,0.9071969
1971-04-24,0.02591014
1971-04-25,3.309115
1971-04-26,1.2959898
1971-04-27,1.2614295
1971-04-28,0.0086300075
1971-04-29,0.095030665
1971-04-30,0.0086300075
1971-05-01,5.011198
1971-05-02,0.02591014
1971-05-03,3.6719978
1971-05-04,15.638398
1971-05-05,4.3199925
1971-05-06,0.26783198
1971-05-07,0.19871145
1971-05-08,1.1231885
1971-05-09,0.85535645
1971-05-10,0.0086300075
1971-05-11,0.0086300075
1971-05-12,0.0086300075
1971-05-13,0.75167567
1971-05-14,7.7155085
1971-05-15,0.02591014
1971-05-16,0.40607303
1971-05-17,41.817596
1971-05-18,0.12959093
1971-05-19,0.2851121
1971-05-20,0.0086300075
1971-05-21,0.0086300075
1971-05-22,6.350398
1971-05-23,0.12959093
1971-05-24,0.0086300075
1971-05-25,0.1123108
1971-05-26,0.26783198
1971-05-27,0.0086300075
1971-05-28,2.4278283
1971-05-29,0.0086300075
1971-05-30,0.0086300075
1971-05-31,5.2271895
1971-06-01,0.0086300075
1971-06-02,0.0086300075
1971-06-03,0.0086300075
1971-06-04,0.9935975
1971-06-05,0.0086300075
1971-06-06,0.0086300075
1971-06-07,0.0086300075
1971-06-08,0.0086300075
1971-06-09,1.1491187
1971-06-10,0.0086300075
1971-06-11,0.0086300075
1971-06-12,0.0086300075
1971-06-13,0.0086300075
1971-06-14,0.0086300075
1971-06-15,0.0086300075
1971-06-16,0.04319027
1971-06-17,0.0086300075
1971-06-18,0.0086300075
1971-06-19,0.0086300075
1971-06-20,0.0086300075
1971-06-21,0.0086300075
1971-06-22,0.4406333
1971-06-23,0.31967238
1971-06-24,0.0086300075
1971-06-25,0.0086300075
1971-06-26,0.59615445
1971-06-27,0.0086300075
1971-06-28,0.0086300075
1971-06-29,0.0086300075
1971-06-30,1.8662341
1971-07-01,0.0086300075
1971-07-02,2.3155174
1971-07-03,0.0086300075
1971-07-04,0.0086300075
1971-07-05,0.0086300075
1971-07-06,0.0086300075
1971-07-07,2.4019182
1971-07-08,0.0086300075
1971-07-09,0.0086300075
1971-07-10,0.75167567
1971-07-11,0.0086300075
1971-07-12,0.0086300075
1971-07-13,0.0086300075
1971-07-14,2.8771117
1971-07-15,12.026871
1971-07-16,1.9526348
1971-07-17,0.0086300075
1971-07-18,5.572792
1971-07-19,0.0086300075
1971-07-20,4.5273542
1971-07-21,0.0086300075
1971-07-22,0.0086300075
1971-07-23,0.0086300075
1971-07-24,0.0086300075
1971-07-25,0.0086300075
1971-07-26,0.0086300075
1971-07-27,0.02591014
1971-07-28,0.0086300075
1971-07-29,0.0086300075
1971-07-30,0.80351603
1971-07-31,0.0086300075
1971-08-01,0.0086300075
1971-08-02,0.0086300075
1971-08-03,0.0086300075
1971-08-04,2.8598316
1971-08-05,0.0086300075
1971-08-06,0.0086300075
1971-08-07,9.25342
1971-08-08,0.5097538
1971-08-09,0.0086300075
1971-08-10,0.0086300075
1971-08-11,0.0086300075
1971-08-12,3.568317
1971-08-13,0.0086300075
1971-08-14,0.0086300075
1971-08-15,0.26783198
1971-08-16,1.8835142
1971-08-17,0.0086300075
1971-08-18,0.0086300075
1971-08-19,0.02591014
1971-08-20,3.1363137
1971-08-21,0.0086300075
1971-08-22,2.8943918
1971-08-23,3.3782356
1971-08-24,0.4924737
1971-08-25,0.0086300075
1971-08-26,0.0086300075
1971-08-27,0.0086300075
1971-08-28,0.0086300075
1971-08-29,2.4451084
1971-08-30,0.0086300075
1971-08-31,0.0086300075
1971-09-01,0.0086300075
1971-09-02,0.0086300075
1971-09-03,0.0086300075
1971-09-04,0.0086300075
1971-09-05,1.9180745
1971-09-06,0.4406333
1971-09-07,0.0086300075
1971-09-08,0.0086300075
1971-09-09,0.0086300075
1971-09-10,0.0086300075
1971-09-11,0.0086300075
1971-09-12,0.47519356
1971-09-13,2.0217552
1971-09-14,2.246397
1971-09-15,8.164792
1971-09-16,0.0086300075
1971-09-17,0.0086300075
1971-09-18,0.0086300075
1971-09-19,0.0086300075
1971-09-20,0.0086300075
1971-09-21,0.0086300075
1971-09-22,0.0086300075
1971-09-23,0.0086300075
1971-09-24,0.14687106
1971-09-25,0.0086300075
1971-09-26,0.0086300075
1971-09-27,0.0086300075
1971-09-28,0.0086300075
1971-09-29,0.0086300075
1971-09-30,0.56159425
1971-10-01,0.0086300075
1971-10-02,0.0086300075
1971-10-03,0.0086300075
1971-10-04,0.0086300075
1971-10-05,0.23327172
1971-10-06,0.0086300075
1971-10-07,1.589752
1971-10-08,0.0086300075
1971-10-09,0.0086300075
1971-10-10,2.229117
1971-10-11,29.574715
1971-10-12,1.9699149
1971-10-13,0.0086300075
1971-10-14,0.0086300075
1971-10-15,0.0086300075
1971-10-16,0.0086300075
1971-10-17,0.0086300075
1971-10-18,0.0086300075
1971-10-19,0.0086300075
1971-10-20,0.0086300075
1971-10-21,0.0086300075
1971-10-22,0.0086300075
1971-10-23,0.0086300075
1971-10-24,0.0086300075
1971-10-25,0.0086300075
1971-10-26,0.0086300075
1971-10-27,0.0086300075
1971-10-28,0.04319027
1971-10-29,0.0086300075
1971-10-30,0.0086300075
1971-10-31,0.0086300075
1971-11-01,0.095030665
1971-11-02,1.1491187
1971-11-03,0.59615445
1971-11-04,5.4691114
1971-11-05,0.0086300075
1971-11-06,0.02591014
1971-11-07,3.4819164
1971-11-08,1.9007944
1971-11-09,0.0086300075
1971-11-10,0.0086300075
1971-11-11,0.45791343
1971-11-12,0.14687106
1971-11-13,0.1123108
1971-11-14,0.0086300075
1971-11-15,0.0086300075
1971-11-16,1.1923089
1971-11-17,0.83807635
1971-11-18,0.0086300075
1971-11-19,0.02591014
1971-11-20,1.33055
1971-11-21,0.0086300075
1971-11-22,19.293116
1971-11-23,0.0086300075
1971-11-24,0.04319027
1971-11-25,13.953595
1971-11-26,21.12479
1971-11-27,0.0086300075
1971-11-28,12.4243145
1971-11-29,0.02591014
1971-11-30,9.763194
1971-12-01,1.589752
1971-12-02,0.0086300075
1971-12-03,0.12959093
1971-12-04,0.0086300075
1971-12-05,0.12959093
1971-12-06,0.26783198
1971-12-07,4.4409537
1971-12-08,0.30239224
1971-12-09,0.14687106
1971-12-10,1.468791
1971-12-11,3.326395
1971-12-12,0.0086300075
1971-12-13,3.7843087
1971-12-14,0.0086300075
1971-12-15,0.0086300075
1971-12-16,22.861433
1971-12-17,0.095030665
1971-12-18,0.12959093
1971-12-19,0.060470402
1971-12-20,4.8729568
1971-12-21,2.6438198
1971-12-22,1.1059083
1971-12-23,0.12959093
1971-12-24,6.860152
1971-12-25,12.527995
1971-12-26,2.9289522
1971-12-27,0.0086300075
1971-12-28,7.3094354
1971-12-29,0.060470402
1971-12-30,0.37151277
1971-12-31,6.894712
1972-01-01,0.04319027
1972-01-02,5.7628736
1972-01-03,13.538873
1972-01-04,0.47519356
1972-01-05,9.24479
1972-01-06,0.095030665
1972-01-07,0.5443141
1972-01-08,0.25055185
1972-01-09,0.56159425
1972-01-10,10.929593
1972-01-11,1.0108776
1972-01-12,0.02591014
1972-01-13,0.665275
1972-01-14,2.8943918
1972-01-15,0.14687106
1972-01-16,1.7625533
1972-01-17,2.0563154
1972-01-18,0.7862359
1972-01-19,0.0086300075
1972-01-20,0.4924737
1972-01-21,5.2271895
1972-01-22,0.0086300075
1972-01-23,2.6697502
1972-01-24,2.6438198
1972-01-25,6.5491095
1972-01-26,0.9417571
1972-01-27,0.14687106
1972-01-28,0.18143132
1972-01-29,0.21599159
1972-01-30,0.80351603
1972-01-31,1.1491187
1972-02-01,0.0086300075
1972-02-02,0.0086300075
1972-02-03,0.02591014
1972-02-04,29.453753
1972-02-05,0.47519356
1972-02-06,0.060470402
1972-02-07,0.1123108
1972-02-08,0.19871145
1972-02-09,0.02591014
1972-02-10,0.14687106
1972-02-11,0.0086300075
1972-02-12,0.0086300075
1972-02-13,0.02591014
1972-02-14,16.562876
1972-02-15,0.04319027
1972-02-16,0.0086300075
1972-02-17,0.0086300075
1972-02-18,0.0086300075
1972-02-19,15.85439
1972-02-20,8.372153
1972-02-21,1.5206314
1972-02-22,9.935995
1972-02-23,0.7862359
1972-02-24,4.3891134
1972-02-25,1.1663988
1972-02-26,20.079351
1972-02-27,7.0329533
1972-02-28,4.0953507
1972-02-29,1.7107129
1972-03-01,0.02591014
1972-03-02,4.8556767
1972-03-03,9.26207
1972-03-04,4.3027124
1972-03-05,18.161278
1972-03-06,1.2787097
1972-03-07,1.589752
1972-03-08,8.717756
1972-03-09,3.4127958
1972-03-10,0.0086300075
1972-03-11,0.02591014
1972-03-12,3.853429
1972-03-13,1.1750288
1972-03-14,0.0086300075
1972-03-15,5.183999
1972-03-16,10.5235195
1972-03-17,0.21599159
1972-03-18,7.7327886
1972-03-19,0.14687106
1972-03-20,0.0086300075
1972-03-21,0.0086300075
1972-03-22,4.3891134
1972-03-23,33.19487
1972-03-24,28.252794
1972-03-25,0.0086300075
1972-03-26,0.6307148
1972-03-27,0.23327172
1972-03-28,3.430076
1972-03-29,2.3327975
1972-03-30,0.0086300075
1972-03-31,0.21599159
1972-04-01,0.3887929
1972-04-02,0.0086300075
1972-04-03,7.775999
1972-04-04,0.18143132
1972-04-05,5.4863915
1972-04-06,3.97439
1972-04-07,15.119994
1972-04-08,0.0086300075
1972-04-09,0.7862359
1972-04-10,1.3478302
1972-04-11,0.04319027
1972-04-12,0.0086300075
1972-04-13,0.12959093
1972-04-14,18.63647
1972-04-15,0.095030665
1972-04-16,5.3481503
1972-04-17,0.21599159
1972-04-18,0.0086300075
1972-04-19,5.0803185
1972-04-20,0.2851121
1972-04-21,2.7907112
1972-04-22,0.04319027
1972-04-23,4.233592
1972-04-24,0.59615445
1972-04-25,0.21599159
1972-04-26,0.0086300075
1972-04-27,0.0086300075
1972-04-28,3.585597
1972-04-29,1.3996706
1972-04-30,0.0086300075
1972-05-01,0.0086300075
1972-05-02,0.04319027
1972-05-03,4.7865562
1972-05-04,25.0128
1972-05-05,1.9353546
1972-05-06,0.060470402
1972-05-07,0.14687106
1972-05-08,0.0086300075
1972-05-09,0.0086300075
1972-05-10,7.430396
1972-05-11,1.2787097
1972-05-12,1.8835142
1972-05-13,0.0086300075
1972-05-14,0.0086300075
1972-05-15,6.479989
1972-05-16,3.326395
1972-05-17,2.004475
1972-05-18,0.0086300075
1972-05-19,0.0086300075
1972-05-20,0.2851121
1972-05-21,1.2787097
1972-05-22,0.0086300075
1972-05-23,0.0086300075
1972-05-24,0.0086300075
1972-05-25,0.0086300075
1972-05-26,0.0086300075
1972-05-27,0.0086300075
1972-05-28,0.0086300075
1972-05-29,0.0086300075
1972-05-30,0.0086300075
1972-05-31,0.14687106
1972-06-01,0.02591014
1972-06-02,5.9011145
1972-06-03,0.0086300075
1972-06-04,0.0086300075
1972-06-05,0.0086300075
1972-06-06,0.0086300075
1972-06-07,0.6307148
1972-06-08,0.0086300075
1972-06-09,3.8015888
1972-06-10,28.235514
1972-06-11,4.6828756
1972-06-12,0.35423264
1972-06-13,0.0086300075
1972-06-14,0.02591014
1972-06-15,0.30239224
1972-06-16,0.0086300075
1972-06-17,0.14687106
1972-06-18,0.0086300075
1972-06-19,0.0086300075
1972-06-20,0.0086300075
1972-06-21,0.0086300075
1972-06-22,1.062718
1972-06-23,2.1599963
1972-06-24,7.637758
1972-06-25,2.8943918
1972-06-26,0.0086300075
1972-06-27,0.0086300075
1972-06-28,0.0086300075
1972-06-29,0.0086300075
1972-06-30,0.0086300075
1972-07-01,0.9763174
1972-07-02,0.12959093
1972-07-03,0.0086300075
1972-07-04,1.4860712
1972-07-05,0.0086300075
1972-07-06,0.0086300075
1972-07-07,0.0086300075
1972-07-08,0.0086300075
1972-07-09,0.0086300075
1972-07-10,0.0086300075
1972-07-11,1.9526348
1972-07-12,0.0086300075
1972-07-13,0.0086300075
1972-07-14,0.0086300075
1972-07-15,0.0086300075
1972-07-16,0.0086300075
1972-07-17,0.0086300075
1972-07-18,0.0086300075
1972-07-19,0.0086300075
1972-07-20,0.04319027
1972-07-21,0.04319027
1972-07-22,0.30239224
1972-07-23,0.0086300075
1972-07-24,0.0086300075
1972-07-25,2.7215905
1972-07-26,13.348791
1972-07-27,3.7411184
1972-07-28,5.399991
1972-07-29,0.40607303
1972-07-30,0.0086300075
1972-07-31,0.0086300075
1972-08-01,0.0086300075
1972-08-02,0.0086300075
1972-08-03,0.0086300075
1972-08-04,0.19871145
1972-08-05,0.0086300075
1972-08-06,0.0086300075
1972-08-07,0.0086300075
1972-08-08,0.45791343
1972-08-09,0.0086300075
1972-08-10,0.0086300075
1972-08-11,0.0086300075
1972-08-12,0.0086300075
1972-08-13,0.04319027
1972-08-14,0.0086300075
1972-08-15,0.0086300075
1972-08-16,0.0086300075
1972-08-17,0.0086300075
1972-08-18,1.4860712
1972-08-19,9.33119
1972-08-20,0.0086300075
1972-08-21,0.0086300075
1972-08-22,0.0086300075
1972-08-23,0.0086300075
1972-08-24,0.0086300075
1972-08-25,0.0086300075
1972-08-26,0.0086300075
1972-08-27,0.0086300075
1972-08-28,0.0086300075
1972-08-29,0.04319027
1972-08-30,0.0086300075
1972-08-31,0.0086300075
1972-09-01,0.0086300075
1972-09-02,0.0086300075
1972-09-03,0.0086300075
1972-09-04,30.965754
1972-09-05,4.9420776
1972-09-06,0.0086300075
1972-09-07,0.0086300075
1972-09-08,0.0086300075
1972-09-09,0.0086300075
1972-09-10,0.0086300075
1972-09-11,0.0086300075
1972-09-12,0.0086300075
1972-09-13,0.0086300075
1972-09-14,4.4409537
1972-09-15,0.6134346
1972-09-16,0.0086300075
1972-09-17,0.0086300075
1972-09-18,0.0086300075
1972-09-19,5.140789
1972-09-20,0.02591014
1972-09-21,0.0086300075
1972-09-22,0.26783198
1972-09-23,0.0086300075
1972-09-24,0.0086300075
1972-09-25,0.0086300075
1972-09-26,0.0086300075
1972-09-27,0.0086300075
1972-09-28,0.0086300075
1972-09-29,0.0086300075
1972-09-30,1.9353546
1972-10-01,3.585597
1972-10-02,0.060470402
1972-10-03,0.0086300075
1972-10-04,0.0086300075
1972-10-05,0.0086300075
1972-10-06,0.0086300075
1972-10-07,9.5731125
1972-10-08,18.740152
1972-10-09,0.14687106
1972-10-10,0.18143132
1972-10-11,0.0086300075
1972-10-12,0.75167567
1972-10-13,12.458875
1972-10-14,0.02591014
1972-10-15,8.1475115
1972-10-16,0.21599159
1972-10-17,7.819189
1972-10-18,0.0086300075
1972-10-19,0.23327172
1972-10-20,5.831994
1972-10-21,0.0086300075
1972-10-22,0.0086300075
1972-10-23,2.3155174
1972-10-24,3.706558
1972-10-25,0.9763174
1972-10-26,0.0086300075
1972-10-27,0.0086300075
1972-10-28,0.04319027
1972-10-29,11.309755
1972-10-30,2.5315092
1972-10-31,0.0086300075
1972-11-01,0.0086300075
1972-11-02,3.1708739
1972-11-03,22.075197
1972-11-04,2.9462323
1972-11-05,0.095030665
1972-11-06,0.0086300075
1972-11-07,0.02591014
1972-11-08,0.0086300075
1972-11-09,13.590713
1972-11-10,19.344957
1972-11-11,1.5033513
1972-11-12,1.8316739
1972-11-13,0.02591014
1972-11-14,1.1059083
1972-11-15,27.466558
1972-11-16,0.14687106
1972-11-17,0.0086300075
1972-11-18,0.0086300075
1972-11-19,0.095030665
1972-11-20,23.086075
1972-11-21,0.3887929
1972-11-22,0.04319027
1972-11-23,0.04319027
1972-11-24,0.1123108
1972-11-25,0.0086300075
1972-11-26,18.057596
1972-11-27,3.326395
1972-11-28,1.8835142
1972-11-29,6.756471
1972-11-30,0.02591014
1972-12-01,14.964474
1972-12-02,0.9935975
1972-12-03,2.3500779
1972-12-04,0.0086300075
1972-12-05,10.7395115
1972-12-06,0.80351603
1972-12-07,12.113272
1972-12-08,0.1123108
1972-12-09,13.072309
1972-12-10,2.004475
1972-12-11,1.3823904
1972-12-12,0.02591014
1972-12-13,10.808632
1972-12-14,0.30239224
1972-12-15,0.14687106
1972-12-16,20.131193
1972-12-17,0.40607303
1972-12-18,2.7215905
1972-12-19,1.3046198
1972-12-20,1.7107129
1972-12-21,1.2787097
1972-12-22,11.750389
1972-12-23,0.04319027
1972-12-24,0.04319027
1972-12-25,0.12959093
1972-12-26,0.0086300075
1972-12-27,1.33055
1972-12-28,0.21599159
1972-12-29,0.19871145
1972-12-30,0.1123108
1972-12-31,15.379196
1973-01-01,11.871349
1973-01-02,0.23327172
1973-01-03,0.060470402
1973-01-04,5.0457582
1973-01-05,5.0457582
1973-01-06,0.9071969
1973-01-07,0.060470402
1973-01-08,0.02591014
1973-01-09,0.0086300075
1973-01-10,0.31967238
1973-01-11,0.095030665
1973-01-12,0.0086300075
1973-01-13,0.04319027
1973-01-14,0.095030665
1973-01-15,1.0454379
1973-01-16,0.0086300075
1973-01-17,1.7625533
1973-01-18,3.1535938
1973-01-19,0.1123108
1973-01-20,12.216952
1973-01-21,6.8083115
1973-01-22,0.0086300075
1973-01-23,6.8428717
1973-01-24,1.987195
1973-01-25,0.21599159
1973-01-26,0.02591014
1973-01-27,0.04319027
1973-01-28,0.0086300075
1973-01-29,17.10719
1973-01-30,0.5443141
1973-01-31,2.367358
1973-02-01,0.04319027
1973-02-02,2.6611
1973-02-03,15.767989
1973-02-04,0.6307148
1973-02-05,0.57887435
1973-02-06,0.0086300075
1973-02-07,0.0086300075
1973-02-08,8.544954
1973-02-09,7.5513573
1973-02-10,0.26783198
1973-02-11,3.5164766
1973-02-12,7.775999
1973-02-13,1.8316739
1973-02-14,1.1663988
1973-02-15,17.642874
1973-02-16,0.80351603
1973-02-17,3.568317
1973-02-18,0.0086300075
1973-02-19,0.0086300075
1973-02-20,0.0086300075
1973-02-21,0.0086300075
1973-02-22,0.9071969
1973-02-23,11.4307165
1973-02-24,3.1017535
1973-02-25,0.47519356
1973-02-26,0.0086300075
1973-02-27,0.02591014
1973-02-28,0.0086300075
1973-03-01,1.6415924
1973-03-02,3.9139197
1973-03-03,0.095030665
1973-03-04,3.309115
1973-03-05,3.6374376
1973-03-06,0.02591014
1973-03-07,0.0086300075
1973-03-08,1.0281577
1973-03-09,0.0086300075
1973-03-10,0.0086300075
1973-03-11,0.0086300075
1973-03-12,1.7452731
1973-03-13,0.04319027
1973-03-14,0.0086300075
1973-03-15,0.1123108
1973-03-16,10.160637
1973-03-17,2.3500779
1973-03-18,11.603518
1973-03-19,3.2054343
1973-03-20,0.5443141
1973-03-21,1.3651103
1973-03-22,0.6134346
1973-03-23,0.0086300075
1973-03-24,0.0086300075
1973-03-25,0.0086300075
1973-03-26,3.7411184
1973-03-27,0.9071969
1973-03-28,0.0086300075
1973-03-29,0.0086300075
1973-03-30,0.0086300075
1973-03-31,0.0086300075
1973-04-01,0.0086300075
1973-04-02,3.585597
1973-04-03,23.137915
1973-04-04,6.462709
1973-04-05,12.286073
1973-04-06,2.7043104
1973-04-07,0.83807635
1973-04-08,0.21599159
1973-04-09,0.0086300075
1973-04-10,5.1926293
1973-04-11,9.763194
1973-04-12,0.31967238
1973-04-13,0.060470402
1973-04-14,0.0086300075
1973-04-15,0.0086300075
1973-04-16,0.0086300075
1973-04-17,0.0086300075
1973-04-18,0.0086300075
1973-04-19,0.0086300075
1973-04-20,0.0086300075
1973-04-21,0.0086300075
1973-04-22,7.188474
1973-04-23,0.85535645
1973-04-24,0.0086300075
1973-04-25,0.02591014
1973-04-26,0.02591014
1973-04-27,0.0086300075
1973-04-28,18.878393
1973-04-29,11.86272
1973-04-30,0.02591014
1973-05-01,0.04319027
1973-05-02,0.0086300075
1973-05-03,0.0086300075
1973-05-04,2.4451084
1973-05-05,0.12959093
1973-05-06,0.40607303
1973-05-07,0.0086300075
1973-05-08,0.0086300075
1973-05-09,0.0086300075
1973-05-10,1.8835142
1973-05-11,1.5551918
1973-05-12,0.1123108
1973-05-13,0.0086300075
1973-05-14,0.0086300075
1973-05-15,0.02591014
1973-05-16,12.234233
1973-05-17,0.060470402
1973-05-18,0.0086300075
1973-05-19,0.6307148
1973-05-20,0.0086300075
1973-05-21,11.188795
1973-05-22,9.4867115
1973-05-23,3.0153527
1973-05-24,0.924477
1973-05-25,0.0086300075
1973-05-26,0.0086300075
1973-05-27,0.0086300075
1973-05-28,0.35423264
1973-05-29,6.1775966
1973-05-30,0.0086300075
1973-05-31,0.02591014
1973-06-01,0.1123108
1973-06-02,0.6307148
1973-06-03,0.0086300075
1973-06-04,0.0086300075
1973-06-05,0.0086300075
1973-06-06,0.0086300075
1973-06-07,0.0086300075
1973-06-08,0.095030665
1973-06-09,0.0086300075
1973-06-10,0.0086300075
1973-06-11,0.0086300075
1973-06-12,1.5206314
1973-06-13,1.1750288
1973-06-14,1.7107129
1973-06-15,10.843192
1973-06-16,2.9462323
1973-06-17,21.885117
1973-06-18,0.0086300075
1973-06-19,0.0086300075
1973-06-20,0.0086300075
1973-06-21,0.060470402
1973-06-22,0.3887929
1973-06-23,1.0108776
1973-06-24,0.0086300075
1973-06-25,2.7388706
1973-06-26,0.060470402
1973-06-27,0.7343955
1973-06-28,0.02591014
1973-06-29,0.095030665
1973-06-30,0.0086300075
1973-07-01,0.37151277
1973-07-02,0.21599159
1973-07-03,0.0086300075
1973-07-04,0.4924737
1973-07-05,0.0086300075
1973-07-06,0.0086300075
1973-07-07,0.0086300075
1973-07-08,0.0086300075
1973-07-09,0.0086300075
1973-07-10,0.0086300075
1973-07-11,0.57887435
1973-07-12,16.441914
1973-07-13,0.04319027
1973-07-14,0.02591014
1973-07-15,0.0086300075
1973-07-16,0.0086300075
1973-07-17,0.0086300075
1973-07-18,1.5724719
1973-07-19,0.0086300075
1973-07-20,0.0086300075
1973-07-21,9.9187155
1973-07-22,0.4924737
1973-07-23,0.0086300075
1973-07-24,0.0086300075
1973-07-25,0.0086300075
1973-07-26,0.0086300075
1973-07-27,0.060470402
1973-07-28,0.0086300075
1973-07-29,0.26783198
1973-07-30,0.0086300075
1973-07-31,0.0086300075
1973-08-01,1.5379117
1973-08-02,1.5551918
1973-08-03,0.35423264
1973-08-04,5.555512
1973-08-05,7.0675135
1973-08-06,4.648315
1973-08-07,4.9420776
1973-08-08,0.0086300075
1973-08-09,0.14687106
1973-08-10,5.2099094
1973-08-11,3.9398298
1973-08-12,11.465277
1973-08-13,6.073916
1973-08-14,0.0086300075
1973-08-15,0.0086300075
1973-08-16,3.97439
1973-08-17,0.02591014
1973-08-18,0.0086300075
1973-08-19,0.0086300075
1973-08-20,0.0086300075
1973-08-21,0.0086300075
1973-08-22,0.0086300075
1973-08-23,10.1779175
1973-08-24,0.0086300075
1973-08-25,0.0086300075
1973-08-26,0.0086300075
1973-08-27,0.0086300075
1973-08-28,8.5795145
1973-08-29,0.0086300075
1973-08-30,0.0086300075
1973-08-31,0.0086300075
1973-09-01,0.0086300075
1973-09-02,0.0086300075
1973-09-03,3.0326328
1973-09-04,0.0086300075
1973-09-05,0.0086300075
1973-09-06,0.0086300075
1973-09-07,0.0086300075
1973-09-08,0.4406333
1973-09-09,0.0086300075
1973-09-10,0.12959093
1973-09-11,0.0086300075
1973-09-12,0.0086300075
1973-09-13,0.0086300075
1973-09-14,0.0086300075
1973-09-15,0.0086300075
1973-09-16,0.0086300075
1973-09-17,0.0086300075
1973-09-18,0.04319027
1973-09-19,0.4406333
1973-09-20,0.02591014
1973-09-21,0.04319027
1973-09-22,0.0086300075
1973-09-23,11.050553
1973-09-24,0.060470402
1973-09-25,0.0086300075
1973-09-26,0.0086300075
1973-09-27,0.0086300075
1973-09-28,0.0086300075
1973-09-29,0.0086300075
1973-09-30,0.04319027
1973-10-01,0.0086300075
1973-10-02,0.0086300075
1973-10-03,6.8083115
1973-10-04,11.309755
1973-10-05,0.31967238
1973-10-06,1.062718
1973-10-07,0.0086300075
1973-10-08,0.0086300075
1973-10-09,0.0086300075
1973-10-10,0.0086300075
1973-10-11,0.0086300075
1973-10-12,0.0086300075
1973-10-13,0.0086300075
1973-10-14,0.14687106
1973-10-15,0.0086300075
1973-10-16,0.0086300075
1973-10-17,0.0086300075
1973-10-18,0.02591014
1973-10-19,0.0086300075
1973-10-20,0.19871145
1973-10-21,2.3500779
1973-10-22,0.0086300075
1973-10-23,0.0086300075
1973-10-24,0.0086300075
1973-10-25,0.0086300075
1973-10-26,0.0086300075
1973-10-27,0.0086300075
1973-10-28,0.0086300075
1973-10-29,0.0086300075
1973-10-30,4.233592
1973-10-31,20.234873
1973-11-01,6.1603165
1973-11-02,6.5231996
1973-11-03,2.911672
1973-11-04,0.0086300075
1973-11-05,0.02591014
1973-11-06,0.26783198
1973-11-07,0.060470402
1973-11-08,0.02591014
1973-11-09,0.6134346
1973-11-10,0.12959093
1973-11-11,0.0086300075
1973-11-12,0.0086300075
1973-11-13,1.2182392
1973-11-14,2.8252714
1973-11-15,2.6611
1973-11-16,7.3267155
1973-11-17,0.095030665
1973-11-18,0.060470402
1973-11-19,0.0086300075
1973-11-20,0.0086300075
1973-11-21,0.0086300075
1973-11-22,0.14687106
1973-11-23,1.4860712
1973-11-24,1.468791
1973-11-25,3.585597
1973-11-26,0.19871145
1973-11-27,0.0086300075
1973-11-28,10.316158
1973-11-29,4.665595
1973-11-30,0.21599159
1973-12-01,0.02591014
1973-12-02,0.02591014
1973-12-03,0.04319027
1973-12-04,3.2572746
1973-12-05,1.5551918
1973-12-06,1.589752
1973-12-07,0.0086300075
1973-12-08,0.095030665
1973-12-09,0.21599159
1973-12-10,10.2643175
1973-12-11,17.608313
1973-12-12,2.1427162
1973-12-13,0.5443141
1973-12-14,0.18143132
1973-12-15,5.9011145
1973-12-16,0.12959093
1973-12-17,15.413756
1973-12-18,3.326395
1973-12-19,0.6307148
1973-12-20,0.02591014
1973-12-21,0.9071969
1973-12-22,4.6828756
1973-12-23,1.8316739
1973-12-24,0.40607303
1973-12-25,0.04319027
1973-12-26,6.1775966
1973-12-27,0.9935975
1973-12-28,5.590072
1973-12-29,1.6070321
1973-12-30,8.1475115
1973-12-31,0.26783198
1974-01-01,6.739191
1974-01-02,0.04319027
1974-01-03,0.31967238
1974-01-04,0.02591014
1974-01-05,0.0086300075
1974-01-06,0.14687106
1974-01-07,0.9763174
1974-01-08,0.6307148
1974-01-09,0.6479949
1974-01-10,0.04319027
1974-01-11,15.551998
1974-01-12,2.1945567
1974-01-13,0.1123108
1974-01-14,0.02591014
1974-01-15,3.97439
1974-01-16,4.233592
1974-01-17,0.095030665
1974-01-18,0.095030665
1974-01-19,10.281598
1974-01-20,0.5270339
1974-01-21,0.04319027
1974-01-22,8.5795145
1974-01-23,0.6479949
1974-01-24,1.1318386
1974-01-25,0.0086300075
1974-01-26,0.060470402
1974-01-27,5.5036716
1974-01-28,0.095030665
1974-01-29,11.378876
1974-01-30,0.31967238
1974-01-31,0.25055185
1974-02-01,1.7971135
1974-02-02,0.04319027
1974-02-03,0.0086300075
1974-02-04,0.0086300075
1974-02-05,9.590392
1974-02-06,0.6307148
1974-02-07,2.8079913
1974-02-08,0.21599159
1974-02-09,0.02591014
1974-02-10,0.1123108
1974-02-11,0.30239224
1974-02-12,0.14687106
1974-02-13,0.68255514
1974-02-14,0.18143132
1974-02-15,0.0086300075
1974-02-16,0.0086300075
1974-02-17,0.9935975
1974-02-18,2.9980726
1974-02-19,0.12959093
1974-02-20,23.068794
1974-02-21,0.3369525
1974-02-22,6.056636
1974-02-23,13.590713
1974-02-24,1.8316739
1974-02-25,1.4342308
1974-02-26,0.02591014
1974-02-27,0.0086300075
1974-02-28,0.04319027
1974-03-01,1.3823904
1974-03-02,0.8207962
1974-03-03,1.2787097
1974-03-04,3.3609555
1974-03-05,0.7171154
1974-03-06,0.0086300075
1974-03-07,0.0086300075
1974-03-08,0.060470402
1974-03-09,0.0086300075
1974-03-10,4.4236736
1974-03-11,0.9763174
1974-03-12,0.21599159
1974-03-13,1.3046198
1974-03-14,0.31967238
1974-03-15,0.4406333
1974-03-16,0.0086300075
1974-03-17,24.736317
1974-03-18,0.6479949
1974-03-19,0.75167567
1974-03-20,0.12959093
1974-03-21,19.137594
1974-03-22,7.5859175
1974-03-23,1.1318386
1974-03-24,3.0153527
1974-03-25,0.18143132
1974-03-26,2.0390353
1974-03-27,1.062718
1974-03-28,1.0108776
1974-03-29,0.0086300075
1974-03-30,0.0086300075
1974-03-31,7.534077
1974-04-01,0.9417571
1974-04-02,3.6028771
1974-04-03,4.924797
1974-04-04,1.5724719
1974-04-05,4.3891134
1974-04-06,6.350398
1974-04-07,1.3823904
1974-04-08,0.26783198
1974-04-09,19.465918
1974-04-10,6.2121572
1974-04-11,0.57887435
1974-04-12,0.0086300075
1974-04-13,0.0086300075
1974-04-14,0.5097538
1974-04-15,1.0454379
1974-04-16,1.8143938
1974-04-17,0.0086300075
1974-04-18,0.0086300075
1974-04-19,0.0086300075
1974-04-20,0.0086300075
1974-04-21,0.0086300075
1974-04-22,0.0086300075
1974-04-23,1.1059083
1974-04-24,8.389434
1974-04-25,2.7215905
1974-04-26,0.0086300075
1974-04-27,0.0086300075
1974-04-28,0.0086300075
1974-04-29,0.0086300075
1974-04-30,0.5097538
1974-05-01,5.1926293
1974-05-02,1.1059083
1974-05-03,0.0086300075
1974-05-04,4.5964746
1974-05-05,0.04319027
1974-05-06,0.0086300075
1974-05-07,0.0086300075
1974-05-08,0.0086300075
1974-05-09,0.21599159
1974-05-10,0.0086300075
1974-05-11,0.0086300075
1974-05-12,0.02591014
1974-05-13,0.7343955
1974-05-14,0.0086300075
1974-05-15,0.0086300075
1974-05-16,0.04319027
1974-05-17,1.987195
1974-05-18,2.4710388
1974-05-19,0.0086300075
1974-05-20,1.4342308
1974-05-21,0.0086300075
1974-05-22,1.1491187
1974-05-23,1.1059083
1974-05-24,17.12447
1974-05-25,1.0281577
1974-05-26,0.4406333
1974-05-27,0.9935975
1974-05-28,2.8943918
1974-05-29,0.0086300075
1974-05-30,0.0086300075
1974-05-31,0.0086300075
1974-06-01,0.4406333
1974-06-02,0.0086300075
1974-06-03,0.0086300075
1974-06-04,0.0086300075
1974-06-05,0.0086300075
1974-06-06,0.0086300075
1974-06-07,0.0086300075
1974-06-08,0.0086300075
1974-06-09,2.2982373
1974-06-10,2.488319
1974-06-11,0.0086300075
1974-06-12,0.31967238
1974-06-13,0.0086300075
1974-06-14,0.0086300075
1974-06-15,0.0086300075
1974-06-16,0.0086300075
1974-06-17,0.1123108
1974-06-18,0.02591014
1974-06-19,0.14687106
1974-06-20,0.0086300075
1974-06-21,0.0086300075
1974-06-22,2.0563154
1974-06-23,0.0086300075
1974-06-24,0.0086300075
1974-06-25,0.0086300075
1974-06-26,1.987195
1974-06-27,0.30239224
1974-06-28,0.0086300075
1974-06-29,0.0086300075
1974-06-30,0.31967238
1974-07-01,0.0086300075
1974-07-02,0.0086300075
1974-07-03,0.0086300075
1974-07-04,0.0086300075
1974-07-05,0.0086300075
1974-07-06,4.1644716
1974-07-07,0.0086300075
1974-07-08,5.0803185
1974-07-09,0.0086300075
1974-07-10,0.14687106
1974-07-11,0.0086300075
1974-07-12,0.0086300075
1974-07-13,0.0086300075
1974-07-14,0.0086300075
1974-07-15,0.0086300075
1974-07-16,3.309115
1974-07-17,0.0086300075
1974-07-18,0.0086300075
1974-07-19,4.5619144
1974-07-20,11.534397
1974-07-21,0.02591014
1974-07-22,0.0086300075
1974-07-23,0.0086300075
1974-07-24,0.0086300075
1974-07-25,0.0086300075
1974-07-26,0.0086300075
1974-07-27,0.0086300075
1974-07-28,0.0086300075
1974-07-29,0.0086300075
1974-07-30,0.0086300075
1974-07-31,0.095030665
1974-08-01,0.0086300075
1974-08-02,0.0086300075
1974-08-03,0.0086300075
1974-08-04,0.4924737
1974-08-05,0.0086300075
1974-08-06,0.0086300075
1974-08-07,0.0086300075
1974-08-08,0.924477
1974-08-09,0.0086300075
1974-08-10,0.0086300075
1974-08-11,0.0086300075
1974-08-12,0.0086300075
1974-08-13,0.0086300075
1974-08-14,0.40607303
1974-08-15,0.0086300075
1974-08-16,0.0086300075
1974-08-17,0.0086300075
1974-08-18,6.756471
1974-08-19,2.8079913
1974-08-20,0.0086300075
1974-08-21,0.0086300075
1974-08-22,0.0086300075
1974-08-23,0.0086300075
1974-08-24,5.4691114
1974-08-25,0.0086300075
1974-08-26,0.0086300075
1974-08-27,0.0086300075
1974-08-28,0.23327172
1974-08-29,7.516797
1974-08-30,2.7215905
1974-08-31,0.0086300075
1974-09-01,0.0086300075
1974-09-02,0.0086300075
1974-09-03,0.0086300075
1974-09-04,1.2614295
1974-09-05,0.14687106
1974-09-06,0.0086300075
1974-09-07,3.3609555
1974-09-08,0.0086300075
1974-09-09,0.0086300075
1974-09-10,0.0086300075
1974-09-11,0.0086300075
1974-09-12,0.0086300075
1974-09-13,0.0086300075
1974-09-14,0.4924737
1974-09-15,0.0086300075
1974-09-16,0.0086300075
1974-09-17,0.0086300075
1974-09-18,0.0086300075
1974-09-19,0.0086300075
1974-09-20,0.0086300075
1974-09-21,0.0086300075
1974-09-22,2.6179097
1974-09-23,0.0086300075
1974-09-24,0.0086300075
1974-09-25,0.0086300075
1974-09-26,6.65279
1974-09-27,2.0390353
1974-09-28,0.0086300075
1974-09-29,4.492794
1974-09-30,2.911672
1974-10-01,0.0086300075
1974-10-02,1.5551918
1974-10-03,8.717756
1974-10-04,0.0086300075
1974-10-05,0.0086300075
1974-10-06,0.0086300075
1974-10-07,0.0086300075
1974-10-08,0.0086300075
1974-10-09,0.0086300075
1974-10-10,0.26783198
1974-10-11,0.6307148
1974-10-12,0.0086300075
1974-10-13,2.1427162
1974-10-14,0.0086300075
1974-10-15,0.4406333
1974-10-16,27.069115
1974-10-17,28.149113
1974-10-18,0.5443141
1974-10-19,0.0086300075
1974-10-20,13.003188
1974-10-21,0.35423264
1974-10-22,0.0086300075
1974-10-23,0.0086300075
1974-10-24,0.0086300075
1974-10-25,0.0086300075
1974-10-26,0.6134346
1974-10-27,2.7043104
1974-10-28,0.0086300075
1974-10-29,0.0086300075
1974-10-30,0.0086300075
1974-10-31,0.0086300075
1974-11-01,0.04319027
1974-11-02,0.0086300075
1974-11-03,0.095030665
1974-11-04,2.6006296
1974-11-05,0.7689558
1974-11-06,0.0086300075
1974-11-07,0.02591014
1974-11-08,0.0086300075
1974-11-09,0.45791343
1974-11-10,0.0086300075
1974-11-11,0.0086300075
1974-11-12,0.19871145
1974-11-13,7.430396
1974-11-14,0.0086300075
1974-11-15,4.250872
1974-11-16,0.0086300075
1974-11-17,0.0086300075
1974-11-18,0.9763174
1974-11-19,0.02591014
1974-11-20,0.0086300075
1974-11-21,24.9264
1974-11-22,2.0908759
1974-11-23,0.0086300075
1974-11-24,0.0086300075
1974-11-25,0.30239224
1974-11-26,30.792953
1974-11-27,3.1190336
1974-11-28,0.060470402
1974-11-29,0.19871145
1974-11-30,0.0086300075
1974-12-01,0.04319027
1974-12-02,7.3267155
1974-12-03,29.764795
1974-12-04,0.7171154
1974-12-05,0.37151277
1974-12-06,0.04319027
1974-12-07,0.0086300075
1974-12-08,0.19871145
1974-12-09,5.9011145
1974-12-10,0.02591014
1974-12-11,0.077750534
1974-12-12,4.0780706
1974-12-13,2.5747194
1974-12-14,0.1123108
1974-12-15,0.0086300075
1974-12-16,0.04319027
1974-12-17,13.694393
1974-12-18,0.6134346
1974-12-19,0.095030665
1974-12-20,0.4406333
1974-12-21,0.02591014
1974-12-22,0.02591014
1974-12-23,0.23327172
1974-12-24,0.6479949
1974-12-25,0.7343955
1974-12-26,0.14687106
1974-12-27,0.3887929
1974-12-28,0.060470402
1974-12-29,0.0086300075
1974-12-30,1.33055
1974-12-31,0.0086300075
1975-01-01,7.9055896
1975-01-02,3.3436754
1975-01-03,0.0086300075
1975-01-04,4.734716
1975-01-05,0.16415119
1975-01-06,0.02591014
1975-01-07,14.964474
1975-01-08,12.1651125
1975-01-09,0.3887929
1975-01-10,0.0086300075
1975-01-11,0.02591014
1975-01-12,6.704631
1975-01-13,10.039676
1975-01-14,10.9987135
1975-01-15,0.85535645
1975-01-16,0.30239224
1975-01-17,0.060470402
1975-01-18,0.35423264
1975-01-19,8.769596
1975-01-20,2.5747194
1975-01-21,0.04319027
1975-01-22,0.14687106
1975-01-23,0.02591014
1975-01-24,0.8899167
1975-01-25,4.665595
1975-01-26,24.96959
1975-01-27,0.9417571
1975-01-28,0.04319027
1975-01-29,12.527995
1975-01-30,10.0915165
1975-01-31,0.0086300075
1975-02-01,0.0086300075
1975-02-02,0.0086300075
1975-02-03,0.02591014
1975-02-04,0.095030665
1975-02-05,0.02591014
1975-02-06,13.383351
1975-02-07,0.87263656
1975-02-08,0.14687106
1975-02-09,0.59615445
1975-02-10,0.8207962
1975-02-11,0.3887929
1975-02-12,0.26783198
1975-02-13,0.0086300075
1975-02-14,0.14687106
1975-02-15,0.04319027
1975-02-16,0.21599159
1975-02-17,0.0086300075
1975-02-18,0.3887929
1975-02-19,0.8207962
1975-02-20,0.6134346
1975-02-21,0.0086300075
1975-02-22,0.0086300075
1975-02-23,0.0086300075
1975-02-24,0.40607303
1975-02-25,20.951988
1975-02-26,1.9007944
1975-02-27,0.4406333
1975-02-28,0.095030665
1975-03-01,0.83807635
1975-03-02,1.848954
1975-03-03,15.292796
1975-03-04,0.04319027
1975-03-05,0.02591014
1975-03-06,0.37151277
1975-03-07,5.849274
1975-03-08,12.648955
1975-03-09,4.475514
1975-03-10,0.23327172
1975-03-11,0.14687106
1975-03-12,0.095030665
1975-03-13,5.4691114
1975-03-14,0.1123108
1975-03-15,14.670711
1975-03-16,1.727993
1975-03-17,0.0086300075
1975-03-18,0.0086300075
1975-03-19,0.0086300075
1975-03-20,5.1926293
1975-03-21,3.827519
1975-03-22,0.26783198
1975-03-23,4.751996
1975-03-24,0.47519356
1975-03-25,0.47519356
1975-03-26,3.5337567
1975-03-27,0.25055185
1975-03-28,0.5443141
1975-03-29,0.14687106
1975-03-30,4.6137547
1975-03-31,2.2636771
1975-04-01,0.1123108
1975-04-02,0.665275
1975-04-03,3.6028771
1975-04-04,22.29119
1975-04-05,2.8425515
1975-04-06,0.18143132
1975-04-07,0.4924737
1975-04-08,0.31967238
1975-04-09,0.1123108
1975-04-10,0.1123108
1975-04-11,0.060470402
1975-04-12,0.3369525
1975-04-13,0.095030665
1975-04-14,0.0086300075
1975-04-15,0.0086300075
1975-04-16,0.0086300075
1975-04-17,0.42335317
1975-04-18,0.02591014
1975-04-19,8.078391
1975-04-20,0.04319027
1975-04-21,0.85535645
1975-04-22,0.56159425
1975-04-23,2.3155174
1975-04-24,6.5059195
1975-04-25,0.9935975
1975-04-26,0.19871145
1975-04-27,1.5551918
1975-04-28,1.2959898
1975-04-29,0.04319027
1975-04-30,0.1123108
1975-05-01,0.0086300075
1975-05-02,0.0086300075
1975-05-03,0.02591014
1975-05-04,0.0086300075
1975-05-05,0.0086300075
1975-05-06,8.372153
1975-05-07,5.9183946
1975-05-08,0.85535645
1975-05-09,0.0086300075
1975-05-10,0.0086300075
1975-05-11,0.0086300075
1975-05-12,0.0086300075
1975-05-13,0.0086300075
1975-05-14,0.0086300075
1975-05-15,0.0086300075
1975-05-16,0.0086300075
1975-05-17,0.0086300075
1975-05-18,0.0086300075
1975-05-19,0.0086300075
1975-05-20,0.5270339
1975-05-21,0.45791343
1975-05-22,0.0086300075
1975-05-23,0.0086300075
1975-05-24,0.02591014
1975-05-25,0.0086300075
1975-05-26,0.26783198
1975-05-27,2.8252714
1975-05-28,1.6588725
1975-05-29,0.6998353
1975-05-30,0.0086300075
1975-05-31,0.19871145
1975-06-01,0.7171154
1975-06-02,1.1059083
1975-06-03,0.0086300075
1975-06-04,0.0086300075
1975-06-05,0.0086300075
1975-06-06,3.6547177
1975-06-07,19.293116
1975-06-08,2.63519
1975-06-09,1.5551918
1975-06-10,0.1123108
1975-06-11,0.0086300075
1975-06-12,0.0086300075
1975-06-13,0.0086300075
1975-06-14,0.0086300075
1975-06-15,0.0086300075
1975-06-16,0.0086300075
1975-06-17,0.0086300075
1975-06-18,0.0086300075
1975-06-19,0.0086300075
1975-06-20,3.6547177
1975-06-21,0.0086300075
1975-06-22,0.0086300075
1975-06-23,0.0086300075
1975-06-24,0.0086300075
1975-06-25,0.0086300075
1975-06-26,0.0086300075
1975-06-27,0.0086300075
1975-06-28,0.0086300075
1975-06-29,0.0086300075
1975-06-30,0.0086300075
1975-07-01,0.0086300075
1975-07-02,0.0086300075
1975-07-03,0.0086300075
1975-07-04,0.0086300075
1975-07-05,0.0086300075
1975-07-06,0.0086300075
1975-07-07,0.0086300075
1975-07-08,0.0086300075
1975-07-09,0.0086300075
1975-07-10,0.9935975
1975-07-11,0.095030665
1975-07-12,1.7452731
1975-07-13,0.83807635
1975-07-14,0.0086300075
1975-07-15,0.0086300075
1975-07-16,0.0086300075
1975-07-17,0.0086300075
1975-07-18,0.0086300075
1975-07-19,0.0086300075
1975-07-20,0.0086300075
1975-07-21,1.5379117
1975-07-22,0.665275
1975-07-23,0.0086300075
1975-07-24,0.0086300075
1975-07-25,2.3155174
1975-07-26,0.0086300075
1975-07-27,0.0086300075
1975-07-28,5.659193
1975-07-29,7.015673
1975-07-30,0.0086300075
1975-07-31,0.30239224
1975-08-01,0.0086300075
1975-08-02,3.1535938
1975-08-03,0.0086300075
1975-08-04,0.0086300075
1975-08-05,0.0086300075
1975-08-06,0.0086300075
1975-08-07,0.0086300075
1975-08-08,0.0086300075
1975-08-09,0.0086300075
1975-08-10,0.0086300075
1975-08-11,0.0086300075
1975-08-12,1.6070321
1975-08-13,0.0086300075
1975-08-14,1.727993
1975-08-15,0.0086300075
1975-08-16,0.0086300075
1975-08-17,0.0086300075
1975-08-18,1.5724719
1975-08-19,0.060470402
1975-08-20,0.0086300075
1975-08-21,0.0086300075
1975-08-22,6.2985578
1975-08-23,0.0086300075
1975-08-24,0.0086300075
1975-08-25,0.0086300075
1975-08-26,0.02591014
1975-08-27,0.0086300075
1975-08-28,0.0086300075
1975-08-29,0.0086300075
1975-08-30,2.3500779
1975-08-31,0.060470402
1975-09-01,0.0086300075
1975-09-02,0.0086300075
1975-09-03,4.8038363
1975-09-04,0.3887929
1975-09-05,0.0086300075
1975-09-06,0.060470402
1975-09-07,0.30239224
1975-09-08,0.0086300075
1975-09-09,0.35423264
1975-09-10,0.0086300075
1975-09-11,0.0086300075
1975-09-12,0.0086300075
1975-09-13,14.385599
1975-09-14,0.02591014
1975-09-15,0.0086300075
1975-09-16,0.0086300075
1975-09-17,0.0086300075
1975-09-18,0.0086300075
1975-09-19,0.0086300075
1975-09-20,0.0086300075
1975-09-21,0.02591014
1975-09-22,0.0086300075
1975-09-23,1.5724719
1975-09-24,4.1471915
1975-09-25,0.47519356
1975-09-26,0.0086300075
1975-09-27,0.0086300075
1975-09-28,4.2854323
1975-09-29,0.0086300075
1975-09-30,0.0086300075
1975-10-01,0.0086300075
1975-10-02,8.683196
1975-10-03,0.02591014
1975-10-04,0.0086300075
1975-10-05,0.0086300075
1975-10-06,0.4924737
1975-10-07,1.9699149
1975-10-08,0.0086300075
1975-10-09,0.0086300075
1975-10-10,0.0086300075
1975-10-11,0.0086300075
1975-10-12,11.223355
1975-10-13,2.7388706
1975-10-14,0.0086300075
1975-10-15,0.0086300075
1975-10-16,0.8207962
1975-10-17,0.0086300075
1975-10-18,20.718718
1975-10-19,0.665275
1975-10-20,3.1535938
1975-10-21,1.2182392
1975-10-22,0.04319027
1975-10-23,0.0086300075
1975-10-24,0.0086300075
1975-10-25,0.0086300075
1975-10-26,2.911672
1975-10-27,0.0086300075
1975-10-28,0.0086300075
1975-10-29,0.0086300075
1975-10-30,3.6028771
1975-10-31,1.848954
1975-11-01,0.0086300075
1975-11-02,0.02591014
1975-11-03,0.0086300075
1975-11-04,1.987195
1975-11-05,0.35423264
1975-11-06,0.0086300075
1975-11-07,0.0086300075
1975-11-08,0.0086300075
1975-11-09,0.4406333
1975-11-10,0.0086300075
1975-11-11,4.9420776
1975-11-12,0.02591014
1975-11-13,24.580795
1975-11-14,12.407034
1975-11-15,0.21599159
1975-11-16,0.02591014
1975-11-17,0.0086300075
1975-11-18,0.0086300075
1975-11-19,0.0086300075
1975-11-20,0.0086300075
1975-11-21,0.095030665
1975-11-22,3.7411184
1975-11-23,0.4406333
1975-11-24,1.2182392
1975-11-25,26.161919
1975-11-26,0.56159425
1975-11-27,4.8556767
1975-11-28,12.147832
1975-11-29,0.35423264
1975-11-30,0.04319027
1975-12-01,3.4991965
1975-12-02,0.35423264
1975-12-03,2.0908759
1975-12-04,0.02591014
1975-12-05,0.04319027
1975-12-06,1.6761527
1975-12-07,1.1318386
1975-12-08,0.060470402
1975-12-09,0.060470402
1975-12-10,8.423994
1975-12-11,3.2572746
1975-12-12,0.0086300075
1975-12-13,0.095030665
1975-12-14,5.3827105
1975-12-15,0.9071969
1975-12-16,0.04319027
1975-12-17,0.077750534
1975-12-18,22.29119
1975-12-19,0.47519356
1975-12-20,0.31967238
1975-12-21,3.568317
1975-12-22,22.37759
1975-12-23,5.7628736
1975-12-24,0.18143132
1975-12-25,0.095030665
1975-12-26,14.584311
1975-12-27,18.861113
1975-12-28,1.0799981
1975-12-29,0.04319027
1975-12-30,0.077750534
1975-12-31,6.1257563
1976-01-01,0.02591014
1976-01-02,0.21599159
1976-01-03,6.3935885
1976-01-04,4.1644716
1976-01-05,0.42335317
1976-01-06,0.0086300075
1976-01-07,0.0086300075
1976-01-08,32.304955
1976-01-09,0.19871145
1976-01-10,0.6998353
1976-01-11,0.0086300075
1976-01-12,0.31967238
1976-01-13,0.04319027
1976-01-14,12.286073
1976-01-15,0.04319027
1976-01-16,0.21599159
1976-01-17,16.061752
1976-01-18,7.0329533
1976-01-19,0.095030665
1976-01-20,1.0108776
1976-01-21,0.02591014
1976-01-22,6.8083115
1976-01-23,0.5097538
1976-01-24,0.25055185
1976-01-25,1.6761527
1976-01-26,0.57887435
1976-01-27,1.9699149
1976-01-28,7.5513573
1976-01-29,1.7452731
1976-01-30,1.5551918
1976-01-31,0.18143132
1976-02-01,0.04319027
1976-02-02,11.2579155
1976-02-03,0.7171154
1976-02-04,0.4406333
1976-02-05,2.0217552
1976-02-06,0.23327172
1976-02-07,0.060470402
1976-02-08,1.727993
1976-02-09,0.3369525
1976-02-10,0.14687106
1976-02-11,1.468791
1976-02-12,0.0086300075
1976-02-13,0.57887435
1976-02-14,0.19871145
1976-02-15,0.3369525
1976-02-16,6.894712
1976-02-17,16.027191
1976-02-18,5.29631
1976-02-19,10.946873
1976-02-20,0.83807635
1976-02-21,0.31967238
1976-02-22,14.342388
1976-02-23,2.8943918
1976-02-24,0.21599159
1976-02-25,0.0086300075
1976-02-26,0.0086300075
1976-02-27,0.04319027
1976-02-28,0.6479949
1976-02-29,0.0086300075
1976-03-01,0.1123108
1976-03-02,0.0086300075
1976-03-03,0.0086300075
1976-03-04,0.9935975
1976-03-05,2.8943918
1976-03-06,0.0086300075
1976-03-07,1.6761527
1976-03-08,0.30239224
1976-03-09,0.02591014
1976-03-10,0.0086300075
1976-03-11,8.5795145
1976-03-12,0.8207962
1976-03-13,12.009591
1976-03-14,1.727993
1976-03-15,1.1923089
1976-03-16,0.95903724
1976-03-17,27.64799
1976-03-18,0.18143132
1976-03-19,4.717436
1976-03-20,2.246397
1976-03-21,0.56159425
1976-03-22,0.9935975
1976-03-23,0.02591014
1976-03-24,0.0086300075
1976-03-25,0.0086300075
1976-03-26,0.0086300075
1976-03-27,0.0086300075
1976-03-28,0.0086300075
1976-03-29,3.5337567
1976-03-30,0.060470402
1976-03-31,0.40607303
1976-04-01,0.02591014
1976-04-02,0.19871145
1976-04-03,6.1775966
1976-04-04,3.8620791
1976-04-05,0.21599159
1976-04-06,0.0086300075
1976-04-07,0.04319027
1976-04-08,0.02591014
1976-04-09,0.12959093
1976-04-10,0.02591014
1976-04-11,2.2636771
1976-04-12,1.1491187
1976-04-13,0.37151277
1976-04-14,0.0086300075
1976-04-15,0.0086300075
1976-04-16,0.04319027
1976-04-17,0.0086300075
1976-04-18,0.12959093
1976-04-19,0.7343955
1976-04-20,0.0086300075
1976-04-21,0.0086300075
1976-04-22,0.0086300075
1976-04-23,4.751996
1976-04-24,0.0086300075
1976-04-25,0.0086300075
1976-04-26,10.9123125
1976-04-27,9.849594
1976-04-28,0.83807635
1976-04-29,0.12959093
1976-04-30,0.0086300075
1976-05-01,0.0086300075
1976-05-02,9.797754
1976-05-03,1.4860712
1976-05-04,0.83807635
1976-05-05,0.0086300075
1976-05-06,0.0086300075
1976-05-07,2.9635124
1976-05-08,8.873277
1976-05-09,0.0086300075
1976-05-10,0.4406333
1976-05-11,0.0086300075
1976-05-12,8.8387165
1976-05-13,1.7798334
1976-05-14,0.0086300075
1976-05-15,2.9635124
1976-05-16,0.0086300075
1976-05-17,0.0086300075
1976-05-18,0.0086300075
1976-05-19,3.706558
1976-05-20,1.2095891
1976-05-21,0.04319027
1976-05-22,2.2636771
1976-05-23,6.6700706
1976-05-24,2.514229
1976-05-25,0.060470402
1976-05-26,0.0086300075
1976-05-27,0.23327172
1976-05-28,0.095030665
1976-05-29,0.0086300075
1976-05-30,0.0086300075
1976-05-31,0.0086300075
1976-06-01,0.31967238
1976-06-02,0.0086300075
1976-06-03,0.0086300075
1976-06-04,0.0086300075
1976-06-05,0.0086300075
1976-06-06,0.0086300075
1976-06-07,0.1123108
1976-06-08,0.14687106
1976-06-09,0.0086300075
1976-06-10,0.0086300075
1976-06-11,4.5791945
1976-06-12,1.2787097
1976-06-13,0.04319027
1976-06-14,0.0086300075
1976-06-15,0.0086300075
1976-06-16,0.0086300075
1976-06-17,0.1123108
1976-06-18,0.04319027
1976-06-19,0.0086300075
1976-06-20,0.0086300075
1976-06-21,0.47519356
1976-06-22,0.0086300075
1976-06-23,0.0086300075
1976-06-24,0.924477
1976-06-25,9.763194
1976-06-26,2.229117
1976-06-27,1.1923089
1976-06-28,0.0086300075
1976-06-29,2.0908759
1976-06-30,0.18143132
1976-07-01,0.14687106
1976-07-02,1.3218999
1976-07-03,2.6611
1976-07-04,0.02591014
1976-07-05,0.75167567
1976-07-06,1.5551918
1976-07-07,0.0086300075
1976-07-08,4.0607905
1976-07-09,4.648315
1976-07-10,0.02591014
1976-07-11,0.0086300075
1976-07-12,0.0086300075
1976-07-13,11.7763195
1976-07-14,5.8665543
1976-07-15,2.7907112
1976-07-16,0.18143132
1976-07-17,0.0086300075
1976-07-18,3.1535938
1976-07-19,1.5551918
1976-07-20,0.060470402
1976-07-21,0.9071969
1976-07-22,0.060470402
1976-07-23,0.0086300075
1976-07-24,0.060470402
1976-07-25,0.0086300075
1976-07-26,0.0086300075
1976-07-27,0.0086300075
1976-07-28,2.004475
1976-07-29,0.0086300075
1976-07-30,0.0086300075
1976-07-31,0.0086300075
1976-08-01,0.0086300075
1976-08-02,2.3500779
1976-08-03,0.0086300075
1976-08-04,0.0086300075
1976-08-05,0.0086300075
1976-08-06,0.83807635
1976-08-07,0.0086300075
1976-08-08,0.0086300075
1976-08-09,0.0086300075
1976-08-10,0.0086300075
1976-08-11,1.468791
1976-08-12,0.0086300075
1976-08-13,0.0086300075
1976-08-14,5.555512
1976-08-15,5.166719
1976-08-16,2.004475
1976-08-17,0.0086300075
1976-08-18,0.0086300075
1976-08-19,0.0086300075
1976-08-20,0.0086300075
1976-08-21,0.0086300075
1976-08-22,0.0086300075
1976-08-23,1.2355194
1976-08-24,0.0086300075
1976-08-25,0.0086300075
1976-08-26,0.0086300075
1976-08-27,0.0086300075
1976-08-28,0.75167567
1976-08-29,5.7455935
1976-08-30,5.4518313
1976-08-31,0.0086300075
1976-09-01,0.0086300075
1976-09-02,0.0086300075
1976-09-03,0.0086300075
1976-09-04,0.0086300075
1976-09-05,0.4406333
1976-09-06,0.0086300075
1976-09-07,0.0086300075
1976-09-08,0.02591014
1976-09-09,0.02591014
1976-09-10,0.0086300075
1976-09-11,0.4924737
1976-09-12,1.468791
1976-09-13,0.0086300075
1976-09-14,0.0086300075
1976-09-15,0.0086300075
1976-09-16,0.0086300075
1976-09-17,0.0086300075
1976-09-18,0.0086300075
1976-09-19,3.430076
1976-09-20,0.0086300075
1976-09-21,0.0086300075
1976-09-22,2.9635124
1976-09-23,0.0086300075
1976-09-24,0.0086300075
1976-09-25,0.0086300075
1976-09-26,0.0086300075
1976-09-27,6.963833
1976-09-28,5.9875154
1976-09-29,0.0086300075
1976-09-30,0.0086300075
1976-10-01,0.0086300075
1976-10-02,0.0086300075
1976-10-03,0.0086300075
1976-10-04,0.0086300075
1976-10-05,0.0086300075
1976-10-06,0.0086300075
1976-10-07,0.0086300075
1976-10-08,0.0086300075
1976-10-09,4.665595
1976-10-10,0.68255514
1976-10-11,0.04319027
1976-10-12,0.0086300075
1976-10-13,0.0086300075
1976-10-14,3.585597
1976-10-15,0.04319027
1976-10-16,0.0086300075
1976-10-17,0.0086300075
1976-10-18,8.959678
1976-10-19,0.0086300075
1976-10-20,0.0086300075
1976-10-21,35.7955
1976-10-22,1.8143938
1976-10-23,0.75167567
1976-10-24,0.060470402
1976-10-25,2.6697502
1976-10-26,3.6547177
1976-10-27,0.19871145
1976-10-28,0.0086300075
1976-10-29,0.0086300075
1976-10-30,0.0086300075
1976-10-31,3.7583985
1976-11-01,4.1299114
1976-11-02,1.4515109
1976-11-03,0.095030665
1976-11-04,3.7670283
1976-11-05,1.9007944
1976-11-06,17.746553
1976-11-07,0.37151277
1976-11-08,0.0086300075
1976-11-09,0.0086300075
1976-11-10,0.14687106
1976-11-11,0.2851121
1976-11-12,0.0086300075
1976-11-13,0.04319027
1976-11-14,0.095030665
1976-11-15,0.095030665
1976-11-16,0.02591014
1976-11-17,0.0086300075
1976-11-18,0.02591014
1976-11-19,0.0086300075
1976-11-20,0.0086300075
1976-11-21,0.060470402
1976-11-22,0.04319027
1976-11-23,0.14687106
1976-11-24,0.0086300075
1976-11-25,0.0086300075
1976-11-26,2.1772764
1976-11-27,1.4860712
1976-11-28,0.095030665
1976-11-29,12.199673
1976-11-30,0.21599159
1976-12-01,0.14687106
1976-12-02,0.23327172
1976-12-03,2.6179097
1976-12-04,0.0086300075
1976-12-05,0.0086300075
1976-12-06,0.02591014
1976-12-07,3.6719978
1976-12-08,17.850235
1976-12-09,0.0086300075
1976-12-10,1.2787097
1976-12-11,0.6479949
1976-12-12,0.37151277
1976-12-13,1.3651103
1976-12-14,0.3369525
1976-12-15,0.04319027
1976-12-16,0.04319027
1976-12-17,19.223995
1976-12-18,0.7343955
1976-12-19,0.0086300075
1976-12-20,0.04319027
1976-12-21,9.115199
1976-12-22,1.1923089
1976-12-23,3.1017535
1976-12-24,0.12959093
1976-12-25,0.02591014
1976-12-26,13.970876
1976-12-27,20.338554
1976-12-28,0.21599159
1976-12-29,4.492794
1976-12-30,9.7459135
1976-12-31,0.04319027
1977-01-01,0.23327172
1977-01-02,0.0086300075
1977-01-03,0.0086300075
1977-01-04,0.14687106
1977-01-05,0.35423264
1977-01-06,0.12959093
1977-01-07,0.14687106
1977-01-08,0.57887435
1977-01-09,0.0086300075
1977-01-10,15.465597
1977-01-11,17.953917
1977-01-12,0.23327172
1977-01-13,0.18143132
1977-01-14,0.0086300075
1977-01-15,0.0086300075
1977-01-16,0.5097538
1977-01-17,12.251513
1977-01-18,0.3369525
1977-01-19,0.060470402
1977-01-20,0.095030665
1977-01-21,0.12959093
1977-01-22,0.0086300075
1977-01-23,0.18143132
1977-01-24,0.095030665
1977-01-25,11.4307165
1977-01-26,0.57887435
1977-01-27,2.505599
1977-01-28,0.0086300075
1977-01-29,14.878073
1977-01-30,0.31967238
1977-01-31,0.40607303
1977-02-01,0.04319027
1977-02-02,0.18143132
1977-02-03,1.1750288
1977-02-04,3.6028771
1977-02-05,0.0086300075
1977-02-06,0.0086300075
1977-02-07,0.0086300075
1977-02-08,0.0086300075
1977-02-09,0.02591014
1977-02-10,0.7862359
1977-02-11,0.04319027
1977-02-12,0.42335317
1977-02-13,4.5791945
1977-02-14,9.780474
1977-02-15,2.246397
1977-02-16,0.924477
1977-02-17,0.095030665
1977-02-18,0.0086300075
1977-02-19,0.21599159
1977-02-20,0.5443141
1977-02-21,9.0547085
1977-02-22,0.9071969
1977-02-23,0.47519356
1977-02-24,0.0086300075
1977-02-25,15.8803005
1977-02-26,0.30239224
1977-02-27,0.02591014
1977-02-28,5.659193
1977-03-01,0.6307148
1977-03-02,0.060470402
1977-03-03,0.7171154
1977-03-04,0.2851121
1977-03-05,8.199352
1977-03-06,0.57887435
1977-03-07,0.665275
1977-03-08,0.4924737
1977-03-09,0.0086300075
1977-03-10,0.0086300075
1977-03-11,0.0086300075
1977-03-12,0.0086300075
1977-03-13,0.0086300075
1977-03-14,16.891197
1977-03-15,7.775999
1977-03-16,1.2182392
1977-03-17,2.1772764
1977-03-18,0.5443141
1977-03-19,12.683516
1977-03-20,0.0086300075
1977-03-21,0.095030665
1977-03-22,0.02591014
1977-03-23,18.705591
1977-03-24,8.614075
1977-03-25,5.7283134
1977-03-26,0.5097538
1977-03-27,0.0086300075
1977-03-28,0.0086300075
1977-03-29,1.8835142
1977-03-30,0.060470402
1977-03-31,5.123509
1977-04-01,3.1535938
1977-04-02,0.0086300075
1977-04-03,13.780794
1977-04-04,0.5443141
1977-04-05,11.102394
1977-04-06,3.689278
1977-04-07,0.8899167
1977-04-08,8.596795
1977-04-09,0.85535645
1977-04-10,0.02591014
1977-04-11,0.060470402
1977-04-12,2.4451084
1977-04-13,0.18143132
1977-04-14,1.062718
1977-04-15,0.35423264
1977-04-16,0.0086300075
1977-04-17,0.0086300075
1977-04-18,0.0086300075
1977-04-19,0.0086300075
1977-04-20,0.0086300075
1977-04-21,0.0086300075
1977-04-22,0.0086300075
1977-04-23,0.5097538
1977-04-24,3.5164766
1977-04-25,20.165752
1977-04-26,0.060470402
1977-04-27,0.0086300075
1977-04-28,0.02591014
1977-04-29,0.47519356
1977-04-30,1.9180745
1977-05-01,0.0086300075
1977-05-02,0.7862359
1977-05-03,0.924477
1977-05-04,0.0086300075
1977-05-05,0.0086300075
1977-05-06,0.0086300075
1977-05-07,0.5270339
1977-05-08,0.0086300075
1977-05-09,0.02591014
1977-05-10,18.861113
1977-05-11,3.1535938
1977-05-12,0.0086300075
1977-05-13,6.9465528
1977-05-14,4.5619144
1977-05-15,0.8207962
1977-05-16,0.0086300075
1977-05-17,0.0086300075
1977-05-18,0.060470402
1977-05-19,0.0086300075
1977-05-20,0.0086300075
1977-05-21,0.0086300075
1977-05-22,0.0086300075
1977-05-23,0.0086300075
1977-05-24,0.0086300075
1977-05-25,0.31967238
1977-05-26,0.31967238
1977-05-27,0.0086300075
1977-05-28,0.0086300075
1977-05-29,0.30239224
1977-05-30,0.0086300075
1977-05-31,0.0086300075
1977-06-01,0.0086300075
1977-06-02,0.37151277
1977-06-03,1.3823904
1977-06-04,0.56159425
1977-06-05,1.6588725
1977-06-06,0.8207962
1977-06-07,7.119354
1977-06-08,3.689278
1977-06-09,0.0086300075
1977-06-10,2.8598316
1977-06-11,2.9807925
1977-06-12,0.0086300075
1977-06-13,2.8771117
1977-06-14,0.02591014
1977-06-15,2.6611
1977-06-16,0.40607303
1977-06-17,0.0086300075
1977-06-18,9.028798
1977-06-19,1.8143938
1977-06-20,2.9980726
1977-06-21,0.0086300075
1977-06-22,1.3651103
1977-06-23,0.5443141
1977-06-24,0.0086300075
1977-06-25,0.0086300075
1977-06-26,0.0086300075
1977-06-27,0.02591014
1977-06-28,0.0086300075
1977-06-29,0.0086300075
1977-06-30,0.14687106
1977-07-01,0.0086300075
1977-07-02,0.0086300075
1977-07-03,0.0086300075
1977-07-04,0.0086300075
1977-07-05,1.4860712
1977-07-06,0.0086300075
1977-07-07,0.0086300075
1977-07-08,0.0086300075
1977-07-09,0.0086300075
1977-07-10,0.0086300075
1977-07-11,0.0086300075
1977-07-12,0.0086300075
1977-07-13,0.4924737
1977-07-14,4.665595
1977-07-15,0.0086300075
1977-07-16,0.0086300075
1977-07-17,0.8899167
1977-07-18,0.0086300075
1977-07-19,0.0086300075
1977-07-20,0.0086300075
1977-07-21,6.6700706
1977-07-22,0.0086300075
1977-07-23,0.0086300075
1977-07-24,0.0086300075
1977-07-25,4.1471915
1977-07-26,3.568317
1977-07-27,0.0086300075
1977-07-28,0.0086300075
1977-07-29,0.0086300075
1977-07-30,1.9526348
1977-07-31,7.637758
1977-08-01,0.0086300075
1977-08-02,0.0086300075
1977-08-03,0.0086300075
1977-08-04,0.0086300075
1977-08-05,0.0086300075
1977-08-06,0.060470402
1977-08-07,0.0086300075
1977-08-08,0.0086300075
1977-08-09,0.0086300075
1977-08-10,0.0086300075
1977-08-11,2.7215905
1977-08-12,0.0086300075
1977-08-13,0.14687106
1977-08-14,0.0086300075
1977-08-15,0.0086300075
1977-08-16,0.0086300075
1977-08-17,0.87263656
1977-08-18,0.8899167
1977-08-19,0.0086300075
1977-08-20,0.0086300075
1977-08-21,0.0086300075
1977-08-22,0.0086300075
1977-08-23,0.060470402
1977-08-24,0.0086300075
1977-08-25,1.33055
1977-08-26,0.0086300075
1977-08-27,0.0086300075
1977-08-28,0.0086300075
1977-08-29,0.0086300075
1977-08-30,1.9007944
1977-08-31,0.35423264
1977-09-01,0.0086300075
1977-09-02,5.2099094
1977-09-03,0.04319027
1977-09-04,0.0086300075
1977-09-05,0.0086300075
1977-09-06,1.7452731
1977-09-07,0.0086300075
1977-09-08,0.0086300075
1977-09-09,0.0086300075
1977-09-10,0.12959093
1977-09-11,2.2118368
1977-09-12,0.0086300075
1977-09-13,3.1535938
1977-09-14,40.884468
1977-09-15,1.6415924
1977-09-16,0.0086300075
1977-09-17,0.0086300075
1977-09-18,0.0086300075
1977-09-19,0.0086300075
1977-09-20,0.02591014
1977-09-21,0.6307148
1977-09-22,0.18143132
1977-09-23,0.0086300075
1977-09-24,0.0086300075
1977-09-25,0.0086300075
1977-09-26,0.0086300075
1977-09-27,0.56159425
1977-09-28,0.18143132
1977-09-29,15.361917
1977-09-30,6.739191
1977-10-01,1.2355194
1977-10-02,24.062391
1977-10-03,3.5164766
1977-10-04,0.02591014
1977-10-05,0.0086300075
1977-10-06,0.0086300075
1977-10-07,0.0086300075
1977-10-08,0.0086300075
1977-10-09,7.0847936
1977-10-10,7.136634
1977-10-11,0.0086300075
1977-10-12,0.04319027
1977-10-13,0.35423264
1977-10-14,4.717436
1977-10-15,14.160957
1977-10-16,1.3218999
1977-10-17,9.953276
1977-10-18,3.4127958
1977-10-19,0.0086300075
1977-10-20,3.9139197
1977-10-21,3.1017535
1977-10-22,0.0086300075
1977-10-23,0.0086300075
1977-10-24,0.0086300075
1977-10-25,0.0086300075
1977-10-26,0.0086300075
1977-10-27,0.0086300075
1977-10-28,0.02591014
1977-10-29,0.0086300075
1977-10-30,0.0086300075
1977-10-31,0.0086300075
1977-11-01,0.0086300075
1977-11-02,0.0086300075
1977-11-03,0.0086300075
1977-11-04,0.0086300075
1977-11-05,0.31967238
1977-11-06,0.0086300075
1977-11-07,0.0086300075
1977-11-08,0.0086300075
1977-11-09,0.35423264
1977-11-10,3.1708739
1977-11-11,0.095030665
1977-11-12,0.0086300075
1977-11-13,1.3651103
1977-11-14,1.468791
1977-11-15,0.1123108
1977-11-16,1.1923089
1977-11-17,2.8771117
1977-11-18,8.4067135
1977-11-19,0.02591014
1977-11-20,0.0086300075
1977-11-21,0.0086300075
1977-11-22,1.6243123
1977-11-23,0.0086300075
1977-11-24,5.149439
1977-11-25,0.0086300075
1977-11-26,3.6547177
1977-11-27,1.848954
1977-11-28,1.4515109
1977-11-29,0.0086300075
1977-11-30,0.0086300075
1977-12-01,3.049913
1977-12-02,5.3827105
1977-12-03,0.0086300075
1977-12-04,0.0086300075
1977-12-05,0.02591014
1977-12-06,19.68191
1977-12-07,15.551998
1977-12-08,0.23327172
1977-12-09,12.268793
1977-12-10,2.1427162
1977-12-11,0.19871145
1977-12-12,0.02591014
1977-12-13,0.0086300075
1977-12-14,10.281598
1977-12-15,28.667517
1977-12-16,0.095030665
1977-12-17,0.3369525
1977-12-18,0.85535645
1977-12-19,0.6307148
1977-12-20,0.0086300075
1977-12-21,0.7343955
1977-12-22,31.069435
1977-12-23,0.12959093
1977-12-24,0.14687106
1977-12-25,0.6479949
1977-12-26,7.0847936
1977-12-27,0.060470402
1977-12-28,0.0086300075
1977-12-29,0.12959093
1977-12-30,0.04319027
1977-12-31,3.585597
1978-01-01,0.02591014
1978-01-02,0.9417571
1978-01-03,0.04319027
1978-01-04,0.2851121
1978-01-05,0.095030665
1978-01-06,1.3996706
1978-01-07,0.0086300075
1978-01-08,0.060470402
1978-01-09,16.113592
1978-01-10,8.354874
1978-01-11,0.12959093
1978-01-12,0.21599159
1978-01-13,0.19871145
1978-01-14,78.52032
1978-01-15,4.0435104
1978-01-16,0.37151277
1978-01-17,0.21599159
1978-01-18,33.972477
1978-01-19,0.5443141
1978-01-20,5.2099094
1978-01-21,18.5587
1978-01-22,0.9763174
1978-01-23,0.04319027
1978-01-24,0.04319027
1978-01-25,4.3372726
1978-01-26,24.511675
1978-01-27,1.2182392
1978-01-28,0.0086300075
1978-01-29,0.02591014
1978-01-30,0.077750534
1978-01-31,0.45791343
1978-02-01,0.02591014
1978-02-02,0.095030665
1978-02-03,0.02591014
1978-02-04,0.095030665
1978-02-05,0.30239224
1978-02-06,0.1123108
1978-02-07,26.723513
1978-02-08,7.9919906
1978-02-09,0.0086300075
1978-02-10,0.0086300075
1978-02-11,0.0086300075
1978-02-12,0.04319027
1978-02-13,0.0086300075
1978-02-14,0.80351603
1978-02-15,0.1123108
1978-02-16,0.0086300075
1978-02-17,0.02591014
1978-02-18,0.0086300075
1978-02-19,0.68255514
1978-02-20,0.0086300075
1978-02-21,0.0086300075
1978-02-22,0.095030665
1978-02-23,0.4406333
1978-02-24,0.0086300075
1978-02-25,0.0086300075
1978-02-26,0.0086300075
1978-02-27,2.5747194
1978-02-28,0.04319027
1978-03-01,0.02591014
1978-03-02,0.26783198
1978-03-03,0.0086300075
1978-03-04,6.8428717
1978-03-05,0.26783198
1978-03-06,0.3887929
1978-03-07,0.14687106
1978-03-08,0.4406333
1978-03-09,0.12959093
1978-03-10,0.04319027
1978-03-11,0.0086300075
1978-03-12,0.19871145
1978-03-13,0.0086300075
1978-03-14,0.0086300075
1978-03-15,6.981113
1978-03-16,3.0844734
1978-03-17,0.6479949
1978-03-18,1.3478302
1978-03-19,5.7283134
1978-03-20,0.9763174
1978-03-21,2.6006296
1978-03-22,1.1923089
1978-03-23,3.6719978
1978-03-24,0.04319027
1978-03-25,0.40607303
1978-03-26,0.02591014
1978-03-27,3.2572746
1978-03-28,13.901755
1978-03-29,0.0086300075
1978-03-30,0.0086300075
1978-03-31,0.02591014
1978-04-01,4.3891134
1978-04-02,6.4195185
1978-04-03,0.35423264
1978-04-04,0.0086300075
1978-04-05,13.383351
1978-04-06,1.987195
1978-04-07,0.45791343
1978-04-08,0.1123108
1978-04-09,0.6998353
1978-04-10,0.02591014
1978-04-11,0.02591014
1978-04-12,16.407354
1978-04-13,0.47519356
1978-04-14,1.5379117
1978-04-15,2.9462323
1978-04-16,2.8252714
1978-04-17,0.0086300075
1978-04-18,0.0086300075
1978-04-19,0.0086300075
1978-04-20,16.096312
1978-04-21,0.68255514
1978-04-22,0.0086300075
1978-04-23,0.5270339
1978-04-24,3.2227144
1978-04-25,0.68255514
1978-04-26,0.060470402
1978-04-27,0.14687106
1978-04-28,1.3996706
1978-04-29,0.04319027
1978-04-30,0.095030665
1978-05-01,1.33055
1978-05-02,0.42335317
1978-05-03,0.2851121
1978-05-04,0.02591014
1978-05-05,0.0086300075
1978-05-06,0.0086300075
1978-05-07,0.0086300075
1978-05-08,0.0086300075
1978-05-09,5.849274
1978-05-10,3.5164766
1978-05-11,0.0086300075
1978-05-12,0.0086300075
1978-05-13,0.0086300075
1978-05-14,0.0086300075
1978-05-15,0.0086300075
1978-05-16,0.26783198
1978-05-17,1.1059083
1978-05-18,0.060470402
1978-05-19,0.0086300075
1978-05-20,0.0086300075
1978-05-21,4.769276
1978-05-22,3.4127958
1978-05-23,0.0086300075
1978-05-24,0.0086300075
1978-05-25,0.0086300075
1978-05-26,0.0086300075
1978-05-27,0.0086300075
1978-05-28,0.0086300075
1978-05-29,0.0086300075
1978-05-30,0.0086300075
1978-05-31,0.0086300075
1978-06-01,0.19871145
1978-06-02,0.18143132
1978-06-03,0.0086300075
1978-06-04,9.797754
1978-06-05,0.0086300075
1978-06-06,1.1059083
1978-06-07,0.0086300075
1978-06-08,3.1881542
1978-06-09,2.4451084
1978-06-10,0.0086300075
1978-06-11,0.0086300075
1978-06-12,0.0086300075
1978-06-13,0.0086300075
1978-06-14,0.665275
1978-06-15,0.3887929
1978-06-16,0.0086300075
1978-06-17,0.0086300075
1978-06-18,0.0086300075
1978-06-19,0.0086300075
1978-06-20,0.0086300075
1978-06-21,0.04319027
1978-06-22,0.0086300075
1978-06-23,0.23327172
1978-06-24,0.0086300075
1978-06-25,0.060470402
1978-06-26,0.0086300075
1978-06-27,0.7171154
1978-06-28,6.8255916
1978-06-29,0.47519356
1978-06-30,13.867195
1978-07-01,6.911992
1978-07-02,2.1427162
1978-07-03,1.7107129
1978-07-04,0.0086300075
1978-07-05,0.02591014
1978-07-06,0.0086300075
1978-07-07,0.0086300075
1978-07-08,0.0086300075
1978-07-09,0.0086300075
1978-07-10,2.6697502
1978-07-11,0.0086300075
1978-07-12,0.0086300075
1978-07-13,0.0086300075
1978-07-14,0.0086300075
1978-07-15,0.0086300075
1978-07-16,0.1123108
1978-07-17,3.0671933
1978-07-18,0.85535645
1978-07-19,0.0086300075
1978-07-20,0.0086300075
1978-07-21,0.4406333
1978-07-22,0.19871145
1978-07-23,0.060470402
1978-07-24,0.0086300075
1978-07-25,0.0086300075
1978-07-26,0.0086300075
1978-07-27,0.0086300075
1978-07-28,7.499517
1978-07-29,0.0086300075
1978-07-30,0.0086300075
1978-07-31,0.0086300075
1978-08-01,0.0086300075
1978-08-02,0.0086300075
1978-08-03,0.0086300075
1978-08-04,0.75167567
1978-08-05,0.0086300075
1978-08-06,0.0086300075
1978-08-07,0.0086300075
1978-08-08,0.0086300075
1978-08-09,0.04319027
1978-08-10,2.7907112
1978-08-11,0.0086300075
1978-08-12,0.0086300075
1978-08-13,0.0086300075
1978-08-14,0.0086300075
1978-08-15,0.0086300075
1978-08-16,0.0086300075
1978-08-17,0.0086300075
1978-08-18,0.0086300075
1978-08-19,0.0086300075
1978-08-20,0.0086300075
1978-08-21,0.0086300075
1978-08-22,0.0086300075
1978-08-23,0.0086300075
1978-08-24,0.0086300075
1978-08-25,0.0086300075
1978-08-26,0.0086300075
1978-08-27,0.0086300075
1978-08-28,0.0086300075
1978-08-29,11.119674
1978-08-30,0.0086300075
1978-08-31,0.0086300075
1978-09-01,0.0086300075
1978-09-02,0.0086300075
1978-09-03,0.0086300075
1978-09-04,0.0086300075
1978-09-05,0.0086300075
1978-09-06,0.0086300075
1978-09-07,12.268793
1978-09-08,0.0086300075
1978-09-09,11.327036
1978-09-10,0.0086300075
1978-09-11,1.0799981
1978-09-12,2.1772764
1978-09-13,0.0086300075
1978-09-14,0.0086300075
1978-09-15,0.0086300075
1978-09-16,1.0108776
1978-09-17,0.0086300075
1978-09-18,0.0086300075
1978-09-19,0.0086300075
1978-09-20,0.02591014
1978-09-21,0.0086300075
1978-09-22,0.04319027
1978-09-23,0.0086300075
1978-09-24,0.0086300075
1978-09-25,0.0086300075
1978-09-26,0.0086300075
1978-09-27,0.0086300075
1978-09-28,0.40607303
1978-09-29,0.0086300075
1978-09-30,0.0086300075
1978-10-01,0.0086300075
1978-10-02,0.1123108
1978-10-03,0.0086300075
1978-10-04,0.0086300075
1978-10-05,3.309115
1978-10-06,0.5270339
1978-10-07,0.7862359
1978-10-08,0.0086300075
1978-10-09,0.0086300075
1978-10-10,0.12959093
1978-10-11,0.0086300075
1978-10-12,0.0086300075
1978-10-13,0.0086300075
1978-10-14,0.060470402
1978-10-15,11.033274
1978-10-16,0.19871145
1978-10-17,0.0086300075
1978-10-18,0.0086300075
1978-10-19,0.47519356
1978-10-20,0.12959093
1978-10-21,0.0086300075
1978-10-22,0.0086300075
1978-10-23,0.04319027
1978-10-24,5.6419125
1978-10-25,0.0086300075
1978-10-26,1.8143938
1978-10-27,25.185581
1978-10-28,0.0086300075
1978-10-29,0.12959093
1978-10-30,0.0086300075
1978-10-31,0.0086300075
1978-11-01,0.0086300075
1978-11-02,0.0086300075
1978-11-03,0.0086300075
1978-11-04,0.0086300075
1978-11-05,0.0086300075
1978-11-06,0.0086300075
1978-11-07,0.04319027
1978-11-08,0.6479949
1978-11-09,0.0086300075
1978-11-10,0.0086300075
1978-11-11,0.18143132
1978-11-12,0.04319027
1978-11-13,0.21599159
1978-11-14,0.9417571
1978-11-15,2.7215905
1978-11-16,0.02591014
1978-11-17,0.0086300075
1978-11-18,1.4169507
1978-11-19,0.0086300075
1978-11-20,0.02591014
1978-11-21,0.095030665
1978-11-22,0.30239224
1978-11-23,0.0086300075
1978-11-24,0.02591014
1978-11-25,0.04319027
1978-11-26,0.21599159
1978-11-27,0.0086300075
1978-11-28,7.223035
1978-11-29,0.924477
1978-11-30,5.8838344
1978-12-01,0.060470402
1978-12-02,3.447356
1978-12-03,0.12959093
1978-12-04,8.251192
1978-12-05,0.0086300075
1978-12-06,0.02591014
1978-12-07,0.0086300075
1978-12-08,2.0908759
1978-12-09,4.6137547
1978-12-10,8.786877
1978-12-11,0.0086300075
1978-12-12,0.0086300075
1978-12-13,0.14687106
1978-12-14,0.6479949
1978-12-15,0.23327172
1978-12-16,0.0086300075
1978-12-17,12.752637
1978-12-18,2.6006296
1978-12-19,0.83807635
1978-12-20,0.26783198
1978-12-21,17.625593
1978-12-22,0.19871145
1978-12-23,0.3369525
1978-12-24,0.0086300075
1978-12-25,13.20192
1978-12-26,2.4451084
1978-12-27,0.060470402
1978-12-28,1.3218999
1978-12-29,0.0086300075
1978-12-30,0.060470402
1978-12-31,0.21599159
1979-01-01,7.3612757
1979-01-02,3.706558
1979-01-03,11.9059105
1979-01-04,0.75167567
1979-01-05,0.35423264
1979-01-06,0.04319027
1979-01-07,0.26783198
1979-01-08,37.07423
1979-01-09,4.5446343
1979-01-10,0.04319027
1979-01-11,0.0086300075
1979-01-12,0.0086300075
1979-01-13,0.4924737
1979-01-14,31.821112
1979-01-15,0.68255514
1979-01-16,0.14687106
1979-01-17,0.0086300075
1979-01-18,11.482557
1979-01-19,0.095030665
1979-01-20,0.02591014
1979-01-21,20.286713
1979-01-22,9.694074
1979-01-23,0.060470402
1979-01-24,0.0086300075
1979-01-25,12.303353
1979-01-26,2.63519
1979-01-27,7.7155085
1979-01-28,6.60958
1979-01-29,17.711994
1979-01-30,2.505599
1979-01-31,0.16415119
1979-02-01,0.23327172
1979-02-02,1.1923089
1979-02-03,0.14687106
1979-02-04,0.4406333
1979-02-05,0.0086300075
1979-02-06,0.21599159
1979-02-07,0.02591014
1979-02-08,0.02591014
1979-02-09,0.40607303
1979-02-10,0.14687106
1979-02-11,0.04319027
1979-02-12,0.0086300075
1979-02-13,0.095030665
1979-02-14,0.1123108
1979-02-15,0.2851121
1979-02-16,0.0086300075
1979-02-17,0.0086300075
1979-02-18,0.14687106
1979-02-19,0.0086300075
1979-02-20,0.0086300075
1979-02-21,0.0086300075
1979-02-22,2.1427162
1979-02-23,0.060470402
1979-02-24,6.0220757
1979-02-25,15.664309
1979-02-26,19.92383
1979-02-27,32.7888
1979-02-28,0.0086300075
1979-03-01,0.0086300075
1979-03-02,0.37151277
1979-03-03,0.04319027
1979-03-04,0.02591014
1979-03-05,0.19871145
1979-03-06,0.0086300075
1979-03-07,6.0047956
1979-03-08,20.951988
1979-03-09,0.80351603
1979-03-10,1.3046198
1979-03-11,33.47135
1979-03-12,4.5619144
1979-03-13,1.848954
1979-03-14,1.8835142
1979-03-15,16.269114
1979-03-16,0.40607303
1979-03-17,0.0086300075
1979-03-18,1.1231885
1979-03-19,3.2572746
1979-03-20,6.5836697
1979-03-21,1.0108776
1979-03-22,0.0086300075
1979-03-23,0.02591014
1979-03-24,0.0086300075
1979-03-25,0.47519356
1979-03-26,29.868477
1979-03-27,0.75167567
1979-03-28,0.12959093
1979-03-29,0.0086300075
1979-03-30,3.430076
1979-03-31,4.3545527
1979-04-01,1.2182392
1979-04-02,0.0086300075
1979-04-03,5.7801538
1979-04-04,0.1123108
1979-04-05,7.8883095
1979-04-06,2.3500779
1979-04-07,4.5273542
1979-04-08,2.1599963
1979-04-09,6.739191
1979-04-10,31.086716
1979-04-11,2.108156
1979-04-12,4.5273542
1979-04-13,0.4924737
1979-04-14,0.0086300075
1979-04-15,0.0086300075
1979-04-16,0.0086300075
1979-04-17,2.6611
1979-04-18,1.2355194
1979-04-19,1.8143938
1979-04-20,1.2614295
1979-04-21,0.02591014
1979-04-22,0.0086300075
1979-04-23,2.125436
1979-04-24,0.5443141
1979-04-25,0.0086300075
1979-04-26,0.0086300075
1979-04-27,0.0086300075
1979-04-28,1.8316739
1979-04-29,8.855997
1979-04-30,5.4345512
1979-05-01,0.6307148
1979-05-02,3.6547177
1979-05-03,0.23327172
1979-05-04,0.26783198
1979-05-05,1.1318386
1979-05-06,0.0086300075
1979-05-07,0.0086300075
1979-05-08,0.0086300075
1979-05-09,0.0086300075
1979-05-10,0.0086300075
1979-05-11,0.0086300075
1979-05-12,0.0086300075
1979-05-13,0.7862359
1979-05-14,1.987195
1979-05-15,1.2527995
1979-05-16,1.1059083
1979-05-17,2.7388706
1979-05-18,0.0086300075
1979-05-19,0.0086300075
1979-05-20,0.060470402
1979-05-21,0.37151277
1979-05-22,0.19871145
1979-05-23,0.0086300075
1979-05-24,15.102715
1979-05-25,6.5663896
1979-05-26,9.28798
1979-05-27,0.5097538
1979-05-28,0.0086300075
1979-05-29,0.02591014
1979-05-30,0.6134346
1979-05-31,9.417591
1979-06-01,0.8899167
1979-06-02,0.0086300075
1979-06-03,0.0086300075
1979-06-04,0.0086300075
1979-06-05,1.4860712
1979-06-06,0.095030665
1979-06-07,0.0086300075
1979-06-08,0.0086300075
1979-06-09,0.0086300075
1979-06-10,0.0086300075
1979-06-11,0.0086300075
1979-06-12,1.062718
1979-06-13,0.0086300075
1979-06-14,0.0086300075
1979-06-15,0.0086300075
1979-06-16,0.0086300075
1979-06-17,0.0086300075
1979-06-18,1.4515109
1979-06-19,0.0086300075
1979-06-20,0.0086300075
1979-06-21,0.0086300075
1979-06-22,1.468791
1979-06-23,1.589752
1979-06-24,0.0086300075
1979-06-25,0.02591014
1979-06-26,0.0086300075
1979-06-27,0.0086300075
1979-06-28,0.095030665
1979-06-29,0.0086300075
1979-06-30,0.0086300075
1979-07-01,0.18143132
1979-07-02,10.074236
1979-07-03,1.727993
1979-07-04,0.0086300075
1979-07-05,4.5791945
1979-07-06,0.924477
1979-07-07,0.0086300075
1979-07-08,0.0086300075
1979-07-09,0.0086300075
1979-07-10,0.0086300075
1979-07-11,0.0086300075
1979-07-12,1.7452731
1979-07-13,0.35423264
1979-07-14,0.0086300075
1979-07-15,0.0086300075
1979-07-16,0.02591014
1979-07-17,6.1603165
1979-07-18,1.2614295
1979-07-19,0.0086300075
1979-07-20,0.0086300075
1979-07-21,0.0086300075
1979-07-22,0.0086300075
1979-07-23,0.0086300075
1979-07-24,0.0086300075
1979-07-25,0.0086300075
1979-07-26,0.0086300075
1979-07-27,4.510074
1979-07-28,12.320633
1979-07-29,5.149439
1979-07-30,0.40607303
1979-07-31,0.0086300075
1979-08-01,0.0086300075
1979-08-02,0.8899167
1979-08-03,0.14687106
1979-08-04,0.0086300075
1979-08-05,7.3439956
1979-08-06,0.0086300075
1979-08-07,0.0086300075
1979-08-08,2.3500779
1979-08-09,0.0086300075
1979-08-10,3.1535938
1979-08-11,10.0915165
1979-08-12,6.5318294
1979-08-13,9.28798
1979-08-14,0.0086300075
1979-08-15,0.0086300075
1979-08-16,0.0086300075
1979-08-17,0.0086300075
1979-08-18,0.0086300075
1979-08-19,0.18143132
1979-08-20,0.6479949
1979-08-21,0.02591014
1979-08-22,3.1190336
1979-08-23,0.0086300075
1979-08-24,0.0086300075
1979-08-25,0.0086300075
1979-08-26,0.31967238
1979-08-27,0.0086300075
1979-08-28,0.18143132
1979-08-29,0.0086300075
1979-08-30,0.21599159
1979-08-31,0.0086300075
1979-09-01,0.0086300075
1979-09-02,0.0086300075
1979-09-03,0.5443141
1979-09-04,0.0086300075
1979-09-05,0.0086300075
1979-09-06,2.1427162
1979-09-07,7.0675135
1979-09-08,0.57887435
1979-09-09,0.0086300075
1979-09-10,0.0086300075
1979-09-11,0.0086300075
1979-09-12,0.0086300075
1979-09-13,0.0086300075
1979-09-14,0.0086300075
1979-09-15,3.6547177
1979-09-16,0.0086300075
1979-09-17,0.0086300075
1979-09-18,0.0086300075
1979-09-19,5.4691114
1979-09-20,0.0086300075
1979-09-21,0.0086300075
1979-09-22,31.751991
1979-09-23,0.0086300075
1979-09-24,0.0086300075
1979-09-25,0.0086300075
1979-09-26,0.0086300075
1979-09-27,0.0086300075
1979-09-28,0.0086300075
1979-09-29,0.12959093
1979-09-30,0.0086300075
1979-10-01,0.095030665
1979-10-02,6.315838
1979-10-03,0.0086300075
1979-10-04,2.5747194
1979-10-05,0.19871145
1979-10-06,1.062718
1979-10-07,1.9007944
1979-10-08,6.462709
1979-10-09,10.1779175
1979-10-10,1.062718
1979-10-11,5.3654304
1979-10-12,0.0086300075
1979-10-13,9.1843195
1979-10-14,0.3887929
1979-10-15,0.060470402
1979-10-16,0.3887929
1979-10-17,0.0086300075
1979-10-18,1.0454379
1979-10-19,0.0086300075
1979-10-20,0.0086300075
1979-10-21,0.04319027
1979-10-22,0.0086300075
1979-10-23,0.1123108
1979-10-24,0.83807635
1979-10-25,0.0086300075
1979-10-26,0.0086300075
1979-10-27,0.0086300075
1979-10-28,0.060470402
1979-10-29,7.378556
1979-10-30,1.1231885
1979-10-31,0.02591014
1979-11-01,0.0086300075
1979-11-02,0.0086300075
1979-11-03,10.9987135
1979-11-04,15.569278
1979-11-05,0.0086300075
1979-11-06,0.0086300075
1979-11-07,1.848954
1979-11-08,0.04319027
1979-11-09,0.12959093
1979-11-10,1.3996706
1979-11-11,0.04319027
1979-11-12,23.397118
1979-11-13,1.3823904
1979-11-14,36.75456
1979-11-15,4.1471915
1979-11-16,2.5487893
1979-11-17,0.23327172
1979-11-18,0.0086300075
1979-11-19,0.0086300075
1979-11-20,0.0086300075
1979-11-21,7.7587185
1979-11-22,0.25055185
1979-11-23,0.37151277
1979-11-24,1.2355194
1979-11-25,0.9763174
1979-11-26,1.0281577
1979-11-27,9.0547085
1979-11-28,0.060470402
1979-11-29,0.02591014
1979-11-30,0.0086300075
1979-12-01,0.0086300075
1979-12-02,0.0086300075
1979-12-03,0.060470402
1979-12-04,0.04319027
1979-12-05,0.02591014
1979-12-06,0.04319027
1979-12-07,20.148472
1979-12-08,0.21599159
1979-12-09,0.4406333
1979-12-10,2.5747194
1979-12-11,4.5964746
1979-12-12,0.0086300075
1979-12-13,0.25055185
1979-12-14,4.8729568
1979-12-15,0.57887435
1979-12-16,0.31967238
1979-12-17,7.7155085
1979-12-18,1.1663988
1979-12-19,0.23327172
1979-12-20,0.060470402
1979-12-21,0.0086300075
1979-12-22,0.0086300075
1979-12-23,0.0086300075
1979-12-24,3.0671933
1979-12-25,10.298878
1979-12-26,5.8665543
1979-12-27,5.27038
1979-12-28,0.5097538
1979-12-29,0.21599159
1979-12-30,0.1123108
1979-12-31,0.060470402
1980-01-01,0.1123108
1980-01-02,0.02591014
1980-01-03,0.0086300075
1980-01-04,0.0086300075
1980-01-05,0.0086300075
1980-01-06,0.0086300075
1980-01-07,1.1059083
1980-01-08,1.7107129
1980-01-09,0.12959093
1980-01-10,0.0086300075
1980-01-11,0.57887435
1980-01-12,17.064
1980-01-13,0.47519356
1980-01-14,0.0086300075
1980-01-15,0.02591014
1980-01-16,0.0086300075
1980-01-17,0.80351603
1980-01-18,7.274875
1980-01-19,0.7171154
1980-01-20,0.1123108
1980-01-21,0.8207962
1980-01-22,0.12959093
1980-01-23,8.873277
1980-01-24,0.23327172
1980-01-25,0.060470402
1980-01-26,0.0086300075
1980-01-27,0.0086300075
1980-01-28,0.1123108
1980-01-29,0.04319027
1980-01-30,0.14687106
1980-01-31,0.0086300075
1980-02-01,0.095030665
1980-02-02,0.25055185
1980-02-03,0.35423264
1980-02-04,0.0086300075
1980-02-05,0.02591014
1980-02-06,0.12959093
1980-02-07,0.0086300075
1980-02-08,0.0086300075
1980-02-09,0.060470402
1980-02-10,0.060470402
1980-02-11,0.060470402
1980-02-12,0.18143132
1980-02-13,0.14687106
1980-02-14,0.095030665
1980-02-15,0.02591014
1980-02-16,5.6419125
1980-02-17,8.441274
1980-02-18,0.02591014
1980-02-19,0.0086300075
1980-02-20,0.0086300075
1980-02-21,0.1123108
1980-02-22,0.12959093
1980-02-23,9.866875
1980-02-24,0.0086300075
1980-02-25,0.6134346
1980-02-26,0.095030665
1980-02-27,0.1123108
1980-02-28,3.9311998
1980-02-29,1.727993
1980-03-01,0.0086300075
1980-03-02,0.02591014
1980-03-03,0.02591014
1980-03-04,0.0086300075
1980-03-05,3.309115
1980-03-06,5.011198
1980-03-07,0.1123108
1980-03-08,16.217272
1980-03-09,20.217592
1980-03-10,0.1123108
1980-03-11,13.279671
1980-03-12,4.1817517
1980-03-13,0.45791343
1980-03-14,17.366392
1980-03-15,4.6137547
1980-03-16,0.21599159
1980-03-17,0.0086300075
1980-03-18,27.7603
1980-03-19,1.6243123
1980-03-20,0.1123108
1980-03-21,0.02591014
1980-03-22,0.02591014
1980-03-23,1.0454379
1980-03-24,0.8207962
1980-03-25,0.12959093
1980-03-26,7.257595
1980-03-27,0.40607303
1980-03-28,0.02591014
1980-03-29,0.02591014
1980-03-30,0.6479949
1980-03-31,0.0086300075
1980-04-01,0.0086300075
1980-04-02,0.0086300075
1980-04-03,0.75167567
1980-04-04,6.2812777
1980-04-05,6.721911
1980-04-06,0.4406333
1980-04-07,0.0086300075
1980-04-08,0.0086300075
1980-04-09,0.0086300075
1980-04-10,0.0086300075
1980-04-11,3.1017535
1980-04-12,0.0086300075
1980-04-13,5.5209517
1980-04-14,0.14687106
1980-04-15,2.2118368
1980-04-16,0.2851121
1980-04-17,0.0086300075
1980-04-18,0.0086300075
1980-04-19,0.095030665
1980-04-20,0.0086300075
1980-04-21,3.97439
1980-04-22,10.601271
1980-04-23,27.276476
1980-04-24,0.18143132
1980-04-25,0.37151277
1980-04-26,0.14687106
1980-04-27,1.7625533
1980-04-28,0.14687106
1980-04-29,0.0086300075
1980-04-30,0.0086300075
1980-05-01,0.0086300075
1980-05-02,0.0086300075
1980-05-03,0.0086300075
1980-05-04,2.7043104
1980-05-05,0.37151277
1980-05-06,0.0086300075
1980-05-07,0.0086300075
1980-05-08,1.3218999
1980-05-09,12.648955
1980-05-10,0.7171154
1980-05-11,0.0086300075
1980-05-12,1.4515109
1980-05-13,0.0086300075
1980-05-14,2.0735958
1980-05-15,0.0086300075
1980-05-16,1.7971135
1980-05-17,0.0086300075
1980-05-18,0.0086300075
1980-05-19,7.8623996
1980-05-20,0.0086300075
1980-05-21,0.0086300075
1980-05-22,2.1427162
1980-05-23,0.0086300075
1980-05-24,0.0086300075
1980-05-25,0.0086300075
1980-05-26,1.7107129
1980-05-27,0.87263656
1980-05-28,1.5379117
1980-05-29,1.1318386
1980-05-30,0.0086300075
1980-05-31,0.0086300075
1980-06-01,0.30239224
1980-06-02,0.04319027
1980-06-03,0.9763174
1980-06-04,0.35423264
1980-06-05,0.47519356
1980-06-06,0.45791343
1980-06-07,0.0086300075
1980-06-08,0.0086300075
1980-06-09,2.1599963
1980-06-10,0.5097538
1980-06-11,0.0086300075
1980-06-12,0.0086300075
1980-06-13,0.0086300075
1980-06-14,0.0086300075
1980-06-15,16.441914
1980-06-16,0.75167567
1980-06-17,0.0086300075
1980-06-18,0.0086300075
1980-06-19,0.0086300075
1980-06-20,0.0086300075
1980-06-21,9.624953
1980-06-22,0.56159425
1980-06-23,0.0086300075
1980-06-24,6.1948767
1980-06-25,0.04319027
1980-06-26,0.0086300075
1980-06-27,4.0607905
1980-06-28,0.0086300075
1980-06-29,0.0086300075
1980-06-30,5.814714
1980-07-01,0.7343955
1980-07-02,0.0086300075
1980-07-03,0.45791343
1980-07-04,0.0086300075
1980-07-05,0.0086300075
1980-07-06,2.5747194
1980-07-07,0.6479949
1980-07-08,0.0086300075
1980-07-09,9.400311
1980-07-10,0.37151277
1980-07-11,0.0086300075
1980-07-12,12.286073
1980-07-13,2.9807925
1980-07-14,0.4924737
1980-07-15,0.0086300075
1980-07-16,4.475514
1980-07-17,0.14687106
1980-07-18,1.3996706
1980-07-19,0.0086300075
1980-07-20,0.0086300075
1980-07-21,1.0454379
1980-07-22,1.1231885
1980-07-23,7.0329533
1980-07-24,3.2745547
1980-07-25,0.0086300075
1980-07-26,1.33055
1980-07-27,0.0086300075
1980-07-28,0.0086300075
1980-07-29,0.0086300075
1980-07-30,1.9353546
1980-07-31,0.0086300075
1980-08-01,0.0086300075
1980-08-02,0.0086300075
1980-08-03,0.02591014
1980-08-04,1.2614295
1980-08-05,0.0086300075
1980-08-06,0.0086300075
1980-08-07,5.399991
1980-08-08,1.0454379
1980-08-09,1.6243123
1980-08-10,0.0086300075
1980-08-11,0.0086300075
1980-08-12,3.1535938
1980-08-13,1.5551918
1980-08-14,0.02591014
1980-08-15,2.7043104
1980-08-16,11.586238
1980-08-17,0.4924737
1980-08-18,0.0086300075
1980-08-19,0.0086300075
1980-08-20,0.0086300075
1980-08-21,0.0086300075
1980-08-22,0.0086300075
1980-08-23,0.0086300075
1980-08-24,0.0086300075
1980-08-25,0.0086300075
1980-08-26,3.1017535
1980-08-27,0.7862359
1980-08-28,0.0086300075
1980-08-29,0.0086300075
1980-08-30,0.0086300075
1980-08-31,0.0086300075
1980-09-01,0.0086300075
1980-09-02,0.7343955
1980-09-03,0.02591014
1980-09-04,0.0086300075
1980-09-05,0.0086300075
1980-09-06,0.0086300075
1980-09-07,0.0086300075
1980-09-08,0.0086300075
1980-09-09,0.0086300075
1980-09-10,0.0086300075
1980-09-11,0.0086300075
1980-09-12,0.0086300075
1980-09-13,0.0086300075
1980-09-14,7.3612757
1980-09-15,5.6419125
1980-09-16,0.095030665
1980-09-17,0.0086300075
1980-09-18,0.14687106
1980-09-19,0.02591014
1980-09-20,0.0086300075
1980-09-21,0.21599159
1980-09-22,0.6134346
1980-09-23,2.3327975
1980-09-24,0.0086300075
1980-09-25,0.0086300075
1980-09-26,10.791351
1980-09-27,0.56159425
1980-09-28,0.0086300075
1980-09-29,0.0086300075
1980-09-30,0.0086300075
1980-10-01,0.0086300075
1980-10-02,0.02591014
1980-10-03,0.924477
1980-10-04,4.0780706
1980-10-05,0.0086300075
1980-10-06,1.7971135
1980-10-07,1.8143938
1980-10-08,0.0086300075
1980-10-09,0.0086300075
1980-10-10,0.0086300075
1980-10-11,2.125436
1980-10-12,7.8623996
1980-10-13,0.47519356
1980-10-14,0.02591014
1980-10-15,0.0086300075
1980-10-16,0.02591014
1980-10-17,1.062718
1980-10-18,1.8143938
1980-10-19,0.9417571
1980-10-20,0.23327172
1980-10-21,0.02591014
1980-10-22,0.04319027
1980-10-23,0.0086300075
1980-10-24,0.02591014
1980-10-25,0.0086300075
1980-10-26,23.74272
1980-10-27,0.21599159
1980-10-28,1.6070321
1980-10-29,0.18143132
1980-10-30,0.0086300075
1980-10-31,0.0086300075
1980-11-01,0.19871145
1980-11-02,0.0086300075
1980-11-03,0.0086300075
1980-11-04,0.0086300075
1980-11-05,3.9139197
1980-11-06,0.0086300075
1980-11-07,3.430076
1980-11-08,3.309115
1980-11-09,0.75167567
1980-11-10,11.81088
1980-11-11,5.7110333
1980-11-12,1.3218999
1980-11-13,0.0086300075
1980-11-14,1.4515109
1980-11-15,0.0086300075
1980-11-16,0.0086300075
1980-11-17,0.9071969
1980-11-18,22.53311
1980-11-19,10.877752
1980-11-20,0.02591014
1980-11-21,0.02591014
1980-11-22,18.878393
1980-11-23,0.060470402
1980-11-24,0.0086300075
1980-11-25,4.4236736
1980-11-26,11.534397
1980-11-27,0.0086300075
1980-11-28,0.060470402
1980-11-29,21.625914
1980-11-30,0.80351603
1980-12-01,0.23327172
1980-12-02,0.04319027
1980-12-03,10.704951
1980-12-04,3.447356
1980-12-05,3.6028771
1980-12-06,0.9417571
1980-12-07,0.02591014
1980-12-08,0.04319027
1980-12-09,7.672318
1980-12-10,0.04319027
1980-12-11,0.04319027
1980-12-12,0.3369525
1980-12-13,3.7843087
1980-12-14,0.31967238
1980-12-15,0.7862359
1980-12-16,18.912952
1980-12-17,6.5663896
1980-12-18,0.6307148
1980-12-19,2.7561507
1980-12-20,0.04319027
1980-12-21,0.02591014
1980-12-22,0.0086300075
1980-12-23,2.246397
1980-12-24,3.689278
1980-12-25,0.4924737
1980-12-26,0.1123108
1980-12-27,0.23327172
1980-12-28,0.04319027
1980-12-29,0.35423264
1980-12-30,32.443195
1980-12-31,1.1059083
1981-01-01,0.14687106
1981-01-02,5.9702353
1981-01-03,5.6073523
1981-01-04,0.0086300075
1981-01-05,0.23327172
1981-01-06,0.14687106
1981-01-07,17.22815
1981-01-08,6.0047956
1981-01-09,0.060470402
1981-01-10,5.7628736
1981-01-11,8.631355
1981-01-12,0.060470402
1981-01-13,18.42911
1981-01-14,0.7689558
1981-01-15,0.02591014
1981-01-16,0.0086300075
1981-01-17,1.6761527
1981-01-18,3.9139197
1981-01-19,0.4924737
1981-01-20,0.04319027
1981-01-21,0.0086300075
1981-01-22,0.095030665
1981-01-23,7.0675135
1981-01-24,0.42335317
1981-01-25,0.060470402
1981-01-26,0.02591014
1981-01-27,0.04319027
1981-01-28,0.060470402
1981-01-29,0.095030665
1981-01-30,0.095030665
1981-01-31,0.02591014
1981-02-01,0.0086300075
1981-02-02,0.7689558
1981-02-03,14.964474
1981-02-04,0.060470402
1981-02-05,0.9935975
1981-02-06,0.47519356
1981-02-07,2.0563154
1981-02-08,19.958391
1981-02-09,1.6243123
1981-02-10,0.2851121
1981-02-11,4.9593577
1981-02-12,5.4863915
1981-02-13,0.40607303
1981-02-14,1.3046198
1981-02-15,1.1923089
1981-02-16,0.04319027
1981-02-17,0.04319027
1981-02-18,0.0086300075
1981-02-19,0.0086300075
1981-02-20,0.45791343
1981-02-21,0.30239224
1981-02-22,0.0086300075
1981-02-23,0.0086300075
1981-02-24,0.0086300075
1981-02-25,0.1123108
1981-02-26,5.2099094
1981-02-27,0.21599159
1981-02-28,0.0086300075
1981-03-01,0.095030665
1981-03-02,0.0086300075
1981-03-03,0.0086300075
1981-03-04,0.04319027
1981-03-05,0.02591014
1981-03-06,0.16415119
1981-03-07,1.5379117
1981-03-08,0.57887435
1981-03-09,0.21599159
1981-03-10,0.37151277
1981-03-11,0.1123108
1981-03-12,0.04319027
1981-03-13,0.02591014
1981-03-14,7.274875
1981-03-15,2.004475
1981-03-16,0.0086300075
1981-03-17,32.443195
1981-03-18,1.1231885
1981-03-19,0.14687106
1981-03-20,0.0086300075
1981-03-21,2.8425515
1981-03-22,0.0086300075
1981-03-23,0.0086300075
1981-03-24,0.0086300075
1981-03-25,0.0086300075
1981-03-26,0.0086300075
1981-03-27,5.123509
1981-03-28,0.0086300075
1981-03-29,1.3651103
1981-03-30,0.14687106
1981-03-31,9.115199
1981-04-01,0.0086300075
1981-04-02,13.27102
1981-04-03,1.6243123
1981-04-04,0.0086300075
1981-04-05,0.19871145
1981-04-06,4.216312
1981-04-07,0.18143132
1981-04-08,0.0086300075
1981-04-09,0.0086300075
1981-04-10,3.8707092
1981-04-11,0.26783198
1981-04-12,1.5033513
1981-04-13,0.0086300075
1981-04-14,1.3046198
1981-04-15,8.4067135
1981-04-16,1.3823904
1981-04-17,0.04319027
1981-04-18,1.7452731
1981-04-19,0.19871145
1981-04-20,1.8662341
1981-04-21,2.7388706
1981-04-22,0.12959093
1981-04-23,0.0086300075
1981-04-24,4.0435104
1981-04-25,0.0086300075
1981-04-26,0.9071969
1981-04-27,0.0086300075
1981-04-28,0.83807635
1981-04-29,5.3654304
1981-04-30,1.9180745
1981-05-01,0.0086300075
1981-05-02,0.30239224
1981-05-03,0.0086300075
1981-05-04,0.7689558
1981-05-05,1.183679
1981-05-06,0.19871145
1981-05-07,0.0086300075
1981-05-08,0.0086300075
1981-05-09,0.0086300075
1981-05-10,0.0086300075
1981-05-11,0.02591014
1981-05-12,0.5097538
1981-05-13,1.7971135
1981-05-14,0.0086300075
1981-05-15,0.0086300075
1981-05-16,0.26783198
1981-05-17,10.281598
1981-05-18,1.062718
1981-05-19,0.060470402
1981-05-20,0.0086300075
1981-05-21,0.0086300075
1981-05-22,0.0086300075
1981-05-23,9.953276
1981-05-24,11.344316
1981-05-25,0.0086300075
1981-05-26,0.14687106
1981-05-27,0.02591014
1981-05-28,0.14687106
1981-05-29,0.12959093
1981-05-30,0.02591014
1981-05-31,0.23327172
1981-06-01,0.0086300075
1981-06-02,0.0086300075
1981-06-03,0.0086300075
1981-06-04,0.1123108
1981-06-05,0.0086300075
1981-06-06,0.0086300075
1981-06-07,4.1644716
1981-06-08,0.0086300075
1981-06-09,9.590392
1981-06-10,0.9417571
1981-06-11,0.35423264
1981-06-12,7.3612757
1981-06-13,1.0799981
1981-06-14,0.02591014
1981-06-15,0.0086300075
1981-06-16,0.68255514
1981-06-17,1.727993
1981-06-18,0.7862359
1981-06-19,0.0086300075
1981-06-20,0.0086300075
1981-06-21,18.126717
1981-06-22,0.04319027
1981-06-23,0.8899167
1981-06-24,0.0086300075
1981-06-25,1.5379117
1981-06-26,3.97439
1981-06-27,0.0086300075
1981-06-28,0.0086300075
1981-06-29,0.0086300075
1981-06-30,0.0086300075
1981-07-01,0.0086300075
1981-07-02,0.0086300075
1981-07-03,0.0086300075
1981-07-04,0.0086300075
1981-07-05,0.0086300075
1981-07-06,3.6201575
1981-07-07,4.3027124
1981-07-08,2.1599963
1981-07-09,0.0086300075
1981-07-10,2.3500779
1981-07-11,6.998393
1981-07-12,0.1123108
1981-07-13,2.108156
1981-07-14,14.247358
1981-07-15,1.8143938
1981-07-16,0.0086300075
1981-07-17,0.0086300075
1981-07-18,0.0086300075
1981-07-19,0.0086300075
1981-07-20,0.0086300075
1981-07-21,11.86272
1981-07-22,2.3327975
1981-07-23,0.0086300075
1981-07-24,0.0086300075
1981-07-25,0.0086300075
1981-07-26,0.0086300075
1981-07-27,0.21599159
1981-07-28,0.0086300075
1981-07-29,3.0153527
1981-07-30,3.1881542
1981-07-31,0.0086300075
1981-08-01,0.0086300075
1981-08-02,0.0086300075
1981-08-03,0.0086300075
1981-08-04,0.0086300075
1981-08-05,3.6374376
1981-08-06,4.8729568
1981-08-07,0.68255514
1981-08-08,0.060470402
1981-08-09,0.0086300075
1981-08-10,0.0086300075
1981-08-11,0.0086300075
1981-08-12,0.0086300075
1981-08-13,1.3823904
1981-08-14,0.0086300075
1981-08-15,0.0086300075
1981-08-16,4.216312
1981-08-17,5.9183946
1981-08-18,0.2851121
1981-08-19,0.0086300075
1981-08-20,0.0086300075
1981-08-21,0.0086300075
1981-08-22,0.0086300075
1981-08-23,0.0086300075
1981-08-24,0.9935975
1981-08-25,0.0086300075
1981-08-26,0.0086300075
1981-08-27,0.0086300075
1981-08-28,0.0086300075
1981-08-29,0.0086300075
1981-08-30,0.0086300075
1981-08-31,0.0086300075
1981-09-01,0.0086300075
1981-09-02,0.0086300075
1981-09-03,0.0086300075
1981-09-04,0.0086300075
1981-09-05,0.0086300075
1981-09-06,0.0086300075
1981-09-07,0.02591014
1981-09-08,0.0086300075
1981-09-09,0.23327172
1981-09-10,0.0086300075
1981-09-11,3.8102388
1981-09-12,0.0086300075
1981-09-13,0.0086300075
1981-09-14,0.0086300075
1981-09-15,2.5315092
1981-09-16,0.02591014
1981-09-17,0.0086300075
1981-09-18,0.0086300075
1981-09-19,20.200314
1981-09-20,10.056956
1981-09-21,0.0086300075
1981-09-22,0.0086300075
1981-09-23,23.889591
1981-09-24,25.08192
1981-09-25,0.060470402
1981-09-26,0.0086300075
1981-09-27,0.02591014
1981-09-28,0.3887929
1981-09-29,0.25055185
1981-09-30,0.924477
1981-10-01,0.665275
1981-10-02,1.5206314
1981-10-03,2.7043104
1981-10-04,0.02591014
1981-10-05,0.0086300075
1981-10-06,0.0086300075
1981-10-07,8.683196
1981-10-08,4.00895
1981-10-09,1.7107129
1981-10-10,0.83807635
1981-10-11,0.6479949
1981-10-12,0.1123108
1981-10-13,0.0086300075
1981-10-14,0.0086300075
1981-10-15,0.0086300075
1981-10-16,0.0086300075
1981-10-17,0.0086300075
1981-10-18,0.0086300075
1981-10-19,10.039676
1981-10-20,0.14687106
1981-10-21,0.0086300075
1981-10-22,0.02591014
1981-10-23,0.0086300075
1981-10-24,1.3218999
1981-10-25,0.0086300075
1981-10-26,0.02591014
1981-10-27,2.1599963
1981-10-28,2.911672
1981-10-29,0.924477
1981-10-30,0.0086300075
1981-10-31,0.0086300075
1981-11-01,0.45791343
1981-11-02,0.060470402
1981-11-03,0.0086300075
1981-11-04,0.0086300075
1981-11-05,0.0086300075
1981-11-06,5.0803185
1981-11-07,2.911672
1981-11-08,1.0281577
1981-11-09,0.0086300075
1981-11-10,0.0086300075
1981-11-11,0.4406333
1981-11-12,0.02591014
1981-11-13,0.0086300075
1981-11-14,0.0086300075
1981-11-15,0.060470402
1981-11-16,6.9465528
1981-11-17,21.10751
1981-11-18,4.8729568
1981-11-19,1.5551918
1981-11-20,0.30239224
1981-11-21,19.76831
1981-11-22,0.9417571
1981-11-23,0.02591014
1981-11-24,0.0086300075
1981-11-25,0.02591014
1981-11-26,0.0086300075
1981-11-27,0.02591014
1981-11-28,3.1535938
1981-11-29,0.42335317
1981-11-30,0.3369525
1981-12-01,0.14687106
1981-12-02,24.563517
1981-12-03,17.487352
1981-12-04,0.095030665
1981-12-05,0.060470402
1981-12-06,14.385599
1981-12-07,4.734716
1981-12-08,1.8835142
1981-12-09,2.8943918
1981-12-10,4.233592
1981-12-11,2.0217552
1981-12-12,0.665275
1981-12-13,0.04319027
1981-12-14,0.18143132
1981-12-15,20.770557
1981-12-16,18.44639
1981-12-17,0.5097538
1981-12-18,1.7625533
1981-12-19,7.793279
1981-12-20,1.1923089
1981-12-21,0.19871145
1981-12-22,2.911672
1981-12-23,13.642553
1981-12-24,1.1059083
1981-12-25,0.02591014
1981-12-26,0.0086300075
1981-12-27,1.1318386
1981-12-28,8.233912
1981-12-29,6.63551
1981-12-30,0.85535645
1981-12-31,0.0086300075
1982-01-01,0.31967238
1982-01-02,27.345596
1982-01-03,0.80351603
1982-01-04,6.350398
1982-01-05,13.849915
1982-01-06,0.4924737
1982-01-07,0.6134346
1982-01-08,0.37151277
1982-01-09,0.02591014
1982-01-10,1.9353546
1982-01-11,0.37151277
1982-01-12,0.1123108
1982-01-13,0.1123108
1982-01-14,17.064
1982-01-15,18.074877
1982-01-16,0.12959093
1982-01-17,2.7043104
1982-01-18,0.0086300075
1982-01-19,0.0086300075
1982-01-20,0.12959093
1982-01-21,0.095030665
1982-01-22,0.0086300075
1982-01-23,0.6307148
1982-01-24,16.165432
1982-01-25,0.83807635
1982-01-26,0.060470402
1982-01-27,0.0086300075
1982-01-28,0.095030665
1982-01-29,1.9180745
1982-01-30,0.35423264
1982-01-31,3.4127958
1982-02-01,10.877752
1982-02-02,1.468791
1982-02-03,12.821757
1982-02-04,1.6761527
1982-02-05,0.02591014
1982-02-06,2.6611
1982-02-07,0.56159425
1982-02-08,0.8207962
1982-02-09,1.589752
1982-02-10,6.4108686
1982-02-11,0.0086300075
1982-02-12,0.04319027
1982-02-13,0.9071969
1982-02-14,1.1318386
1982-02-15,0.5443141
1982-02-16,0.0086300075
1982-02-17,0.18143132
1982-02-18,0.0086300075
1982-02-19,0.0086300075
1982-02-20,4.8383965
1982-02-21,9.8323145
1982-02-22,6.963833
1982-02-23,0.3369525
1982-02-24,0.6134346
1982-02-25,0.26783198
1982-02-26,0.14687106
1982-02-27,0.02591014
1982-02-28,0.0086300075
1982-03-01,0.02591014
1982-03-02,3.9139197
1982-03-03,0.83807635
1982-03-04,0.0086300075
1982-03-05,10.281598
1982-03-06,0.0086300075
1982-03-07,8.182072
1982-03-08,7.9747105
1982-03-09,0.37151277
1982-03-10,0.0086300075
1982-03-11,0.26783198
1982-03-12,5.5209517
1982-03-13,2.911672
1982-03-14,2.8943918
1982-03-15,0.30239224
1982-03-16,0.0086300075
1982-03-17,0.04319027
1982-03-18,0.04319027
1982-03-19,0.0086300075
1982-03-20,0.04319027
1982-03-21,0.02591014
1982-03-22,12.545275
1982-03-23,2.3327975
1982-03-24,0.0086300075
1982-03-25,0.0086300075
1982-03-26,0.5097538
1982-03-27,0.8899167
1982-03-28,0.56159425
1982-03-29,0.0086300075
1982-03-30,0.0086300075
1982-03-31,0.18143132
1982-04-01,23.92415
1982-04-02,0.2851121
1982-04-03,0.060470402
1982-04-04,13.988156
1982-04-05,0.30239224
1982-04-06,2.911672
1982-04-07,29.764795
1982-04-08,2.911672
1982-04-09,0.26783198
1982-04-10,0.57887435
1982-04-11,0.0086300075
1982-04-12,1.3823904
1982-04-13,0.30239224
1982-04-14,2.9807925
1982-04-15,1.0108776
1982-04-16,0.0086300075
1982-04-17,0.0086300075
1982-04-18,0.02591014
1982-04-19,0.23327172
1982-04-20,0.0086300075
1982-04-21,0.0086300075
1982-04-22,0.9763174
1982-04-23,0.0086300075
1982-04-24,0.1123108
1982-04-25,0.060470402
1982-04-26,0.0086300075
1982-04-27,3.2227144
1982-04-28,43.087677
1982-04-29,2.1772764
1982-04-30,0.83807635
1982-05-01,6.5231996
1982-05-02,0.23327172
1982-05-03,0.6307148
1982-05-04,1.4515109
1982-05-05,0.0086300075
1982-05-06,0.0086300075
1982-05-07,0.0086300075
1982-05-08,0.0086300075
1982-05-09,0.02591014
1982-05-10,0.0086300075
1982-05-11,0.0086300075
1982-05-12,0.3887929
1982-05-13,0.19871145
1982-05-14,3.4127958
1982-05-15,0.75167567
1982-05-16,0.0086300075
1982-05-17,2.0390353
1982-05-18,0.0086300075
1982-05-19,0.0086300075
1982-05-20,0.18143132
1982-05-21,0.0086300075
1982-05-22,0.0086300075
1982-05-23,0.0086300075
1982-05-24,0.0086300075
1982-05-25,3.1017535
1982-05-26,0.0086300075
1982-05-27,0.0086300075
1982-05-28,0.0086300075
1982-05-29,0.0086300075
1982-05-30,0.04319027
1982-05-31,0.14687106
1982-06-01,0.0086300075
1982-06-02,6.2467175
1982-06-03,0.02591014
1982-06-04,0.0086300075
1982-06-05,0.0086300075
1982-06-06,0.0086300075
1982-06-07,0.0086300075
1982-06-08,0.0086300075
1982-06-09,0.0086300075
1982-06-10,0.0086300075
1982-06-11,0.0086300075
1982-06-12,0.0086300075
1982-06-13,0.0086300075
1982-06-14,11.9059105
1982-06-15,0.3369525
1982-06-16,1.1663988
1982-06-17,0.04319027
1982-06-18,0.0086300075
1982-06-19,0.0086300075
1982-06-20,0.0086300075
1982-06-21,0.0086300075
1982-06-22,0.56159425
1982-06-23,0.2851121
1982-06-24,0.14687106
1982-06-25,0.0086300075
1982-06-26,1.1923089
1982-06-27,0.0086300075
1982-06-28,0.0086300075
1982-06-29,1.0799981
1982-06-30,15.379196
1982-07-01,0.0086300075
1982-07-02,0.0086300075
1982-07-03,0.0086300075
1982-07-04,0.0086300075
1982-07-05,0.0086300075
1982-07-06,0.0086300075
1982-07-07,0.0086300075
1982-07-08,0.0086300075
1982-07-09,0.0086300075
1982-07-10,0.0086300075
1982-07-11,0.0086300075
1982-07-12,0.0086300075
1982-07-13,0.04319027
1982-07-14,0.0086300075
1982-07-15,0.0086300075
1982-07-16,0.0086300075
1982-07-17,0.0086300075
1982-07-18,0.0086300075
1982-07-19,0.04319027
1982-07-20,6.073916
1982-07-21,5.3481503
1982-07-22,3.9139197
1982-07-23,2.246397
1982-07-24,0.0086300075
1982-07-25,0.0086300075
1982-07-26,0.0086300075
1982-07-27,0.0086300075
1982-07-28,0.12959093
1982-07-29,9.521272
1982-07-30,0.0086300075
1982-07-31,0.0086300075
1982-08-01,0.0086300075
1982-08-02,0.0086300075
1982-08-03,0.0086300075
1982-08-04,0.0086300075
1982-08-05,0.0086300075
1982-08-06,0.0086300075
1982-08-07,0.0086300075
1982-08-08,0.0086300075
1982-08-09,0.0086300075
1982-08-10,6.2639976
1982-08-11,0.0086300075
1982-08-12,0.0086300075
1982-08-13,4.250872
1982-08-14,2.229117
1982-08-15,0.0086300075
1982-08-16,0.0086300075
1982-08-17,0.35423264
1982-08-18,0.0086300075
1982-08-19,0.0086300075
1982-08-20,0.0086300075
1982-08-21,0.0086300075
1982-08-22,0.0086300075
1982-08-23,0.0086300075
1982-08-24,0.37151277
1982-08-25,2.514229
1982-08-26,8.873277
1982-08-27,0.0086300075
1982-08-28,0.0086300075
1982-08-29,0.0086300075
1982-08-30,0.0086300075
1982-08-31,0.1123108
1982-09-01,0.0086300075
1982-09-02,4.250872
1982-09-03,1.7107129
1982-09-04,0.0086300075
1982-09-05,0.0086300075
1982-09-06,0.0086300075
1982-09-07,0.0086300075
1982-09-08,0.0086300075
1982-09-09,0.0086300075
1982-09-10,0.0086300075
1982-09-11,0.0086300075
1982-09-12,0.0086300075
1982-09-13,0.0086300075
1982-09-14,0.0086300075
1982-09-15,0.0086300075
1982-09-16,1.1750288
1982-09-17,0.2851121
1982-09-18,0.0086300075
1982-09-19,0.0086300075
1982-09-20,0.0086300075
1982-09-21,2.63519
1982-09-22,8.354874
1982-09-23,1.7107129
1982-09-24,0.0086300075
1982-09-25,0.0086300075
1982-09-26,0.0086300075
1982-09-27,0.0086300075
1982-09-28,0.5443141
1982-09-29,0.0086300075
1982-09-30,0.0086300075
1982-10-01,0.0086300075
1982-10-02,1.7971135
1982-10-03,0.02591014
1982-10-04,0.02591014
1982-10-05,0.0086300075
1982-10-06,0.0086300075
1982-10-07,0.0086300075
1982-10-08,8.907838
1982-10-09,5.9875154
1982-10-10,0.0086300075
1982-10-11,0.0086300075
1982-10-12,0.0086300075
1982-10-13,0.0086300075
1982-10-14,3.8879893
1982-10-15,3.689278
1982-10-16,0.30239224
1982-10-17,0.0086300075
1982-10-18,0.0086300075
1982-10-19,0.0086300075
1982-10-20,0.0086300075
1982-10-21,0.0086300075
1982-10-22,0.0086300075
1982-10-23,0.0086300075
1982-10-24,0.0086300075
1982-10-25,0.0086300075
1982-10-26,0.0086300075
1982-10-27,0.02591014
1982-10-28,0.0086300075
1982-10-29,0.02591014
1982-10-30,0.0086300075
1982-10-31,0.0086300075
1982-11-01,0.47519356
1982-11-02,2.125436
1982-11-03,1.1923089
1982-11-04,0.3887929
1982-11-05,1.2787097
1982-11-06,0.02591014
1982-11-07,0.0086300075
1982-11-08,0.0086300075
1982-11-09,0.0086300075
1982-11-10,0.12959093
1982-11-11,0.02591014
1982-11-12,1.7452731
1982-11-13,6.479989
1982-11-14,3.1017535
1982-11-15,7.8623996
1982-11-16,6.073916
1982-11-17,0.0086300075
1982-11-18,0.0086300075
1982-11-19,0.0086300075
1982-11-20,0.0086300075
1982-11-21,0.0086300075
1982-11-22,0.02591014
1982-11-23,1.3823904
1982-11-24,0.80351603
1982-11-25,1.2787097
1982-11-26,1.5551918
1982-11-27,3.2054343
1982-11-28,0.0086300075
1982-11-29,9.503992
1982-11-30,0.6307148
1982-12-01,0.31967238
1982-12-02,2.505599
1982-12-03,0.1123108
1982-12-04,2.4623885
1982-12-05,0.0086300075
1982-12-06,2.1945567
1982-12-07,1.2787097
1982-12-08,0.0086300075
1982-12-09,2.5574393
1982-12-10,0.04319027
1982-12-11,2.3500779
1982-12-12,0.9071969
1982-12-13,0.1123108
1982-12-14,0.095030665
1982-12-15,0.060470402
1982-12-16,0.2851121
1982-12-17,7.413116
1982-12-18,0.0086300075
1982-12-19,0.6479949
1982-12-20,3.1535938
1982-12-21,3.3436754
1982-12-22,0.14687106
1982-12-23,0.12959093
1982-12-24,2.911672
1982-12-25,3.326395
1982-12-26,2.0908759
1982-12-27,0.04319027
1982-12-28,3.8707092
1982-12-29,0.9417571
1982-12-30,0.0086300075
1982-12-31,0.095030665
1983-01-01,0.02591014
1983-01-02,0.0086300075
1983-01-03,0.23327172
1983-01-04,0.060470402
1983-01-05,0.0086300075
1983-01-06,2.3500779
1983-01-07,0.5443141
1983-01-08,1.2787097
1983-01-09,0.14687106
1983-01-10,0.12959093
1983-01-11,10.58399
1983-01-12,0.04319027
1983-01-13,0.02591014
1983-01-14,0.47519356
1983-01-15,0.060470402
1983-01-16,30.257269
1983-01-17,0.19871145
1983-01-18,0.060470402
1983-01-19,0.0086300075
1983-01-20,0.02591014
1983-01-21,0.0086300075
1983-01-22,0.0086300075
1983-01-23,0.14687106
1983-01-24,21.885117
1983-01-25,0.665275
1983-01-26,0.02591014
1983-01-27,0.060470402
1983-01-28,0.0086300075
1983-01-29,0.0086300075
1983-01-30,0.0086300075
1983-01-31,1.8662341
1983-02-01,1.1231885
1983-02-02,0.02591014
1983-02-03,14.51519
1983-02-04,1.2095891
1983-02-05,0.095030665
1983-02-06,0.0086300075
1983-02-07,5.166719
1983-02-08,20.908798
1983-02-09,0.42335317
1983-02-10,0.14687106
1983-02-11,0.0086300075
1983-02-12,13.435192
1983-02-13,0.0086300075
1983-02-14,0.02591014
1983-02-15,0.0086300075
1983-02-16,0.0086300075
1983-02-17,0.0086300075
1983-02-18,5.0457582
1983-02-19,0.0086300075
1983-02-20,0.0086300075
1983-02-21,0.02591014
1983-02-22,0.12959093
1983-02-23,2.0735958
1983-02-24,15.698869
1983-02-25,0.060470402
1983-02-26,0.060470402
1983-02-27,0.0086300075
1983-02-28,0.0086300075
1983-03-01,0.0086300075
1983-03-02,22.999674
1983-03-03,22.826872
1983-03-04,0.23327172
1983-03-05,0.23327172
1983-03-06,0.02591014
1983-03-07,0.0086300075
1983-03-08,0.0086300075
1983-03-09,0.0086300075
1983-03-10,0.2851121
1983-03-11,7.9055896
1983-03-12,8.009271
1983-03-13,2.229117
1983-03-14,1.3823904
1983-03-15,1.2527995
1983-03-16,0.14687106
1983-03-17,0.0086300075
1983-03-18,0.0086300075
1983-03-19,2.911672
1983-03-20,7.94878
1983-03-21,0.02591014
1983-03-22,12.959998
1983-03-23,0.45791343
1983-03-24,0.6307148
1983-03-25,0.04319027
1983-03-26,0.18143132
1983-03-27,0.0086300075
1983-03-28,15.690239
1983-03-29,9.115199
1983-03-30,1.6588725
1983-03-31,0.30239224
1983-04-01,3.8966396
1983-04-02,29.0304
1983-04-03,1.987195
1983-04-04,3.0844734
1983-04-05,0.30239224
1983-04-06,0.04319027
1983-04-07,0.02591014
1983-04-08,0.87263656
1983-04-09,0.04319027
1983-04-10,0.0086300075
1983-04-11,24.062391
1983-04-12,0.8899167
1983-04-13,0.04319027
1983-04-14,0.02591014
1983-04-15,0.060470402
1983-04-16,0.04319027
1983-04-17,6.7737513
1983-04-18,1.062718
1983-04-19,0.0086300075
1983-04-20,1.7625533
1983-04-21,1.0454379
1983-04-22,0.0086300075
1983-04-23,0.0086300075
1983-04-24,0.04319027
1983-04-25,22.740473
1983-04-26,0.75167567
1983-04-27,0.18143132
1983-04-28,0.02591014
1983-04-29,0.0086300075
1983-04-30,0.0086300075
1983-05-01,0.077750534
1983-05-02,0.7343955
1983-05-03,0.19871145
1983-05-04,2.6697502
1983-05-05,0.095030665
1983-05-06,0.0086300075
1983-05-07,0.02591014
1983-05-08,0.0086300075
1983-05-09,1.0454379
1983-05-10,0.40607303
1983-05-11,0.2851121
1983-05-12,0.45791343
1983-05-13,8.527675
1983-05-14,6.2121572
1983-05-15,0.19871145
1983-05-16,0.75167567
1983-05-17,15.050874
1983-05-18,0.0086300075
1983-05-19,0.0086300075
1983-05-20,0.02591014
1983-05-21,3.2745547
1983-05-22,0.0086300075
1983-05-23,0.0086300075
1983-05-24,0.35423264
1983-05-25,6.5231996
1983-05-26,0.35423264
1983-05-27,0.26783198
1983-05-28,13.331511
1983-05-29,0.0086300075
1983-05-30,0.0086300075
1983-05-31,2.367358
1983-06-01,1.1923089
1983-06-02,5.8838344
1983-06-03,1.9007944
1983-06-04,5.9183946
1983-06-05,2.367358
1983-06-06,0.0086300075
1983-06-07,1.6761527
1983-06-08,0.0086300075
1983-06-09,0.0086300075
1983-06-10,0.0086300075
1983-06-11,0.0086300075
1983-06-12,0.0086300075
1983-06-13,0.0086300075
1983-06-14,0.0086300075
1983-06-15,0.40607303
1983-06-16,0.02591014
1983-06-17,0.0086300075
1983-06-18,0.0086300075
1983-06-19,0.095030665
1983-06-20,0.0086300075
1983-06-21,0.0086300075
1983-06-22,0.0086300075
1983-06-23,0.0086300075
1983-06-24,0.0086300075
1983-06-25,0.0086300075
1983-06-26,0.0086300075
1983-06-27,0.0086300075
1983-06-28,0.0086300075
1983-06-29,0.0086300075
1983-06-30,0.0086300075
1983-07-01,0.0086300075
1983-07-02,0.37151277
1983-07-03,0.3887929
1983-07-04,0.02591014
1983-07-05,0.0086300075
1983-07-06,9.5731125
1983-07-07,1.7971135
1983-07-08,0.0086300075
1983-07-09,1.8316739
1983-07-10,0.0086300075
1983-07-11,0.0086300075
1983-07-12,0.0086300075
1983-07-13,0.0086300075
1983-07-14,0.1123108
1983-07-15,0.0086300075
1983-07-16,4.216312
1983-07-17,0.0086300075
1983-07-18,0.0086300075
1983-07-19,0.0086300075
1983-07-20,0.0086300075
1983-07-21,0.0086300075
1983-07-22,23.016954
1983-07-23,2.8425515
1983-07-24,0.0086300075
1983-07-25,3.1535938
1983-07-26,2.229117
1983-07-27,0.18143132
1983-07-28,0.0086300075
1983-07-29,0.0086300075
1983-07-30,0.0086300075
1983-07-31,0.0086300075
1983-08-01,0.0086300075
1983-08-02,5.123509
1983-08-03,0.0086300075
1983-08-04,0.0086300075
1983-08-05,0.0086300075
1983-08-06,0.0086300075
1983-08-07,0.6479949
1983-08-08,0.0086300075
1983-08-09,8.631355
1983-08-10,5.6419125
1983-08-11,0.0086300075
1983-08-12,23.87231
1983-08-13,0.14687106
1983-08-14,0.0086300075
1983-08-15,0.0086300075
1983-08-16,0.0086300075
1983-08-17,0.0086300075
1983-08-18,3.1535938
1983-08-19,0.0086300075
1983-08-20,4.492794
1983-08-21,0.0086300075
1983-08-22,0.0086300075
1983-08-23,0.18143132
1983-08-24,0.0086300075
1983-08-25,0.0086300075
1983-08-26,0.0086300075
1983-08-27,6.5663896
1983-08-28,1.8143938
1983-08-29,0.04319027
1983-08-30,1.3218999
1983-08-31,6.5836697
1983-09-01,8.700476
1983-09-02,0.04319027
1983-09-03,0.0086300075
1983-09-04,0.0086300075
1983-09-05,0.0086300075
1983-09-06,0.0086300075
1983-09-07,0.0086300075
1983-09-08,0.40607303
1983-09-09,0.0086300075
1983-09-10,0.02591014
1983-09-11,0.0086300075
1983-09-12,0.0086300075
1983-09-13,0.0086300075
1983-09-14,0.0086300075
1983-09-15,0.0086300075
1983-09-16,0.0086300075
1983-09-17,0.21599159
1983-09-18,9.24479
1983-09-19,0.060470402
1983-09-20,0.0086300075
1983-09-21,0.0086300075
1983-09-22,0.18143132
1983-09-23,0.21599159
1983-09-24,0.0086300075
1983-09-25,0.04319027
1983-09-26,0.0086300075
1983-09-27,0.0086300075
1983-09-28,0.0086300075
1983-09-29,0.0086300075
1983-09-30,0.0086300075
1983-10-01,0.0086300075
1983-10-02,0.4924737
1983-10-03,0.0086300075
1983-10-04,0.02591014
1983-10-05,0.060470402
1983-10-06,0.45791343
1983-10-07,0.0086300075
1983-10-08,0.0086300075
1983-10-09,0.0086300075
1983-10-10,0.0086300075
1983-10-11,0.0086300075
1983-10-12,0.1123108
1983-10-13,1.8835142
1983-10-14,0.68255514
1983-10-15,0.0086300075
1983-10-16,0.0086300075
1983-10-17,0.0086300075
1983-10-18,0.02591014
1983-10-19,0.0086300075
1983-10-20,0.0086300075
1983-10-21,0.0086300075
1983-10-22,0.0086300075
1983-10-23,0.0086300075
1983-10-24,1.1750288
1983-10-25,0.14687106
1983-10-26,0.02591014
1983-10-27,0.0086300075
1983-10-28,0.0086300075
1983-10-29,0.1123108
1983-10-30,0.1123108
1983-10-31,0.0086300075
1983-11-01,0.0086300075
1983-11-02,0.0086300075
1983-11-03,0.0086300075
1983-11-04,0.30239224
1983-11-05,7.7587185
1983-11-06,1.1923089
1983-11-07,0.14687106
1983-11-08,0.0086300075
1983-11-09,0.0086300075
1983-11-10,0.0086300075
1983-11-11,19.344957
1983-11-12,3.2399945
1983-11-13,0.21599159
1983-11-14,0.0086300075
1983-11-15,0.0086300075
1983-11-16,18.705591
1983-11-17,7.4649563
1983-11-18,0.3887929
1983-11-19,0.3369525
1983-11-20,0.04319027
1983-11-21,16.096312
1983-11-22,1.1663988
1983-11-23,0.04319027
1983-11-24,0.02591014
1983-11-25,24.822718
1983-11-26,2.229117
1983-11-27,0.0086300075
1983-11-28,0.14687106
1983-11-29,13.556152
1983-11-30,0.4924737
1983-12-01,0.25055185
1983-12-02,0.12959093
1983-12-03,1.2959898
1983-12-04,0.0086300075
1983-12-05,2.5919995
1983-12-06,0.18143132
1983-12-07,18.601912
1983-12-08,1.9180745
1983-12-09,0.04319027
1983-12-10,4.5791945
1983-12-11,0.060470402
1983-12-12,0.0086300075
1983-12-13,1.468791
1983-12-14,14.074556
1983-12-15,1.2355194
1983-12-16,2.8252714
1983-12-17,0.02591014
1983-12-18,0.12959093
1983-12-19,4.3545527
1983-12-20,0.21599159
1983-12-21,0.0086300075
1983-12-22,0.37151277
1983-12-23,15.137275
1983-12-24,1.8316739
1983-12-25,1.848954
1983-12-26,0.0086300075
1983-12-27,0.2851121
1983-12-28,0.02591014
1983-12-29,12.113272
1983-12-30,1.8835142
1983-12-31,0.12959093
1984-01-01,0.0086300075
1984-01-02,0.095030665
1984-01-03,0.04319027
1984-01-04,0.12959093
1984-01-05,0.75167567
1984-01-06,0.0086300075
1984-01-07,2.246397
1984-01-08,0.04319027
1984-01-09,0.30239224
1984-01-10,3.3609555
1984-01-11,24.511675
1984-01-12,0.37151277
1984-01-13,0.095030665
1984-01-14,0.0086300075
1984-01-15,1.4515109
1984-01-16,1.6588725
1984-01-17,0.3887929
1984-01-18,0.04319027
1984-01-19,4.1299114
1984-01-20,0.3887929
1984-01-21,0.095030665
1984-01-22,0.02591014
1984-01-23,0.21599159
1984-01-24,1.7107129
1984-01-25,5.9875154
1984-01-26,0.35423264
1984-01-27,0.02591014
1984-01-28,6.350398
1984-01-29,0.02591014
1984-01-30,0.0086300075
1984-01-31,15.033594
1984-02-01,1.589752
1984-02-02,0.0086300075
1984-02-03,0.060470402
1984-02-04,8.683196
1984-02-05,12.545275
1984-02-06,0.35423264
1984-02-07,6.860152
1984-02-08,0.0086300075
1984-02-09,0.30239224
1984-02-10,0.2851121
1984-02-11,0.6307148
1984-02-12,5.7455935
1984-02-13,0.1123108
1984-02-14,0.14687106
1984-02-15,1.0281577
1984-02-16,8.4067135
1984-02-17,0.0086300075
1984-02-18,0.0086300075
1984-02-19,0.0086300075
1984-02-20,6.479989
1984-02-21,0.57887435
1984-02-22,0.04319027
1984-02-23,0.0086300075
1984-02-24,13.15871
1984-02-25,2.8425515
1984-02-26,3.2399945
1984-02-27,0.1123108
1984-02-28,6.2812777
1984-02-29,24.287033
1984-03-01,0.077750534
1984-03-02,0.19871145
1984-03-03,0.31967238
1984-03-04,0.0086300075
1984-03-05,0.0086300075
1984-03-06,10.7395115
1984-03-07,0.0086300075
1984-03-08,0.02591014
1984-03-09,0.04319027
1984-03-10,0.0086300075
1984-03-11,0.5443141
1984-03-12,0.2851121
1984-03-13,0.0086300075
1984-03-14,37.540794
1984-03-15,9.0979185
1984-03-16,2.4451084
1984-03-17,4.4409537
1984-03-18,5.9011145
1984-03-19,8.527675
1984-03-20,5.7801538
1984-03-21,0.7171154
1984-03-22,0.9763174
1984-03-23,0.12959093
1984-03-24,0.0086300075
1984-03-25,0.0086300075
1984-03-26,0.0086300075
1984-03-27,0.37151277
1984-03-28,0.3887929
1984-03-29,2.4191983
1984-03-30,25.254702
1984-03-31,0.8899167
1984-04-01,0.02591014
1984-04-02,0.0086300075
1984-04-03,0.02591014
1984-04-04,0.0086300075
1984-04-05,0.04319027
1984-04-06,13.988156
1984-04-07,0.16415119
1984-04-08,0.02591014
1984-04-09,0.23327172
1984-04-10,10.5408
1984-04-11,1.8662341
1984-04-12,5.4863915
1984-04-13,1.2095891
1984-04-14,0.0086300075
1984-04-15,0.0086300075
1984-04-16,7.136634
1984-04-17,13.711674
1984-04-18,0.02591014
1984-04-19,0.0086300075
1984-04-20,0.0086300075
1984-04-21,6.0220757
1984-04-22,5.011198
1984-04-23,0.0086300075
1984-04-24,1.5206314
1984-04-25,10.298878
1984-04-26,3.326395
1984-04-27,0.0086300075
1984-04-28,0.0086300075
1984-04-29,0.0086300075
1984-04-30,0.0086300075
1984-05-01,0.0086300075
1984-05-02,0.02591014
1984-05-03,0.0086300075
1984-05-04,11.067834
1984-05-05,3.689278
1984-05-06,0.4924737
1984-05-07,0.0086300075
1984-05-08,0.0086300075
1984-05-09,9.028798
1984-05-10,0.0086300075
1984-05-11,0.0086300075
1984-05-12,1.1491187
1984-05-13,7.2057543
1984-05-14,4.665595
1984-05-15,0.060470402
1984-05-16,5.011198
1984-05-17,1.7107129
1984-05-18,3.4127958
1984-05-19,1.9180745
1984-05-20,0.0086300075
1984-05-21,0.0086300075
1984-05-22,0.04319027
1984-05-23,0.0086300075
1984-05-24,3.844799
1984-05-25,0.0086300075
1984-05-26,0.0086300075
1984-05-27,0.3887929
1984-05-28,0.0086300075
1984-05-29,4.6828756
1984-05-30,0.3887929
1984-05-31,0.68255514
1984-06-01,13.590713
1984-06-02,21.798716
1984-06-03,0.7862359
1984-06-04,0.0086300075
1984-06-05,0.83807635
1984-06-06,0.04319027
1984-06-07,0.0086300075
1984-06-08,0.02591014
1984-06-09,0.0086300075
1984-06-10,0.0086300075
1984-06-11,0.1123108
1984-06-12,0.0086300075
1984-06-13,0.0086300075
1984-06-14,0.31967238
1984-06-15,4.1299114
1984-06-16,0.924477
1984-06-17,0.0086300075
1984-06-18,0.0086300075
1984-06-19,0.6479949
1984-06-20,0.31967238
1984-06-21,0.0086300075
1984-06-22,0.0086300075
1984-06-23,0.0086300075
1984-06-24,0.0086300075
1984-06-25,0.0086300075
1984-06-26,22.878714
1984-06-27,5.183999
1984-06-28,0.02591014
1984-06-29,0.1123108
1984-06-30,1.9007944
1984-07-01,0.0086300075
1984-07-02,0.0086300075
1984-07-03,0.0086300075
1984-07-04,0.0086300075
1984-07-05,0.0086300075
1984-07-06,3.3609555
1984-07-07,0.02591014
1984-07-08,4.4236736
1984-07-09,1.987195
1984-07-10,0.0086300075
1984-07-11,0.0086300075
1984-07-12,2.505599
1984-07-13,0.23327172
1984-07-14,0.0086300075
1984-07-15,0.0086300075
1984-07-16,0.0086300075
1984-07-17,0.0086300075
1984-07-18,0.0086300075
1984-07-19,0.47519356
1984-07-20,0.0086300075
1984-07-21,0.0086300075
1984-07-22,0.0086300075
1984-07-23,0.0086300075
1984-07-24,0.0086300075
1984-07-25,0.0086300075
1984-07-26,0.0086300075
1984-07-27,0.0086300075
1984-07-28,2.0217552
1984-07-29,0.0086300075
1984-07-30,0.0086300075
1984-07-31,0.0086300075
1984-08-01,0.0086300075
1984-08-02,0.0086300075
1984-08-03,0.0086300075
1984-08-04,0.060470402
1984-08-05,0.18143132
1984-08-06,4.1299114
1984-08-07,0.2851121
1984-08-08,0.0086300075
1984-08-09,0.0086300075
1984-08-10,0.0086300075
1984-08-11,0.0086300075
1984-08-12,0.02591014
1984-08-13,0.21599159
1984-08-14,3.1708739
1984-08-15,2.229117
1984-08-16,2.7215905
1984-08-17,0.0086300075
1984-08-18,0.0086300075
1984-08-19,0.0086300075
1984-08-20,0.35423264
1984-08-21,0.0086300075
1984-08-22,0.0086300075
1984-08-23,0.0086300075
1984-08-24,15.586558
1984-08-25,0.9935975
1984-08-26,0.0086300075
1984-08-27,0.0086300075
1984-08-28,0.0086300075
1984-08-29,0.0086300075
1984-08-30,0.0086300075
1984-08-31,3.8707092
1984-09-01,0.2851121
1984-09-02,0.3887929
1984-09-03,0.0086300075
1984-09-04,0.0086300075
1984-09-05,0.47519356
1984-09-06,0.0086300075
1984-09-07,0.0086300075
1984-09-08,0.0086300075
1984-09-09,0.0086300075
1984-09-10,0.0086300075
1984-09-11,0.0086300075
1984-09-12,2.7907112
1984-09-13,0.0086300075
1984-09-14,0.665275
1984-09-15,25.384312
1984-09-16,5.0630383
1984-09-17,0.0086300075
1984-09-18,0.0086300075
1984-09-19,0.0086300075
1984-09-20,0.02591014
1984-09-21,0.0086300075
1984-09-22,0.0086300075
1984-09-23,0.0086300075
1984-09-24,0.0086300075
1984-09-25,0.0086300075
1984-09-26,0.924477
1984-09-27,0.0086300075
1984-09-28,0.0086300075
1984-09-29,0.0086300075
1984-09-30,0.0086300075
1984-10-01,0.0086300075
1984-10-02,13.780794
1984-10-03,2.4623885
1984-10-04,2.1427162
1984-10-05,2.7388706
1984-10-06,0.0086300075
1984-10-07,0.04319027
1984-10-08,0.0086300075
1984-10-09,0.0086300075
1984-10-10,0.0086300075
1984-10-11,0.0086300075
1984-10-12,0.04319027
1984-10-13,0.0086300075
1984-10-14,0.0086300075
1984-10-15,0.0086300075
1984-10-16,0.0086300075
1984-10-17,0.0086300075
1984-10-18,0.0086300075
1984-10-19,0.02591014
1984-10-20,0.0086300075
1984-10-21,0.0086300075
1984-10-22,0.12959093
1984-10-23,7.689598
1984-10-24,0.0086300075
1984-10-25,0.0086300075
1984-10-26,0.35423264
1984-10-27,0.25055185
1984-10-28,0.0086300075
1984-10-29,3.7411184
1984-10-30,0.0086300075
1984-10-31,0.0086300075
1984-11-01,0.0086300075
1984-11-02,1.468791
1984-11-03,0.0086300075
1984-11-04,0.0086300075
1984-11-05,1.2959898
1984-11-06,0.35423264
1984-11-07,0.0086300075
1984-11-08,0.0086300075
1984-11-09,0.0086300075
1984-11-10,0.0086300075
1984-11-11,0.0086300075
1984-11-12,0.0086300075
1984-11-13,0.7862359
1984-11-14,1.4860712
1984-11-15,0.04319027
1984-11-16,1.7107129
1984-11-17,1.9699149
1984-11-18,0.04319027
1984-11-19,0.0086300075
1984-11-20,0.16415119
1984-11-21,0.02591014
1984-11-22,0.0086300075
1984-11-23,0.02591014
1984-11-24,0.12959093
1984-11-25,0.0086300075
1984-11-26,0.0086300075
1984-11-27,0.02591014
1984-11-28,0.02591014
1984-11-29,0.57887435
1984-11-30,0.7862359
1984-12-01,0.0086300075
1984-12-02,0.68255514
1984-12-03,0.0086300075
1984-12-04,12.234233
1984-12-05,0.1123108
1984-12-06,26.092798
1984-12-07,0.9071969
1984-12-08,3.2399945
1984-12-09,0.02591014
1984-12-10,0.095030665
1984-12-11,1.1231885
1984-12-12,0.59615445
1984-12-13,0.16415119
1984-12-14,0.1123108
1984-12-15,0.56159425
1984-12-16,0.04319027
1984-12-17,0.35423264
1984-12-18,0.47519356
1984-12-19,0.80351603
1984-12-20,6.5663896
1984-12-21,0.56159425
1984-12-22,10.229757
1984-12-23,0.0086300075
1984-12-24,0.0086300075
1984-12-25,5.590072
1984-12-26,0.47519356
1984-12-27,0.0086300075
1984-12-28,3.2399945
1984-12-29,1.9007944
1984-12-30,0.0086300075
1984-12-31,0.02591014
1985-01-01,3.5337567
1985-01-02,7.775999
1985-01-03,0.0086300075
1985-01-04,0.16415119
1985-01-05,17.297272
1985-01-06,0.23327172
1985-01-07,0.0086300075
1985-01-08,0.14687106
1985-01-09,0.3369525
1985-01-10,0.02591014
1985-01-11,0.23327172
1985-01-12,0.21599159
1985-01-13,0.0086300075
1985-01-14,0.31967238
1985-01-15,0.21599159
1985-01-16,1.1923089
1985-01-17,0.095030665
1985-01-18,0.0086300075
1985-01-19,0.21599159
1985-01-20,3.568317
1985-01-21,1.468791
1985-01-22,0.7171154
1985-01-23,0.47519356
1985-01-24,0.060470402
1985-01-25,0.23327172
1985-01-26,0.83807635
1985-01-27,0.02591014
1985-01-28,0.0086300075
1985-01-29,0.02591014
1985-01-30,0.095030665
1985-01-31,0.0086300075
1985-02-01,1.3218999
1985-02-02,14.757112
1985-02-03,5.3827105
1985-02-04,0.04319027
1985-02-05,0.0086300075
1985-02-06,0.23327172
1985-02-07,0.0086300075
1985-02-08,0.04319027
1985-02-09,0.37151277
1985-02-10,0.6134346
1985-02-11,0.0086300075
1985-02-12,0.060470402
1985-02-13,26.861753
1985-02-14,3.4127958
1985-02-15,0.37151277
1985-02-16,0.7689558
1985-02-17,0.02591014
1985-02-18,1.5206314
1985-02-19,2.1599963
1985-02-20,0.19871145
1985-02-21,0.12959093
1985-02-22,1.9699149
1985-02-23,0.19871145
1985-02-24,12.130551
1985-02-25,3.0153527
1985-02-26,0.02591014
1985-02-27,0.8899167
1985-02-28,2.0390353
1985-03-01,0.02591014
1985-03-02,5.659193
1985-03-03,0.3887929
1985-03-04,0.19871145
1985-03-05,17.694714
1985-03-06,0.5097538
1985-03-07,0.0086300075
1985-03-08,6.6873507
1985-03-09,0.4924737
1985-03-10,0.0086300075
1985-03-11,0.0086300075
1985-03-12,17.884796
1985-03-13,24.684477
1985-03-14,0.3369525
1985-03-15,0.56159425
1985-03-16,0.56159425
1985-03-17,0.0086300075
1985-03-18,1.5551918
1985-03-19,0.35423264
1985-03-20,0.0086300075
1985-03-21,0.83807635
1985-03-22,0.02591014
1985-03-23,0.0086300075
1985-03-24,0.04319027
1985-03-25,0.18143132
1985-03-26,0.04319027
1985-03-27,0.14687106
1985-03-28,1.2787097
1985-03-29,0.4924737
1985-03-30,0.68255514
1985-03-31,0.0086300075
1985-04-01,4.751996
1985-04-02,3.9484599
1985-04-03,1.8143938
1985-04-04,6.4367986
1985-04-05,4.5273542
1985-04-06,2.3327975
1985-04-07,1.1923089
1985-04-08,2.9635124
1985-04-09,3.6201575
1985-04-10,0.02591014
1985-04-11,0.23327172
1985-04-12,0.0086300075
1985-04-13,0.0086300075
1985-04-14,0.04319027
1985-04-15,0.924477
1985-04-16,0.0086300075
1985-04-17,0.1123108
1985-04-18,0.0086300075
1985-04-19,0.5097538
1985-04-20,0.0086300075
1985-04-21,0.0086300075
1985-04-22,0.0086300075
1985-04-23,0.23327172
1985-04-24,0.0086300075
1985-04-25,0.0086300075
1985-04-26,0.0086300075
1985-04-27,0.0086300075
1985-04-28,0.04319027
1985-04-29,0.6134346
1985-04-30,0.0086300075
1985-05-01,0.0086300075
1985-05-02,0.0086300075
1985-05-03,11.88863
1985-05-04,13.798075
1985-05-05,0.45791343
1985-05-06,0.6134346
1985-05-07,6.0220757
1985-05-08,4.7865562
1985-05-09,0.0086300075
1985-05-10,0.0086300075
1985-05-11,0.14687106
1985-05-12,0.0086300075
1985-05-13,0.6998353
1985-05-14,6.9465528
1985-05-15,0.0086300075
1985-05-16,0.0086300075
1985-05-17,0.85535645
1985-05-18,6.704631
1985-05-19,0.9935975
1985-05-20,0.0086300075
1985-05-21,0.0086300075
1985-05-22,4.734716
1985-05-23,0.0086300075
1985-05-24,1.7107129
1985-05-25,0.0086300075
1985-05-26,0.0086300075
1985-05-27,0.9763174
1985-05-28,0.1123108
1985-05-29,0.0086300075
1985-05-30,0.0086300075
1985-05-31,0.0086300075
1985-06-01,5.0457582
1985-06-02,0.1123108
1985-06-03,0.0086300075
1985-06-04,0.0086300075
1985-06-05,0.0086300075
1985-06-06,21.021109
1985-06-07,0.9417571
1985-06-08,0.0086300075
1985-06-09,0.0086300075
1985-06-10,0.04319027
1985-06-11,0.0086300075
1985-06-12,0.83807635
1985-06-13,3.2227144
1985-06-14,0.9935975
1985-06-15,0.0086300075
1985-06-16,0.0086300075
1985-06-17,4.5791945
1985-06-18,0.7862359
1985-06-19,6.367678
1985-06-20,0.0086300075
1985-06-21,4.5619144
1985-06-22,0.37151277
1985-06-23,0.0086300075
1985-06-24,0.0086300075
1985-06-25,13.314231
1985-06-26,2.1599963
1985-06-27,5.29631
1985-06-28,6.63551
1985-06-29,0.45791343
1985-06-30,1.7107129
1985-07-01,0.02591014
1985-07-02,0.0086300075
1985-07-03,0.0086300075
1985-07-04,0.0086300075
1985-07-05,0.0086300075
1985-07-06,0.95903724
1985-07-07,0.9935975
1985-07-08,0.02591014
1985-07-09,0.0086300075
1985-07-10,0.0086300075
1985-07-11,2.911672
1985-07-12,0.0086300075
1985-07-13,0.0086300075
1985-07-14,0.0086300075
1985-07-15,1.468791
1985-07-16,0.0086300075
1985-07-17,5.166719
1985-07-18,0.02591014
1985-07-19,0.0086300075
1985-07-20,1.7971135
1985-07-21,0.0086300075
1985-07-22,0.0086300075
1985-07-23,0.0086300075
1985-07-24,0.0086300075
1985-07-25,0.0086300075
1985-07-26,0.0086300075
1985-07-27,2.4278283
1985-07-28,0.0086300075
1985-07-29,0.0086300075
1985-07-30,0.095030665
1985-07-31,0.0086300075
1985-08-01,33.989758
1985-08-02,2.6697502
1985-08-03,0.0086300075
1985-08-04,0.0086300075
1985-08-05,0.0086300075
1985-08-06,0.0086300075
1985-08-07,0.0086300075
1985-08-08,3.9916701
1985-08-09,0.04319027
1985-08-10,0.0086300075
1985-08-11,0.0086300075
1985-08-12,0.0086300075
1985-08-13,0.0086300075
1985-08-14,0.0086300075
1985-08-15,0.0086300075
1985-08-16,0.0086300075
1985-08-17,0.0086300075
1985-08-18,0.0086300075
1985-08-19,0.0086300075
1985-08-20,3.309115
1985-08-21,0.0086300075
1985-08-22,0.0086300075
1985-08-23,0.0086300075
1985-08-24,0.0086300075
1985-08-25,0.0086300075
1985-08-26,4.9593577
1985-08-27,3.2572746
1985-08-28,3.4819164
1985-08-29,0.0086300075
1985-08-30,0.0086300075
1985-08-31,43.26048
1985-09-01,4.3545527
1985-09-02,0.0086300075
1985-09-03,0.23327172
1985-09-04,4.8383965
1985-09-05,0.80351603
1985-09-06,0.0086300075
1985-09-07,0.0086300075
1985-09-08,0.12959093
1985-09-09,0.0086300075
1985-09-10,0.5443141
1985-09-11,2.6870303
1985-09-12,0.0086300075
1985-09-13,0.0086300075
1985-09-14,0.04319027
1985-09-15,0.0086300075
1985-09-16,0.0086300075
1985-09-17,0.0086300075
1985-09-18,0.0086300075
1985-09-19,0.0086300075
1985-09-20,0.0086300075
1985-09-21,0.0086300075
1985-09-22,0.0086300075
1985-09-23,0.0086300075
1985-09-24,0.0086300075
1985-09-25,1.4515109
1985-09-26,0.0086300075
1985-09-27,0.04319027
1985-09-28,7.6204777
1985-09-29,0.02591014
1985-09-30,0.0086300075
1985-10-01,0.0086300075
1985-10-02,0.0086300075
1985-10-03,0.0086300075
1985-10-04,0.0086300075
1985-10-05,0.56159425
1985-10-06,4.371833
1985-10-07,0.0086300075
1985-10-08,0.0086300075
1985-10-09,0.0086300075
1985-10-10,2.4019182
1985-10-11,0.1123108
1985-10-12,0.19871145
1985-10-13,0.56159425
1985-10-14,1.9699149
1985-10-15,2.7215905
1985-10-16,1.4860712
1985-10-17,0.0086300075
1985-10-18,0.0086300075
1985-10-19,1.9353546
1985-10-20,0.2851121
1985-10-21,0.0086300075
1985-10-22,0.0086300075
1985-10-23,0.04319027
1985-10-24,0.02591014
1985-10-25,2.0563154
1985-10-26,0.0086300075
1985-10-27,0.0086300075
1985-10-28,0.095030665
1985-10-29,0.04319027
1985-10-30,0.0086300075
1985-10-31,0.0086300075
1985-11-01,0.12959093
1985-11-02,0.12959093
1985-11-03,0.2851121
1985-11-04,0.0086300075
1985-11-05,1.3651103
1985-11-06,44.081272
1985-11-07,8.02655
1985-11-08,1.0281577
1985-11-09,0.1123108
1985-11-10,16.545595
1985-11-11,12.026871
1985-11-12,0.1123108
1985-11-13,10.5235195
1985-11-14,0.19871145
1985-11-15,15.975351
1985-11-16,0.0086300075
1985-11-17,10.281598
1985-11-18,0.5097538
1985-11-19,0.04319027
1985-11-20,3.568317
1985-11-21,0.0086300075
1985-11-22,0.060470402
1985-11-23,4.510074
1985-11-24,0.19871145
1985-11-25,0.37151277
1985-11-26,0.02591014
1985-11-27,0.060470402
1985-11-28,0.0086300075
1985-11-29,0.0086300075
1985-11-30,0.095030665
1985-12-01,0.02591014
1985-12-02,7.188474
1985-12-03,0.7171154
1985-12-04,0.14687106
1985-12-05,0.0086300075
1985-12-06,0.0086300075
1985-12-07,0.02591014
1985-12-08,0.12959093
1985-12-09,0.0086300075
1985-12-10,0.04319027
1985-12-11,0.0086300075
1985-12-12,3.3955157
1985-12-13,0.665275
1985-12-14,7.1020737
1985-12-15,0.40607303
1985-12-16,0.1123108
1985-12-17,2.63519
1985-12-18,3.6028771
1985-12-19,0.14687106
1985-12-20,0.12959093
1985-12-21,0.02591014
1985-12-22,0.0086300075
1985-12-23,6.108476
1985-12-24,0.02591014
1985-12-25,3.97439
1985-12-26,1.3046198
1985-12-27,2.0908759
1985-12-28,0.02591014
1985-12-29,0.02591014
1985-12-30,0.0086300075
1985-12-31,0.095030665
1986-01-01,0.31967238
1986-01-02,0.0086300075
1986-01-03,7.8278394
1986-01-04,21.12479
1986-01-05,18.912952
1986-01-06,1.3823904
1986-01-07,0.21599159
1986-01-08,0.0086300075
1986-01-09,1.2182392
1986-01-10,0.02591014
1986-01-11,0.665275
1986-01-12,0.37151277
1986-01-13,0.0086300075
1986-01-14,5.417271
1986-01-15,0.04319027
1986-01-16,0.23327172
1986-01-17,0.3887929
1986-01-18,0.26783198
1986-01-19,0.14687106
1986-01-20,20.908798
1986-01-21,0.04319027
1986-01-22,0.6307148
1986-01-23,0.04319027
1986-01-24,0.14687106
1986-01-25,0.02591014
1986-01-26,0.35423264
1986-01-27,5.140789
1986-01-28,11.836789
1986-01-29,0.6479949
1986-01-30,0.1123108
1986-01-31,0.4924737
1986-02-01,0.23327172
1986-02-02,8.8387165
1986-02-03,0.47519356
1986-02-04,0.18143132
1986-02-05,7.637758
1986-02-06,0.25055185
1986-02-07,0.04319027
1986-02-08,0.095030665
1986-02-09,0.0086300075
1986-02-10,0.0086300075
1986-02-11,0.02591014
1986-02-12,0.0086300075
1986-02-13,0.0086300075
1986-02-14,0.0086300075
1986-02-15,2.229117
1986-02-16,0.04319027
1986-02-17,0.0086300075
1986-02-18,0.04319027
1986-02-19,0.02591014
1986-02-20,0.02591014
1986-02-21,0.37151277
1986-02-22,21.340782
1986-02-23,0.19871145
1986-02-24,0.665275
1986-02-25,1.6934328
1986-02-26,4.648315
1986-02-27,0.37151277
1986-02-28,0.02591014
1986-03-01,0.095030665
1986-03-02,0.0086300075
1986-03-03,0.0086300075
1986-03-04,0.04319027
1986-03-05,0.0086300075
1986-03-06,0.02591014
1986-03-07,11.1715145
1986-03-08,1.33055
1986-03-09,0.02591014
1986-03-10,1.4860712
1986-03-11,4.5791945
1986-03-12,0.077750534
1986-03-13,0.0086300075
1986-03-14,3.2745547
1986-03-15,31.311357
1986-03-16,1.1923089
1986-03-17,0.21599159
1986-03-18,0.14687106
1986-03-19,5.5036716
1986-03-20,0.6134346
1986-03-21,0.2851121
1986-03-22,0.0086300075
1986-03-23,0.0086300075
1986-03-24,2.0735958
1986-03-25,0.0086300075
1986-03-26,0.04319027
1986-03-27,1.7971135
1986-03-28,4.216312
1986-03-29,0.0086300075
1986-03-30,0.0086300075
1986-03-31,0.0086300075
1986-04-01,0.0086300075
1986-04-02,0.0086300075
1986-04-03,0.0086300075
1986-04-04,0.0086300075
1986-04-05,0.0086300075
1986-04-06,0.0086300075
1986-04-07,5.3481503
1986-04-08,6.756471
1986-04-09,15.223675
1986-04-10,0.14687106
1986-04-11,0.6307148
1986-04-12,10.497589
1986-04-13,0.1123108
1986-04-14,0.0086300075
1986-04-15,0.0086300075
1986-04-16,0.095030665
1986-04-17,0.5097538
1986-04-18,0.0086300075
1986-04-19,0.0086300075
1986-04-20,0.0086300075
1986-04-21,0.0086300075
1986-04-22,1.062718
1986-04-23,10.601271
1986-04-24,0.9935975
1986-04-25,1.0799981
1986-04-26,0.9071969
1986-04-27,0.37151277
1986-04-28,0.4406333
1986-04-29,0.02591014
1986-04-30,0.0086300075
1986-05-01,0.14687106
1986-05-02,0.25055185
1986-05-03,2.1599963
1986-05-04,0.47519356
1986-05-05,3.689278
1986-05-06,0.75167567
1986-05-07,0.02591014
1986-05-08,0.0086300075
1986-05-09,0.19871145
1986-05-10,0.0086300075
1986-05-11,0.0086300075
1986-05-12,3.4127958
1986-05-13,0.0086300075
1986-05-14,0.0086300075
1986-05-15,0.0086300075
1986-05-16,0.0086300075
1986-05-17,0.75167567
1986-05-18,0.75167567
1986-05-19,0.0086300075
1986-05-20,0.16415119
1986-05-21,0.02591014
1986-05-22,0.02591014
1986-05-23,4.250872
1986-05-24,2.5487893
1986-05-25,1.1491187
1986-05-26,0.04319027
1986-05-27,0.0086300075
1986-05-28,2.0390353
1986-05-29,0.0086300075
1986-05-30,0.04319027
1986-05-31,0.0086300075
1986-06-01,0.19871145
1986-06-02,3.5337567
1986-06-03,0.1123108
1986-06-04,0.0086300075
1986-06-05,0.0086300075
1986-06-06,0.1123108
1986-06-07,0.0086300075
1986-06-08,1.9007944
1986-06-09,0.0086300075
1986-06-10,0.0086300075
1986-06-11,2.125436
1986-06-12,0.0086300075
1986-06-13,1.5206314
1986-06-14,0.8899167
1986-06-15,0.0086300075
1986-06-16,0.0086300075
1986-06-17,0.57887435
1986-06-18,0.0086300075
1986-06-19,2.4451084
1986-06-20,0.0086300075
1986-06-21,0.0086300075
1986-06-22,0.0086300075
1986-06-23,0.0086300075
1986-06-24,0.0086300075
1986-06-25,0.0086300075
1986-06-26,0.0086300075
1986-06-27,0.12959093
1986-06-28,8.164792
1986-06-29,2.488319
1986-06-30,0.18143132
1986-07-01,0.26783198
1986-07-02,7.0675135
1986-07-03,0.12959093
1986-07-04,0.40607303
1986-07-05,0.0086300075
1986-07-06,0.6134346
1986-07-07,2.2982373
1986-07-08,0.26783198
1986-07-09,1.6243123
1986-07-10,0.0086300075
1986-07-11,0.0086300075
1986-07-12,0.0086300075
1986-07-13,0.0086300075
1986-07-14,1.1318386
1986-07-15,0.9071969
1986-07-16,0.45791343
1986-07-17,0.0086300075
1986-07-18,0.0086300075
1986-07-19,1.062718
1986-07-20,0.0086300075
1986-07-21,1.1231885
1986-07-22,0.0086300075
1986-07-23,0.0086300075
1986-07-24,0.0086300075
1986-07-25,0.0086300075
1986-07-26,0.0086300075
1986-07-27,0.23327172
1986-07-28,0.0086300075
1986-07-29,0.30239224
1986-07-30,0.0086300075
1986-07-31,8.182072
1986-08-01,0.47519356
1986-08-02,0.0086300075
1986-08-03,0.0086300075
1986-08-04,0.35423264
1986-08-05,0.0086300075
1986-08-06,0.0086300075
1986-08-07,0.0086300075
1986-08-08,0.0086300075
1986-08-09,13.331511
1986-08-10,0.0086300075
1986-08-11,0.0086300075
1986-08-12,0.0086300075
1986-08-13,0.0086300075
1986-08-14,0.0086300075
1986-08-15,0.0086300075
1986-08-16,0.0086300075
1986-08-17,0.04319027
1986-08-18,0.0086300075
1986-08-19,3.4819164
1986-08-20,2.0735958
1986-08-21,0.0086300075
1986-08-22,0.060470402
1986-08-23,0.02591014
1986-08-24,5.3395004
1986-08-25,4.4236736
1986-08-26,0.5270339
1986-08-27,6.981113
1986-08-28,0.80351603
1986-08-29,0.0086300075
1986-08-30,0.0086300075
1986-08-31,0.0086300075
1986-09-01,0.0086300075
1986-09-02,0.0086300075
1986-09-03,0.0086300075
1986-09-04,0.0086300075
1986-09-05,0.0086300075
1986-09-06,0.0086300075
1986-09-07,0.0086300075
1986-09-08,0.0086300075
1986-09-09,0.0086300075
1986-09-10,0.0086300075
1986-09-11,0.04319027
1986-09-12,0.02591014
1986-09-13,0.4924737
1986-09-14,0.0086300075
1986-09-15,0.0086300075
1986-09-16,1.7452731
1986-09-17,0.0086300075
1986-09-18,0.0086300075
1986-09-19,0.0086300075
1986-09-20,0.0086300075
1986-09-21,0.0086300075
1986-09-22,0.0086300075
1986-09-23,10.281598
1986-09-24,13.17599
1986-09-25,3.9916701
1986-09-26,0.04319027
1986-09-27,0.0086300075
1986-09-28,0.0086300075
1986-09-29,0.0086300075
1986-09-30,12.182392
1986-10-01,1.6415924
1986-10-02,0.0086300075
1986-10-03,0.0086300075
1986-10-04,8.614075
1986-10-05,0.0086300075
1986-10-06,1.4860712
1986-10-07,0.0086300075
1986-10-08,0.0086300075
1986-10-09,0.665275
1986-10-10,0.0086300075
1986-10-11,0.0086300075
1986-10-12,0.0086300075
1986-10-13,0.0086300075
1986-10-14,1.9180745
1986-10-15,1.2355194
1986-10-16,0.0086300075
1986-10-17,0.0086300075
1986-10-18,0.0086300075
1986-10-19,0.0086300075
1986-10-20,0.0086300075
1986-10-21,0.0086300075
1986-10-22,1.1491187
1986-10-23,0.37151277
1986-10-24,0.40607303
1986-10-25,0.0086300075
1986-10-26,0.0086300075
1986-10-27,2.8943918
1986-10-28,0.3369525
1986-10-29,0.1123108
1986-10-30,0.26783198
1986-10-31,0.02591014
1986-11-01,0.0086300075
1986-11-02,3.8879893
1986-11-03,0.0086300075
1986-11-04,0.35423264
1986-11-05,0.0086300075
1986-11-06,13.988156
1986-11-07,0.7171154
1986-11-08,0.04319027
1986-11-09,5.183999
1986-11-10,0.31967238
1986-11-11,1.5551918
1986-11-12,0.2851121
1986-11-13,0.0086300075
1986-11-14,0.02591014
1986-11-15,0.0086300075
1986-11-16,0.04319027
1986-11-17,0.0086300075
1986-11-18,0.30239224
1986-11-19,1.4342308
1986-11-20,0.0086300075
1986-11-21,24.321594
1986-11-22,5.399991
1986-11-23,0.0086300075
1986-11-24,6.0220757
1986-11-25,0.02591014
1986-11-26,0.21599159
1986-11-27,17.608313
1986-11-28,0.0086300075
1986-11-29,0.0086300075
1986-11-30,0.6479949
1986-12-01,0.2851121
1986-12-02,0.0086300075
1986-12-03,27.889912
1986-12-04,0.095030665
1986-12-05,0.31967238
1986-12-06,0.095030665
1986-12-07,0.095030665
1986-12-08,5.0803185
1986-12-09,0.3887929
1986-12-10,12.130551
1986-12-11,0.3369525
1986-12-12,0.42335317
1986-12-13,0.18143132
1986-12-14,0.060470402
1986-12-15,0.095030665
1986-12-16,0.095030665
1986-12-17,0.0086300075
1986-12-18,0.02591014
1986-12-19,9.0115185
1986-12-20,3.1535938
1986-12-21,0.02591014
1986-12-22,0.02591014
1986-12-23,0.060470402
1986-12-24,0.0086300075
1986-12-25,3.8966396
1986-12-26,1.8662341
1986-12-27,0.0086300075
1986-12-28,0.04319027
1986-12-29,0.0086300075
1986-12-30,0.04319027
1986-12-31,0.0086300075
1987-01-01,0.04319027
1987-01-02,28.581116
1987-01-03,9.400311
1987-01-04,0.4406333
1987-01-05,0.0086300075
1987-01-06,0.1123108
1987-01-07,0.6134346
1987-01-08,1.2095891
1987-01-09,0.25055185
1987-01-10,0.060470402
1987-01-11,22.636791
1987-01-12,2.4451084
1987-01-13,0.0086300075
1987-01-14,0.02591014
1987-01-15,0.0086300075
1987-01-16,0.04319027
1987-01-17,0.0086300075
1987-01-18,0.31967238
1987-01-19,6.5836697
1987-01-20,0.060470402
1987-01-21,0.095030665
1987-01-22,0.21599159
1987-01-23,18.143997
1987-01-24,1.1750288
1987-01-25,0.19871145
1987-01-26,0.14687106
1987-01-27,0.0086300075
1987-01-28,0.0086300075
1987-01-29,0.0086300075
1987-01-30,0.060470402
1987-01-31,16.286394
1987-02-01,3.9052696
1987-02-02,0.0086300075
1987-02-03,0.060470402
1987-02-04,0.56159425
1987-02-05,0.095030665
1987-02-06,0.19871145
1987-02-07,0.7171154
1987-02-08,0.02591014
1987-02-09,0.9071969
1987-02-10,20.597755
1987-02-11,0.23327172
1987-02-12,0.12959093
1987-02-13,0.30239224
1987-02-14,0.0086300075
1987-02-15,0.0086300075
1987-02-16,0.3887929
1987-02-17,0.1123108
1987-02-18,0.0086300075
1987-02-19,0.02591014
1987-02-20,0.19871145
1987-02-21,0.21599159
1987-02-22,0.0086300075
1987-02-23,0.0086300075
1987-02-24,0.0086300075
1987-02-25,0.57887435
1987-02-26,0.0086300075
1987-02-27,0.0086300075
1987-02-28,0.0086300075
1987-03-01,0.665275
1987-03-02,28.684797
1987-03-03,5.149439
1987-03-04,0.0086300075
1987-03-05,0.0086300075
1987-03-06,0.0086300075
1987-03-07,0.1123108
1987-03-08,0.26783198
1987-03-09,1.2959898
1987-03-10,0.14687106
1987-03-11,0.0086300075
1987-03-12,0.0086300075
1987-03-13,0.0086300075
1987-03-14,0.0086300075
1987-03-15,0.21599159
1987-03-16,3.1190336
1987-03-17,3.844799
1987-03-18,0.924477
1987-03-19,4.1644716
1987-03-20,1.2527995
1987-03-21,20.770557
1987-03-22,3.049913
1987-03-23,0.0086300075
1987-03-24,0.0086300075
1987-03-25,0.0086300075
1987-03-26,0.04319027
1987-03-27,0.7343955
1987-03-28,0.0086300075
1987-03-29,0.0086300075
1987-03-30,0.0086300075
1987-03-31,0.0086300075
1987-04-01,2.3500779
1987-04-02,1.3218999
1987-04-03,0.0086300075
1987-04-04,0.02591014
1987-04-05,0.5443141
1987-04-06,6.911992
1987-04-07,8.423994
1987-04-08,0.924477
1987-04-09,0.7343955
1987-04-10,0.1123108
1987-04-11,0.0086300075
1987-04-12,0.75167567
1987-04-13,0.095030665
1987-04-14,0.0086300075
1987-04-15,0.0086300075
1987-04-16,0.060470402
1987-04-17,0.3887929
1987-04-18,0.060470402
1987-04-19,0.75167567
1987-04-20,0.0086300075
1987-04-21,0.18143132
1987-04-22,0.21599159
1987-04-23,0.0086300075
1987-04-24,0.0086300075
1987-04-25,0.0086300075
1987-04-26,0.0086300075
1987-04-27,0.0086300075
1987-04-28,0.0086300075
1987-04-29,29.05631
1987-04-30,5.4345512
1987-05-01,0.3887929
1987-05-02,0.0086300075
1987-05-03,0.0086300075
1987-05-04,0.0086300075
1987-05-05,1.3823904
1987-05-06,2.8943918
1987-05-07,2.004475
1987-05-08,0.0086300075
1987-05-09,0.0086300075
1987-05-10,0.0086300075
1987-05-11,0.0086300075
1987-05-12,0.0086300075
1987-05-13,0.04319027
1987-05-14,0.0086300075
1987-05-15,1.0108776
1987-05-16,0.060470402
1987-05-17,0.0086300075
1987-05-18,0.0086300075
1987-05-19,0.0086300075
1987-05-20,0.0086300075
1987-05-21,0.0086300075
1987-05-22,0.0086300075
1987-05-23,5.659193
1987-05-24,0.0086300075
1987-05-25,0.0086300075
1987-05-26,0.0086300075
1987-05-27,0.0086300075
1987-05-28,0.4924737
1987-05-29,0.0086300075
1987-05-30,2.5315092
1987-05-31,0.3887929
1987-06-01,1.3218999
1987-06-02,0.0086300075
1987-06-03,0.0086300075
1987-06-04,0.0086300075
1987-06-05,0.02591014
1987-06-06,2.0735958
1987-06-07,0.7689558
1987-06-08,0.0086300075
1987-06-09,5.7283134
1987-06-10,5.011198
1987-06-11,1.0454379
1987-06-12,5.166719
1987-06-13,4.3027124
1987-06-14,3.6547177
1987-06-15,0.19871145
1987-06-16,0.0086300075
1987-06-17,0.0086300075
1987-06-18,0.6998353
1987-06-19,0.0086300075
1987-06-20,0.0086300075
1987-06-21,0.0086300075
1987-06-22,0.0086300075
1987-06-23,0.0086300075
1987-06-24,0.0086300075
1987-06-25,0.1123108
1987-06-26,0.0086300075
1987-06-27,0.0086300075
1987-06-28,15.327356
1987-06-29,0.0086300075
1987-06-30,0.0086300075
1987-07-01,0.0086300075
1987-07-02,0.0086300075
1987-07-03,0.0086300075
1987-07-04,0.12959093
1987-07-05,0.02591014
1987-07-06,0.0086300075
1987-07-07,0.0086300075
1987-07-08,0.0086300075
1987-07-09,0.060470402
1987-07-10,0.0086300075
1987-07-11,0.0086300075
1987-07-12,0.0086300075
1987-07-13,0.0086300075
1987-07-14,0.0086300075
1987-07-15,0.0086300075
1987-07-16,0.0086300075
1987-07-17,0.0086300075
1987-07-18,0.0086300075
1987-07-19,0.0086300075
1987-07-20,0.0086300075
1987-07-21,0.0086300075
1987-07-22,0.0086300075
1987-07-23,0.0086300075
1987-07-24,0.0086300075
1987-07-25,6.5318294
1987-07-26,4.00895
1987-07-27,0.0086300075
1987-07-28,0.0086300075
1987-07-29,0.0086300075
1987-07-30,0.0086300075
1987-07-31,0.9763174
1987-08-01,0.8899167
1987-08-02,1.0454379
1987-08-03,1.4342308
1987-08-04,8.095672
1987-08-05,0.0086300075
1987-08-06,0.0086300075
1987-08-07,0.0086300075
1987-08-08,0.0086300075
1987-08-09,3.6028771
1987-08-10,0.0086300075
1987-08-11,6.756471
1987-08-12,0.6998353
1987-08-13,0.0086300075
1987-08-14,0.0086300075
1987-08-15,0.0086300075
1987-08-16,0.0086300075
1987-08-17,0.0086300075
1987-08-18,0.95903724
1987-08-19,0.0086300075
1987-08-20,0.060470402
1987-08-21,0.0086300075
1987-08-22,0.0086300075
1987-08-23,0.0086300075
1987-08-24,0.0086300075
1987-08-25,0.0086300075
1987-08-26,0.0086300075
1987-08-27,0.0086300075
1987-08-28,0.0086300075
1987-08-29,1.3046198
1987-08-30,3.723838
1987-08-31,0.0086300075
1987-09-01,5.106229
1987-09-02,0.0086300075
1987-09-03,0.0086300075
1987-09-04,0.0086300075
1987-09-05,0.0086300075
1987-09-06,0.0086300075
1987-09-07,0.0086300075
1987-09-08,0.0086300075
1987-09-09,3.049913
1987-09-10,0.6307148
1987-09-11,0.31967238
1987-09-12,0.0086300075
1987-09-13,0.0086300075
1987-09-14,2.7734308
1987-09-15,0.0086300075
1987-09-16,0.0086300075
1987-09-17,0.87263656
1987-09-18,0.0086300075
1987-09-19,0.0086300075
1987-09-20,5.797434
1987-09-21,51.40799
1987-09-22,14.895352
1987-09-23,1.8662341
1987-09-24,1.1491187
1987-09-25,0.0086300075
1987-09-26,2.7907112
1987-09-27,0.0086300075
1987-09-28,0.0086300075
1987-09-29,0.0086300075
1987-09-30,0.18143132
1987-10-01,10.126077
1987-10-02,0.2851121
1987-10-03,0.5270339
1987-10-04,16.407354
1987-10-05,0.7171154
1987-10-06,0.04319027
1987-10-07,0.02591014
1987-10-08,0.9071969
1987-10-09,0.0086300075
1987-10-10,0.0086300075
1987-10-11,0.45791343
1987-10-12,0.0086300075
1987-10-13,0.0086300075
1987-10-14,0.0086300075
1987-10-15,0.0086300075
1987-10-16,0.0086300075
1987-10-17,0.02591014
1987-10-18,2.4451084
1987-10-19,0.0086300075
1987-10-20,0.04319027
1987-10-21,0.26783198
1987-10-22,3.95711
1987-10-23,1.062718
1987-10-24,5.7628736
1987-10-25,3.2227144
1987-10-26,0.0086300075
1987-10-27,0.0086300075
1987-10-28,2.6611
1987-10-29,1.5551918
1987-10-30,0.04319027
1987-10-31,5.676473
1987-11-01,0.1123108
1987-11-02,0.0086300075
1987-11-03,1.8662341
1987-11-04,0.56159425
1987-11-05,0.060470402
1987-11-06,0.060470402
1987-11-07,0.30239224
1987-11-08,0.30239224
1987-11-09,0.095030665
1987-11-10,0.0086300075
1987-11-11,2.2636771
1987-11-12,30.32639
1987-11-13,0.0086300075
1987-11-14,0.060470402
1987-11-15,0.060470402
1987-11-16,0.0086300075
1987-11-17,0.12959093
1987-11-18,1.2095891
1987-11-19,0.0086300075
1987-11-20,8.354874
1987-11-21,9.659513
1987-11-22,6.479989
1987-11-23,0.02591014
1987-11-24,0.060470402
1987-11-25,0.04319027
1987-11-26,17.729275
1987-11-27,5.5036716
1987-11-28,0.14687106
1987-11-29,0.0086300075
1987-11-30,8.337593
1987-12-01,28.408316
1987-12-02,0.16415119
1987-12-03,0.56159425
1987-12-04,0.0086300075
1987-12-05,8.182072
1987-12-06,2.8425515
1987-12-07,0.0086300075
1987-12-08,0.0086300075
1987-12-09,0.31967238
1987-12-10,6.63551
1987-12-11,16.925758
1987-12-12,10.428469
1987-12-13,0.40607303
1987-12-14,0.060470402
1987-12-15,0.1123108
1987-12-16,16.303673
1987-12-17,8.164792
1987-12-18,0.3887929
1987-12-19,0.6479949
1987-12-20,1.8662341
1987-12-21,7.0675135
1987-12-22,0.0086300075
1987-12-23,0.0086300075
1987-12-24,0.3887929
1987-12-25,12.216952
1987-12-26,0.37151277
1987-12-27,0.0086300075
1987-12-28,0.14687106
1987-12-29,0.56159425
1987-12-30,1.5033513
1987-12-31,0.18143132
1988-01-01,1.3823904
1988-01-02,0.1123108
1988-01-03,0.1123108
1988-01-04,12.009591
1988-01-05,1.5551918
1988-01-06,0.1123108
1988-01-07,0.0086300075
1988-01-08,0.02591014
1988-01-09,18.247679
1988-01-10,0.095030665
1988-01-11,0.02591014
1988-01-12,0.04319027
1988-01-13,1.2787097
1988-01-14,0.6307148
1988-01-15,0.02591014
1988-01-16,0.12959093
1988-01-17,0.0086300075
1988-01-18,1.5724719
1988-01-19,5.2271895
1988-01-20,0.6479949
1988-01-21,3.7843087
1988-01-22,0.3887929
1988-01-23,0.04319027
1988-01-24,0.0086300075
1988-01-25,0.0086300075
1988-01-26,24.598076
1988-01-27,0.31967238
1988-01-28,0.0086300075
1988-01-29,0.0086300075
1988-01-30,2.6179097
1988-01-31,0.47519356
1988-02-01,0.2851121
1988-02-02,9.676793
1988-02-03,0.02591014
1988-02-04,14.351039
1988-02-05,14.895352
1988-02-06,0.14687106
1988-02-07,0.060470402
1988-02-08,2.7215905
1988-02-09,0.0086300075
1988-02-10,0.4924737
1988-02-11,0.0086300075
1988-02-12,10.9987135
1988-02-13,38.638073
1988-02-14,0.3887929
1988-02-15,0.12959093
1988-02-16,15.327356
1988-02-17,0.1123108
1988-02-18,0.19871145
1988-02-19,0.0086300075
1988-02-20,9.115199
1988-02-21,0.7862359
1988-02-22,0.7171154
1988-02-23,0.18143132
1988-02-24,0.6307148
1988-02-25,0.19871145
1988-02-26,0.04319027
1988-02-27,0.02591014
1988-02-28,0.04319027
1988-02-29,0.0086300075
1988-03-01,0.0086300075
1988-03-02,0.12959093
1988-03-03,0.68255514
1988-03-04,3.8966396
1988-03-05,2.0735958
1988-03-06,0.0086300075
1988-03-07,0.0086300075
1988-03-08,0.0086300075
1988-03-09,0.0086300075
1988-03-10,0.7343955
1988-03-11,0.37151277
1988-03-12,0.0086300075
1988-03-13,0.0086300075
1988-03-14,0.0086300075
1988-03-15,0.02591014
1988-03-16,0.12959093
1988-03-17,0.0086300075
1988-03-18,0.0086300075
1988-03-19,0.0086300075
1988-03-20,0.5443141
1988-03-21,1.1059083
1988-03-22,0.18143132
1988-03-23,0.0086300075
1988-03-24,1.2355194
1988-03-25,0.0086300075
1988-03-26,0.6479949
1988-03-27,9.26207
1988-03-28,1.987195
1988-03-29,0.18143132
1988-03-30,0.02591014
1988-03-31,0.0086300075
1988-04-01,0.0086300075
1988-04-02,0.0086300075
1988-04-03,0.0086300075
1988-04-04,0.7171154
1988-04-05,2.5919995
1988-04-06,0.25055185
1988-04-07,5.33087
1988-04-08,1.589752
1988-04-09,1.9353546
1988-04-10,6.1257563
1988-04-11,5.140789
1988-04-12,0.9935975
1988-04-13,0.1123108
1988-04-14,0.02591014
1988-04-15,0.0086300075
1988-04-16,13.642553
1988-04-17,3.585597
1988-04-18,0.665275
1988-04-19,3.8015888
1988-04-20,1.0799981
1988-04-21,0.21599159
1988-04-22,1.9699149
1988-04-23,0.95903724
1988-04-24,4.5446343
1988-04-25,6.0393558
1988-04-26,0.85535645
1988-04-27,0.0086300075
1988-04-28,0.0086300075
1988-04-29,7.9228697
1988-04-30,0.87263656
1988-05-01,0.3887929
1988-05-02,0.47519356
1988-05-03,4.3545527
1988-05-04,10.9987135
1988-05-05,0.02591014
1988-05-06,0.0086300075
1988-05-07,0.0086300075
1988-05-08,0.0086300075
1988-05-09,0.0086300075
1988-05-10,0.0086300075
1988-05-11,0.9071969
1988-05-12,1.7107129
1988-05-13,0.02591014
1988-05-14,0.02591014
1988-05-15,0.0086300075
1988-05-16,0.0086300075
1988-05-17,2.367358
1988-05-18,1.468791
1988-05-19,0.68255514
1988-05-20,1.1663988
1988-05-21,0.665275
1988-05-22,0.0086300075
1988-05-23,0.095030665
1988-05-24,0.31967238
1988-05-25,4.250872
1988-05-26,2.6611
1988-05-27,0.0086300075
1988-05-28,0.0086300075
1988-05-29,0.0086300075
1988-05-30,0.0086300075
1988-05-31,2.8771117
1988-06-01,0.0086300075
1988-06-02,2.911672
1988-06-03,0.3887929
1988-06-04,0.0086300075
1988-06-05,0.0086300075
1988-06-06,1.6243123
1988-06-07,3.8707092
1988-06-08,0.0086300075
1988-06-09,0.0086300075
1988-06-10,0.0086300075
1988-06-11,0.0086300075
1988-06-12,0.0086300075
1988-06-13,0.0086300075
1988-06-14,0.0086300075
1988-06-15,0.0086300075
1988-06-16,0.0086300075
1988-06-17,0.0086300075
1988-06-18,0.4924737
1988-06-19,0.0086300075
1988-06-20,0.0086300075
1988-06-21,0.0086300075
1988-06-22,0.0086300075
1988-06-23,2.6697502
1988-06-24,0.0086300075
1988-06-25,0.0086300075
1988-06-26,0.26783198
1988-06-27,0.0086300075
1988-06-28,0.0086300075
1988-06-29,0.0086300075
1988-06-30,0.02591014
1988-07-01,1.4515109
1988-07-02,0.0086300075
1988-07-03,0.4406333
1988-07-04,0.0086300075
1988-07-05,0.0086300075
1988-07-06,0.0086300075
1988-07-07,0.0086300075
1988-07-08,0.0086300075
1988-07-09,0.0086300075
1988-07-10,0.0086300075
1988-07-11,0.12959093
1988-07-12,1.1750288
1988-07-13,0.0086300075
1988-07-14,0.0086300075
1988-07-15,0.7171154
1988-07-16,0.0086300075
1988-07-17,0.4406333
1988-07-18,0.2851121
1988-07-19,0.0086300075
1988-07-20,0.02591014
1988-07-21,0.0086300075
1988-07-22,5.417271
1988-07-23,0.04319027
1988-07-24,0.12959093
1988-07-25,3.9311998
1988-07-26,0.1123108
1988-07-27,0.02591014
1988-07-28,1.062718
1988-07-29,3.689278
1988-07-30,0.35423264
1988-07-31,7.784629
1988-08-01,0.56159425
1988-08-02,0.0086300075
1988-08-03,0.0086300075
1988-08-04,0.0086300075
1988-08-05,0.0086300075
1988-08-06,0.0086300075
1988-08-07,0.18143132
1988-08-08,8.251192
1988-08-09,0.04319027
1988-08-10,0.0086300075
1988-08-11,0.0086300075
1988-08-12,0.1123108
1988-08-13,0.0086300075
1988-08-14,0.0086300075
1988-08-15,16.355515
1988-08-16,5.123509
1988-08-17,1.0108776
1988-08-18,0.0086300075
1988-08-19,0.0086300075
1988-08-20,0.0086300075
1988-08-21,0.0086300075
1988-08-22,0.0086300075
1988-08-23,0.0086300075
1988-08-24,0.0086300075
1988-08-25,3.9916701
1988-08-26,2.004475
1988-08-27,0.0086300075
1988-08-28,0.0086300075
1988-08-29,0.4924737
1988-08-30,0.0086300075
1988-08-31,0.0086300075
1988-09-01,0.0086300075
1988-09-02,0.0086300075
1988-09-03,0.0086300075
1988-09-04,0.0086300075
1988-09-05,7.153914
1988-09-06,0.0086300075
1988-09-07,0.0086300075
1988-09-08,0.0086300075
1988-09-09,0.0086300075
1988-09-10,0.19871145
1988-09-11,0.0086300075
1988-09-12,0.0086300075
1988-09-13,0.7862359
1988-09-14,0.8899167
1988-09-15,0.060470402
1988-09-16,0.02591014
1988-09-17,0.0086300075
1988-09-18,3.309115
1988-09-19,7.9574304
1988-09-20,0.060470402
1988-09-21,0.3887929
1988-09-22,0.02591014
1988-09-23,0.0086300075
1988-09-24,0.060470402
1988-09-25,0.0086300075
1988-09-26,0.0086300075
1988-09-27,0.0086300075
1988-09-28,0.6307148
1988-09-29,0.04319027
1988-09-30,0.0086300075
1988-10-01,0.0086300075
1988-10-02,0.0086300075
1988-10-03,0.02591014
1988-10-04,4.250872
1988-10-05,19.76831
1988-10-06,2.246397
1988-10-07,0.02591014
1988-10-08,17.556473
1988-10-09,13.607993
1988-10-10,0.7171154
1988-10-11,5.183999
1988-10-12,0.4406333
1988-10-13,0.18143132
1988-10-14,0.060470402
1988-10-15,0.0086300075
1988-10-16,0.0086300075
1988-10-17,0.0086300075
1988-10-18,0.0086300075
1988-10-19,0.80351603
1988-10-20,11.5171175
1988-10-21,0.0086300075
1988-10-22,6.5059195
1988-10-23,10.281598
1988-10-24,0.7343955
1988-10-25,10.212478
1988-10-26,0.7171154
1988-10-27,5.27038
1988-10-28,0.095030665
1988-10-29,1.8662341
1988-10-30,0.0086300075
1988-10-31,0.19871145
1988-11-01,0.0086300075
1988-11-02,44.729267
1988-11-03,2.5919995
1988-11-04,0.45791343
1988-11-05,0.04319027
1988-11-06,1.4860712
1988-11-07,0.12959093
1988-11-08,0.19871145
1988-11-09,1.5724719
1988-11-10,0.02591014
1988-11-11,0.7862359
1988-11-12,0.14687106
1988-11-13,0.1123108
1988-11-14,9.037428
1988-11-15,2.108156
1988-11-16,0.04319027
1988-11-17,6.6700706
1988-11-18,0.4924737
1988-11-19,0.19871145
1988-11-20,2.4451084
1988-11-21,28.598396
1988-11-22,2.3155174
1988-11-23,0.04319027
1988-11-24,0.060470402
1988-11-25,0.04319027
1988-11-26,0.095030665
1988-11-27,0.40607303
1988-11-28,26.326069
1988-11-29,9.538552
1988-11-30,0.21599159
1988-12-01,2.5574393
1988-12-02,0.0086300075
1988-12-03,1.3218999
1988-12-04,0.19871145
1988-12-05,0.31967238
1988-12-06,0.19871145
1988-12-07,1.6588725
1988-12-08,0.23327172
1988-12-09,0.19871145
1988-12-10,0.21599159
1988-12-11,0.665275
1988-12-12,0.0086300075
1988-12-13,0.04319027
1988-12-14,0.02591014
1988-12-15,1.3823904
1988-12-16,0.095030665
1988-12-17,0.095030665
1988-12-18,3.2745547
1988-12-19,0.060470402
1988-12-20,0.26783198
1988-12-21,0.0086300075
1988-12-22,0.0086300075
1988-12-23,0.21599159
1988-12-24,3.3436754
1988-12-25,15.119994
1988-12-26,0.80351603
1988-12-27,0.12959093
1988-12-28,10.367998
1988-12-29,10.212478
1988-12-30,0.060470402
1988-12-31,0.85535645
1989-01-01,0.0086300075
1989-01-02,0.02591014
1989-01-03,1.4515109
1989-01-04,0.02591014
1989-01-05,0.18143132
1989-01-06,0.060470402
1989-01-07,0.0086300075
1989-01-08,2.1772764
1989-01-09,0.0086300075
1989-01-10,0.4924737
1989-01-11,0.2851121
1989-01-12,0.14687106
1989-01-13,4.9593577
1989-01-14,0.12959093
1989-01-15,5.417271
1989-01-16,0.0086300075
1989-01-17,0.665275
1989-01-18,1.8835142
1989-01-19,1.0108776
1989-01-20,1.0454379
1989-01-21,7.188474
1989-01-22,0.02591014
1989-01-23,0.0086300075
1989-01-24,0.0086300075
1989-01-25,0.0086300075
1989-01-26,7.1020737
1989-01-27,4.0435104
1989-01-28,0.0086300075
1989-01-29,0.5097538
1989-01-30,0.12959093
1989-01-31,0.12959093
1989-02-01,0.02591014
1989-02-02,0.0086300075
1989-02-03,5.9875154
1989-02-04,0.02591014
1989-02-05,0.0086300075
1989-02-06,0.87263656
1989-02-07,0.6134346
1989-02-08,0.7689558
1989-02-09,1.2355194
1989-02-10,0.19871145
1989-02-11,0.6479949
1989-02-12,0.0086300075
1989-02-13,0.0086300075
1989-02-14,10.62718
1989-02-15,5.0630383
1989-02-16,2.6611
1989-02-17,0.095030665
1989-02-18,0.0086300075
1989-02-19,0.095030665
1989-02-20,0.12959093
1989-02-21,9.676793
1989-02-22,15.975351
1989-02-23,1.5379117
1989-02-24,0.02591014
1989-02-25,16.286394
1989-02-26,2.0563154
1989-02-27,0.75167567
1989-02-28,0.060470402
1989-03-01,0.04319027
1989-03-02,0.37151277
1989-03-03,0.0086300075
1989-03-04,0.14687106
1989-03-05,2.3327975
1989-03-06,4.976638
1989-03-07,0.19871145
1989-03-08,0.0086300075
1989-03-09,0.02591014
1989-03-10,0.0086300075
1989-03-11,0.0086300075
1989-03-12,4.8729568
1989-03-13,0.26783198
1989-03-14,0.04319027
1989-03-15,2.7907112
1989-03-16,0.0086300075
1989-03-17,0.02591014
1989-03-18,4.4236736
1989-03-19,2.6438198
1989-03-20,0.0086300075
1989-03-21,16.303673
1989-03-22,0.04319027
1989-03-23,0.0086300075
1989-03-24,0.04319027
1989-03-25,19.241276
1989-03-26,0.4924737
1989-03-27,0.02591014
1989-03-28,0.14687106
1989-03-29,0.4924737
1989-03-30,1.8316739
1989-03-31,12.527995
1989-04-01,4.8211164
1989-04-02,0.12959093
1989-04-03,0.47519356
1989-04-04,4.492794
1989-04-05,2.2809572
1989-04-06,0.83807635
1989-04-07,3.309115
1989-04-08,14.895352
1989-04-09,0.3887929
1989-04-10,0.0086300075
1989-04-11,0.0086300075
1989-04-12,0.060470402
1989-04-13,0.0086300075
1989-04-14,0.30239224
1989-04-15,1.6415924
1989-04-16,9.521272
1989-04-17,12.303353
1989-04-18,0.18143132
1989-04-19,1.1663988
1989-04-20,0.2851121
1989-04-21,0.095030665
1989-04-22,2.1772764
1989-04-23,2.7561507
1989-04-24,0.35423264
1989-04-25,5.9011145
1989-04-26,2.3155174
1989-04-27,0.6307148
1989-04-28,0.6134346
1989-04-29,0.0086300075
1989-04-30,0.0086300075
1989-05-01,0.0086300075
1989-05-02,3.585597
1989-05-03,0.9763174
1989-05-04,0.8899167
1989-05-05,0.0086300075
1989-05-06,0.95903724
1989-05-07,5.3481503
1989-05-08,0.924477
1989-05-09,0.0086300075
1989-05-10,0.0086300075
1989-05-11,2.0735958
1989-05-12,0.6479949
1989-05-13,4.250872
1989-05-14,9.452151
1989-05-15,0.0086300075
1989-05-16,0.0086300075
1989-05-17,0.0086300075
1989-05-18,0.0086300075
1989-05-19,0.0086300075
1989-05-20,0.0086300075
1989-05-21,0.0086300075
1989-05-22,0.0086300075
1989-05-23,0.0086300075
1989-05-24,0.0086300075
1989-05-25,3.7583985
1989-05-26,0.4406333
1989-05-27,0.7862359
1989-05-28,2.5574393
1989-05-29,0.0086300075
1989-05-30,0.4406333
1989-05-31,4.8729568
1989-06-01,0.02591014
1989-06-02,0.9071969
1989-06-03,6.2985578
1989-06-04,0.19871145
1989-06-05,0.19871145
1989-06-06,0.18143132
1989-06-07,0.14687106
1989-06-08,2.1772764
1989-06-09,0.31967238
1989-06-10,14.687991
1989-06-11,5.27038
1989-06-12,3.2572746
1989-06-13,0.0086300075
1989-06-14,0.0086300075
1989-06-15,0.0086300075
1989-06-16,5.183999
1989-06-17,0.31967238
1989-06-18,1.8143938
1989-06-19,0.0086300075
1989-06-20,0.0086300075
1989-06-21,1.9699149
1989-06-22,0.0086300075
1989-06-23,0.0086300075
1989-06-24,0.02591014
1989-06-25,0.060470402
1989-06-26,0.0086300075
1989-06-27,0.4406333
1989-06-28,0.0086300075
1989-06-29,0.0086300075
1989-06-30,0.0086300075
1989-07-01,0.0086300075
1989-07-02,0.85535645
1989-07-03,0.18143132
1989-07-04,0.0086300075
1989-07-05,0.0086300075
1989-07-06,0.0086300075
1989-07-07,2.911672
1989-07-08,0.14687106
1989-07-09,0.02591014
1989-07-10,2.4451084
1989-07-11,18.44639
1989-07-12,0.9417571
1989-07-13,0.4924737
1989-07-14,0.0086300075
1989-07-15,0.0086300075
1989-07-16,0.0086300075
1989-07-17,3.6028771
1989-07-18,0.40607303
1989-07-19,0.0086300075
1989-07-20,0.0086300075
1989-07-21,0.0086300075
1989-07-22,0.0086300075
1989-07-23,0.0086300075
1989-07-24,0.0086300075
1989-07-25,0.0086300075
1989-07-26,0.0086300075
1989-07-27,1.2182392
1989-07-28,15.707519
1989-07-29,2.0908759
1989-07-30,4.631035
1989-07-31,0.7343955
1989-08-01,0.0086300075
1989-08-02,0.0086300075
1989-08-03,0.0086300075
1989-08-04,0.0086300075
1989-08-05,0.0086300075
1989-08-06,4.8211164
1989-08-07,1.848954
1989-08-08,0.02591014
1989-08-09,0.0086300075
1989-08-10,0.0086300075
1989-08-11,0.0086300075
1989-08-12,0.0086300075
1989-08-13,0.0086300075
1989-08-14,0.26783198
1989-08-15,0.0086300075
1989-08-16,1.1750288
1989-08-17,0.0086300075
1989-08-18,0.0086300075
1989-08-19,0.0086300075
1989-08-20,0.0086300075
1989-08-21,4.8383965
1989-08-22,9.21023
1989-08-23,2.7215905
1989-08-24,0.0086300075
1989-08-25,0.0086300075
1989-08-26,0.0086300075
1989-08-27,0.0086300075
1989-08-28,0.0086300075
1989-08-29,0.0086300075
1989-08-30,2.514229
1989-08-31,0.47519356
1989-09-01,0.1123108
1989-09-02,3.5164766
1989-09-03,0.0086300075
1989-09-04,0.0086300075
1989-09-05,0.0086300075
1989-09-06,0.0086300075
1989-09-07,0.0086300075
1989-09-08,0.0086300075
1989-09-09,0.0086300075
1989-09-10,0.0086300075
1989-09-11,0.0086300075
1989-09-12,0.0086300075
1989-09-13,0.0086300075
1989-09-14,0.0086300075
1989-09-15,6.61823
1989-09-16,0.0086300075
1989-09-17,7.430396
1989-09-18,0.060470402
1989-09-19,0.0086300075
1989-09-20,0.31967238
1989-09-21,0.0086300075
1989-09-22,0.0086300075
1989-09-23,1.3823904
1989-09-24,0.18143132
1989-09-25,0.0086300075
1989-09-26,12.009591
1989-09-27,0.56159425
1989-09-28,0.0086300075
1989-09-29,0.0086300075
1989-09-30,0.0086300075
1989-10-01,0.0086300075
1989-10-02,0.0086300075
1989-10-03,2.5919995
1989-10-04,0.4406333
1989-10-05,0.45791343
1989-10-06,2.1772764
1989-10-07,0.18143132
1989-10-08,0.02591014
1989-10-09,0.0086300075
1989-10-10,0.0086300075
1989-10-11,20.027512
1989-10-12,3.7843087
1989-10-13,0.04319027
1989-10-14,0.0086300075
1989-10-15,0.0086300075
1989-10-16,0.0086300075
1989-10-17,0.5270339
1989-10-18,13.21055
1989-10-19,0.80351603
1989-10-20,0.21599159
1989-10-21,2.9289522
1989-10-22,0.0086300075
1989-10-23,0.0086300075
1989-10-24,0.0086300075
1989-10-25,0.0086300075
1989-10-26,0.0086300075
1989-10-27,0.02591014
1989-10-28,0.12959093
1989-10-29,0.02591014
1989-10-30,0.0086300075
1989-10-31,0.0086300075
1989-11-01,6.367678
1989-11-02,0.0086300075
1989-11-03,8.4067135
1989-11-04,6.6700706
1989-11-05,0.0086300075
1989-11-06,0.04319027
1989-11-07,0.04319027
1989-11-08,0.095030665
1989-11-09,7.801909
1989-11-10,1.0799981
1989-11-11,0.02591014
1989-11-12,2.4019182
1989-11-13,0.14687106
1989-11-14,3.430076
1989-11-15,1.5551918
1989-11-16,2.367358
1989-11-17,1.1491187
1989-11-18,1.3218999
1989-11-19,1.33055
1989-11-20,6.894712
1989-11-21,21.504953
1989-11-22,0.0086300075
1989-11-23,0.9935975
1989-11-24,0.02591014
1989-11-25,0.02591014
1989-11-26,1.5033513
1989-11-27,0.077750534
1989-11-28,8.337593
1989-11-29,0.45791343
1989-11-30,0.5443141
1989-12-01,0.85535645
1989-12-02,0.0086300075
1989-12-03,17.781115
1989-12-04,1.1923089
1989-12-05,0.47519356
1989-12-06,0.04319027
1989-12-07,10.497589
1989-12-08,0.02591014
1989-12-09,0.04319027
1989-12-10,0.0086300075
1989-12-11,0.0086300075
1989-12-12,0.0086300075
1989-12-13,0.0086300075
1989-12-14,0.1123108
1989-12-15,0.060470402
1989-12-16,9.080639
1989-12-17,1.6588725
1989-12-18,0.095030665
1989-12-19,0.19871145
1989-12-20,0.23327172
1989-12-21,0.16415119
1989-12-22,0.060470402
1989-12-23,0.19871145
1989-12-24,0.2851121
1989-12-25,0.5443141
1989-12-26,1.1059083
1989-12-27,0.8899167
1989-12-28,0.924477
1989-12-29,0.02591014
1989-12-30,0.14687106
1989-12-31,2.7043104
1990-01-01,19.396797
1990-01-02,0.4924737
1990-01-03,0.5443141
1990-01-04,0.18143132
1990-01-05,1.3823904
1990-01-06,1.0281577
1990-01-07,0.8899167
1990-01-08,1.4515109
1990-01-09,0.060470402
1990-01-10,6.8255916
1990-01-11,4.8383965
1990-01-12,1.9699149
1990-01-13,0.37151277
1990-01-14,0.35423264
1990-01-15,0.8207962
1990-01-16,1.3651103
1990-01-17,0.21599159
1990-01-18,0.30239224
1990-01-19,0.04319027
1990-01-20,0.3887929
1990-01-21,0.4924737
1990-01-22,1.2959898
1990-01-23,2.7388706
1990-01-24,3.3955157
1990-01-25,0.83807635
1990-01-26,6.6873507
1990-01-27,4.665595
1990-01-28,0.0086300075
1990-01-29,0.30239224
1990-01-30,39.53664
1990-01-31,0.21599159
1990-02-01,0.0086300075
1990-02-02,0.04319027
1990-02-03,0.04319027
1990-02-04,3.7843087
1990-02-05,0.35423264
1990-02-06,0.9763174
1990-02-07,0.0086300075
1990-02-08,0.0086300075
1990-02-09,0.18143132
1990-02-10,21.660475
1990-02-11,0.060470402
1990-02-12,0.060470402
1990-02-13,1.1491187
1990-02-14,1.8662341
1990-02-15,0.02591014
1990-02-16,7.171194
1990-02-17,3.1708739
1990-02-18,0.0086300075
1990-02-19,0.18143132
1990-02-20,2.9635124
1990-02-21,0.02591014
1990-02-22,0.04319027
1990-02-23,14.368319
1990-02-24,21.280312
1990-02-25,0.095030665
1990-02-26,0.0086300075
1990-02-27,0.45791343
1990-02-28,2.0908759
1990-03-01,0.12959093
1990-03-02,0.02591014
1990-03-03,0.02591014
1990-03-04,0.060470402
1990-03-05,0.1123108
1990-03-06,0.02591014
1990-03-07,0.0086300075
1990-03-08,0.0086300075
1990-03-09,0.0086300075
1990-03-10,0.02591014
1990-03-11,0.0086300075
1990-03-12,0.0086300075
1990-03-13,0.095030665
1990-03-14,0.04319027
1990-03-15,9.434872
1990-03-16,0.21599159
1990-03-17,0.85535645
1990-03-18,3.9311998
1990-03-19,0.0086300075
1990-03-20,1.7107129
1990-03-21,7.7327886
1990-03-22,0.04319027
1990-03-23,1.3996706
1990-03-24,0.04319027
1990-03-25,0.30239224
1990-03-26,0.02591014
1990-03-27,0.12959093
1990-03-28,0.75167567
1990-03-29,0.37151277
1990-03-30,0.0086300075
1990-03-31,10.298878
1990-04-01,4.6828756
1990-04-02,2.4623885
1990-04-03,0.18143132
1990-04-04,8.8387165
1990-04-05,0.7171154
1990-04-06,0.0086300075
1990-04-07,4.0953507
1990-04-08,0.23327172
1990-04-09,0.0086300075
1990-04-10,1.9180745
1990-04-11,24.98687
1990-04-12,2.384638
1990-04-13,0.21599159
1990-04-14,0.0086300075
1990-04-15,0.665275
1990-04-16,1.7107129
1990-04-17,0.14687106
1990-04-18,5.9356747
1990-04-19,0.1123108
1990-04-20,0.0086300075
1990-04-21,10.3507185
1990-04-22,0.19871145
1990-04-23,0.0086300075
1990-04-24,0.37151277
1990-04-25,0.0086300075
1990-04-26,0.0086300075
1990-04-27,0.18143132
1990-04-28,0.04319027
1990-04-29,0.0086300075
1990-04-30,0.0086300075
1990-05-01,0.35423264
1990-05-02,2.505599
1990-05-03,0.0086300075
1990-05-04,0.0086300075
1990-05-05,8.233912
1990-05-06,2.7215905
1990-05-07,1.8316739
1990-05-08,2.004475
1990-05-09,0.0086300075
1990-05-10,0.14687106
1990-05-11,3.4991965
1990-05-12,0.2851121
1990-05-13,2.5747194
1990-05-14,23.137915
1990-05-15,0.0086300075
1990-05-16,0.19871145
1990-05-17,0.0086300075
1990-05-18,14.774392
1990-05-19,2.8079913
1990-05-20,0.7689558
1990-05-21,1.0799981
1990-05-22,0.21599159
1990-05-23,11.793599
1990-05-24,4.216312
1990-05-25,0.0086300075
1990-05-26,0.0086300075
1990-05-27,0.0086300075
1990-05-28,0.0086300075
1990-05-29,0.04319027
1990-05-30,33.989758
1990-05-31,0.0086300075
1990-06-01,0.0086300075
1990-06-02,0.0086300075
1990-06-03,0.060470402
1990-06-04,2.1427162
1990-06-05,0.0086300075
1990-06-06,0.0086300075
1990-06-07,3.8707092
1990-06-08,0.0086300075
1990-06-09,0.0086300075
1990-06-10,0.095030665
1990-06-11,0.0086300075
1990-06-12,0.0086300075
1990-06-13,0.0086300075
1990-06-14,0.0086300075
1990-06-15,0.0086300075
1990-06-16,0.060470402
1990-06-17,0.02591014
1990-06-18,0.0086300075
1990-06-19,0.0086300075
1990-06-20,1.1663988
1990-06-21,0.16415119
1990-06-22,1.0281577
1990-06-23,0.095030665
1990-06-24,4.8383965
1990-06-25,0.21599159
1990-06-26,0.095030665
1990-06-27,0.0086300075
1990-06-28,2.4019182
1990-06-29,0.0086300075
1990-06-30,0.83807635
1990-07-01,0.0086300075
1990-07-02,0.0086300075
1990-07-03,0.0086300075
1990-07-04,0.04319027
1990-07-05,0.0086300075
1990-07-06,0.0086300075
1990-07-07,0.0086300075
1990-07-08,0.0086300075
1990-07-09,5.4863915
1990-07-10,6.721911
1990-07-11,0.0086300075
1990-07-12,0.0086300075
1990-07-13,0.0086300075
1990-07-14,0.0086300075
1990-07-15,0.0086300075
1990-07-16,0.0086300075
1990-07-17,0.0086300075
1990-07-18,0.0086300075
1990-07-19,0.21599159
1990-07-20,0.0086300075
1990-07-21,0.0086300075
1990-07-22,0.0086300075
1990-07-23,0.0086300075
1990-07-24,3.4127958
1990-07-25,8.130232
1990-07-26,2.1427162
1990-07-27,8.769596
1990-07-28,4.3891134
1990-07-29,0.060470402
1990-07-30,0.0086300075
1990-07-31,0.0086300075
1990-08-01,7.8451195
1990-08-02,1.9353546
1990-08-03,0.0086300075
1990-08-04,5.29631
1990-08-05,0.0086300075
1990-08-06,0.0086300075
1990-08-07,0.0086300075
1990-08-08,0.0086300075
1990-08-09,0.0086300075
1990-08-10,0.0086300075
1990-08-11,0.0086300075
1990-08-12,4.734716
1990-08-13,0.0086300075
1990-08-14,6.2812777
1990-08-15,0.37151277
1990-08-16,0.0086300075
1990-08-17,0.0086300075
1990-08-18,0.0086300075
1990-08-19,0.3887929
1990-08-20,0.0086300075
1990-08-21,0.0086300075
1990-08-22,0.0086300075
1990-08-23,0.0086300075
1990-08-24,0.0086300075
1990-08-25,0.0086300075
1990-08-26,0.0086300075
1990-08-27,0.0086300075
1990-08-28,3.0326328
1990-08-29,6.4022384
1990-08-30,0.87263656
1990-08-31,0.0086300075
1990-09-01,0.0086300075
1990-09-02,0.35423264
1990-09-03,2.9635124
1990-09-04,0.0086300075
1990-09-05,0.0086300075
1990-09-06,0.0086300075
1990-09-07,1.9180745
1990-09-08,5.4691114
1990-09-09,0.0086300075
1990-09-10,0.0086300075
1990-09-11,0.0086300075
1990-09-12,0.0086300075
1990-09-13,0.0086300075
1990-09-14,0.0086300075
1990-09-15,4.9420776
1990-09-16,2.5747194
1990-09-17,0.0086300075
1990-09-18,0.0086300075
1990-09-19,0.0086300075
1990-09-20,3.6201575
1990-09-21,0.21599159
1990-09-22,0.0086300075
1990-09-23,20.373114
1990-09-24,0.0086300075
1990-09-25,0.0086300075
1990-09-26,0.0086300075
1990-09-27,0.0086300075
1990-09-28,0.0086300075
1990-09-29,0.0086300075
1990-09-30,0.0086300075
1990-10-01,0.0086300075
1990-10-02,1.3046198
1990-10-03,0.0086300075
1990-10-04,0.0086300075
1990-10-05,0.12959093
1990-10-06,0.0086300075
1990-10-07,0.0086300075
1990-10-08,0.0086300075
1990-10-09,0.3887929
1990-10-10,0.23327172
1990-10-11,0.68255514
1990-10-12,1.0799981
1990-10-13,0.75167567
1990-10-14,5.4691114
1990-10-15,0.060470402
1990-10-16,0.0086300075
1990-10-17,0.0086300075
1990-10-18,0.0086300075
1990-10-19,10.454399
1990-10-20,1.4169507
1990-10-21,0.02591014
1990-10-22,0.0086300075
1990-10-23,0.095030665
1990-10-24,12.458875
1990-10-25,0.1123108
1990-10-26,15.569278
1990-10-27,11.86272
1990-10-28,0.02591014
1990-10-29,12.769917
1990-10-30,2.1427162
1990-10-31,0.04319027
1990-11-01,0.12959093
1990-11-02,0.0086300075
1990-11-03,0.02591014
1990-11-04,0.26783198
1990-11-05,0.0086300075
1990-11-06,17.971195
1990-11-07,1.0281577
1990-11-08,0.23327172
1990-11-09,0.04319027
1990-11-10,0.6307148
1990-11-11,26.913593
1990-11-12,0.12959093
1990-11-13,0.6307148
1990-11-14,0.0086300075
1990-11-15,0.0086300075
1990-11-16,0.0086300075
1990-11-17,0.0086300075
1990-11-18,21.556793
1990-11-19,34.02432
1990-11-20,5.590072
1990-11-21,0.095030665
1990-11-22,0.924477
1990-11-23,0.060470402
1990-11-24,1.5551918
1990-11-25,3.0153527
1990-11-26,0.8207962
1990-11-27,0.0086300075
1990-11-28,0.37151277
1990-11-29,0.4924737
1990-11-30,0.060470402
1990-12-01,0.02591014
1990-12-02,0.0086300075
1990-12-03,0.0086300075
1990-12-04,18.791992
1990-12-05,8.873277
1990-12-06,0.02591014
1990-12-07,0.04319027
1990-12-08,12.648955
1990-12-09,3.0671933
1990-12-10,0.02591014
1990-12-11,0.095030665
1990-12-12,0.0086300075
1990-12-13,0.21599159
1990-12-14,0.04319027
1990-12-15,0.02591014
1990-12-16,30.144958
1990-12-17,1.8316739
1990-12-18,5.676473
1990-12-19,5.7283134
1990-12-20,0.1123108
1990-12-21,0.0086300075
1990-12-22,7.413116
1990-12-23,2.0735958
1990-12-24,18.61919
1990-12-25,0.095030665
1990-12-26,0.04319027
1990-12-27,0.060470402
1990-12-28,0.1123108
1990-12-29,2.3155174
1990-12-30,1.1923089
1990-12-31,10.5667095
1991-01-01,0.02591014
1991-01-02,0.2851121
1991-01-03,0.0086300075
1991-01-04,0.0086300075
1991-01-05,0.47519356
1991-01-06,1.0454379
1991-01-07,0.0086300075
1991-01-08,0.0086300075
1991-01-09,0.12959093
1991-01-10,11.707199
1991-01-11,0.31967238
1991-01-12,19.293116
1991-01-13,1.8143938
1991-01-14,0.0086300075
1991-01-15,1.2614295
1991-01-16,0.23327172
1991-01-17,20.597755
1991-01-18,0.16415119
1991-01-19,0.060470402
1991-01-20,0.40607303
1991-01-21,0.0086300075
1991-01-22,0.0086300075
1991-01-23,0.1123108
1991-01-24,1.6415924
1991-01-25,0.02591014
1991-01-26,0.060470402
1991-01-27,0.04319027
1991-01-28,3.5337567
1991-01-29,0.0086300075
1991-01-30,0.02591014
1991-01-31,14.368319
1991-02-01,0.30239224
1991-02-02,0.0086300075
1991-02-03,0.0086300075
1991-02-04,0.0086300075
1991-02-05,0.0086300075
1991-02-06,0.23327172
1991-02-07,0.56159425
1991-02-08,0.19871145
1991-02-09,0.0086300075
1991-02-10,0.12959093
1991-02-11,0.12959093
1991-02-12,0.0086300075
1991-02-13,0.12959093
1991-02-14,12.545275
1991-02-15,1.4515109
1991-02-16,0.1123108
1991-02-17,0.75167567
1991-02-18,0.0086300075
1991-02-19,2.2118368
1991-02-20,7.0329533
1991-02-21,0.23327172
1991-02-22,0.35423264
1991-02-23,0.6134346
1991-02-24,0.04319027
1991-02-25,0.4924737
1991-02-26,0.0086300075
1991-02-27,0.0086300075
1991-02-28,0.37151277
1991-03-01,0.30239224
1991-03-02,5.831994
1991-03-03,0.7689558
1991-03-04,25.919996
1991-03-05,2.1945567
1991-03-06,0.095030665
1991-03-07,10.4803095
1991-03-08,5.27038
1991-03-09,2.1427162
1991-03-10,1.2959898
1991-03-11,4.4236736
1991-03-12,2.7043104
1991-03-13,2.0563154
1991-03-14,0.665275
1991-03-15,0.0086300075
1991-03-16,0.0086300075
1991-03-17,0.0086300075
1991-03-18,0.0086300075
1991-03-19,12.268793
1991-03-20,1.1663988
1991-03-21,0.18143132
1991-03-22,0.0086300075
1991-03-23,0.02591014
1991-03-24,17.1504
1991-03-25,0.4924737
1991-03-26,0.0086300075
1991-03-27,0.02591014
1991-03-28,4.3199925
1991-03-29,0.0086300075
1991-03-30,3.9916701
1991-03-31,0.02591014
1991-04-01,3.8102388
1991-04-02,2.8771117
1991-04-03,0.0086300075
1991-04-04,0.0086300075
1991-04-05,0.0086300075
1991-04-06,0.19871145
1991-04-07,0.665275
1991-04-08,0.7862359
1991-04-09,14.45472
1991-04-10,2.108156
1991-04-11,5.399991
1991-04-12,1.2095891
1991-04-13,0.0086300075
1991-04-14,0.0086300075
1991-04-15,0.0086300075
1991-04-16,1.2787097
1991-04-17,0.060470402
1991-04-18,0.0086300075
1991-04-19,0.0086300075
1991-04-20,0.0086300075
1991-04-21,5.29631
1991-04-22,17.746553
1991-04-23,0.26783198
1991-04-24,0.0086300075
1991-04-25,0.0086300075
1991-04-26,0.0086300075
1991-04-27,0.0086300075
1991-04-28,0.0086300075
1991-04-29,0.0086300075
1991-04-30,0.0086300075
1991-05-01,0.0086300075
1991-05-02,0.40607303
1991-05-03,5.9875154
1991-05-04,8.182072
1991-05-05,0.45791343
1991-05-06,0.0086300075
1991-05-07,4.5273542
1991-05-08,0.23327172
1991-05-09,0.0086300075
1991-05-10,0.0086300075
1991-05-11,0.0086300075
1991-05-12,0.060470402
1991-05-13,0.0086300075
1991-05-14,0.0086300075
1991-05-15,0.0086300075
1991-05-16,0.0086300075
1991-05-17,0.26783198
1991-05-18,11.534397
1991-05-19,0.0086300075
1991-05-20,0.0086300075
1991-05-21,0.0086300075
1991-05-22,0.0086300075
1991-05-23,0.0086300075
1991-05-24,2.004475
1991-05-25,1.1318386
1991-05-26,0.0086300075
1991-05-27,0.12959093
1991-05-28,0.35423264
1991-05-29,0.12959093
1991-05-30,0.0086300075
1991-05-31,0.0086300075
1991-06-01,0.02591014
1991-06-02,1.4515109
1991-06-03,0.0086300075
1991-06-04,0.0086300075
1991-06-05,0.0086300075
1991-06-06,0.1123108
1991-06-07,0.0086300075
1991-06-08,6.4195185
1991-06-09,0.0086300075
1991-06-10,0.0086300075
1991-06-11,0.0086300075
1991-06-12,0.59615445
1991-06-13,12.908157
1991-06-14,3.0671933
1991-06-15,0.095030665
1991-06-16,0.02591014
1991-06-17,0.0086300075
1991-06-18,0.0086300075
1991-06-19,0.0086300075
1991-06-20,0.0086300075
1991-06-21,0.0086300075
1991-06-22,0.0086300075
1991-06-23,0.0086300075
1991-06-24,0.0086300075
1991-06-25,0.0086300075
1991-06-26,0.0086300075
1991-06-27,0.0086300075
1991-06-28,3.853429
1991-06-29,0.02591014
1991-06-30,0.0086300075
1991-07-01,0.0086300075
1991-07-02,0.0086300075
1991-07-03,0.0086300075
1991-07-04,0.0086300075
1991-07-05,0.0086300075
1991-07-06,0.0086300075
1991-07-07,0.0086300075
1991-07-08,2.004475
1991-07-09,0.0086300075
1991-07-10,0.0086300075
1991-07-11,0.0086300075
1991-07-12,0.060470402
1991-07-13,0.0086300075
1991-07-14,5.0457582
1991-07-15,1.987195
1991-07-16,0.0086300075
1991-07-17,0.0086300075
1991-07-18,0.0086300075
1991-07-19,0.0086300075
1991-07-20,0.0086300075
1991-07-21,0.0086300075
1991-07-22,0.0086300075
1991-07-23,1.1059083
1991-07-24,0.02591014
1991-07-25,0.0086300075
1991-07-26,0.0086300075
1991-07-27,0.19871145
1991-07-28,0.0086300075
1991-07-29,0.0086300075
1991-07-30,0.0086300075
1991-07-31,0.0086300075
1991-08-01,0.0086300075
1991-08-02,3.95711
1991-08-03,0.0086300075
1991-08-04,0.0086300075
1991-08-05,16.027191
1991-08-06,6.61823
1991-08-07,0.0086300075
1991-08-08,0.0086300075
1991-08-09,0.0086300075
1991-08-10,0.0086300075
1991-08-11,2.004475
1991-08-12,0.0086300075
1991-08-13,0.0086300075
1991-08-14,0.23327172
1991-08-15,0.45791343
1991-08-16,1.3996706
1991-08-17,0.0086300075
1991-08-18,0.0086300075
1991-08-19,1.0454379
1991-08-20,10.5667095
1991-08-21,0.9417571
1991-08-22,0.21599159
1991-08-23,0.0086300075
1991-08-24,0.0086300075
1991-08-25,0.0086300075
1991-08-26,0.0086300075
1991-08-27,6.367678
1991-08-28,2.7043104
1991-08-29,3.7411184
1991-08-30,0.0086300075
1991-08-31,9.676793
1991-09-01,0.1123108
1991-09-02,0.0086300075
1991-09-03,0.0086300075
1991-09-04,0.0086300075
1991-09-05,0.0086300075
1991-09-06,0.0086300075
1991-09-07,0.0086300075
1991-09-08,0.0086300075
1991-09-09,0.0086300075
1991-09-10,0.0086300075
1991-09-11,0.7343955
1991-09-12,0.0086300075
1991-09-13,0.0086300075
1991-09-14,0.14687106
1991-09-15,0.0086300075
1991-09-16,2.0908759
1991-09-17,0.12959093
1991-09-18,0.0086300075
1991-09-19,0.80351603
1991-09-20,7.3612757
1991-09-21,0.40607303
1991-09-22,0.0086300075
1991-09-23,0.0086300075
1991-09-24,0.0086300075
1991-09-25,2.7043104
1991-09-26,15.975351
1991-09-27,1.2355194
1991-09-28,0.0086300075
1991-09-29,0.0086300075
1991-09-30,1.3651103
1991-10-01,0.0086300075
1991-10-02,0.80351603
1991-10-03,0.0086300075
1991-10-04,0.04319027
1991-10-05,0.0086300075
1991-10-06,0.57887435
1991-10-07,5.6937532
1991-10-08,0.0086300075
1991-10-09,0.0086300075
1991-10-10,0.0086300075
1991-10-11,9.434872
1991-10-12,9.711353
1991-10-13,0.0086300075
1991-10-14,0.0086300075
1991-10-15,0.0086300075
1991-10-16,5.9183946
1991-10-17,0.3887929
1991-10-18,8.976958
1991-10-19,0.1123108
1991-10-20,0.04319027
1991-10-21,0.0086300075
1991-10-22,2.5747194
1991-10-23,0.095030665
1991-10-24,0.0086300075
1991-10-25,0.0086300075
1991-10-26,0.0086300075
1991-10-27,0.0086300075
1991-10-28,3.3436754
1991-10-29,0.80351603
1991-10-30,2.8598316
1991-10-31,4.1644716
1991-11-01,3.8879893
1991-11-02,1.6415924
1991-11-03,1.8835142
1991-11-04,5.572792
1991-11-05,0.0086300075
1991-11-06,0.0086300075
1991-11-07,1.1491187
1991-11-08,3.0671933
1991-11-09,0.02591014
1991-11-10,1.2355194
1991-11-11,30.896633
1991-11-12,0.83807635
1991-11-13,0.04319027
1991-11-14,0.060470402
1991-11-15,0.2851121
1991-11-16,4.8729568
1991-11-17,0.37151277
1991-11-18,0.26783198
1991-11-19,0.0086300075
1991-11-20,0.02591014
1991-11-21,0.0086300075
1991-11-22,0.0086300075
1991-11-23,22.705912
1991-11-24,3.827519
1991-11-25,1.5551918
1991-11-26,0.02591014
1991-11-27,0.1123108
1991-11-28,0.40607303
1991-11-29,0.02591014
1991-11-30,0.21599159
1991-12-01,1.7107129
1991-12-02,0.45791343
1991-12-03,11.102394
1991-12-04,14.687991
1991-12-05,1.33055
1991-12-06,2.8425515
1991-12-07,6.60958
1991-12-08,2.0563154
1991-12-09,3.706558
1991-12-10,0.0086300075
1991-12-11,0.060470402
1991-12-12,0.095030665
1991-12-13,2.505599
1991-12-14,14.49791
1991-12-15,3.0671933
1991-12-16,0.19871145
1991-12-17,0.80351603
1991-12-18,8.285752
1991-12-19,0.87263656
1991-12-20,0.0086300075
1991-12-21,1.5724719
1991-12-22,0.1123108
1991-12-23,0.23327172
1991-12-24,3.2918348
1991-12-25,0.02591014
1991-12-26,0.02591014
1991-12-27,0.8207962
1991-12-28,0.02591014
1991-12-29,0.3369525
1991-12-30,11.361596
1991-12-31,0.0086300075
1992-01-01,0.0086300075
1992-01-02,0.14687106
1992-01-03,0.19871145
1992-01-04,0.0086300075
1992-01-05,28.287354
1992-01-06,3.1190336
1992-01-07,0.14687106
1992-01-08,0.3887929
1992-01-09,0.18143132
1992-01-10,3.0844734
1992-01-11,0.077750534
1992-01-12,0.060470402
1992-01-13,0.3369525
1992-01-14,9.071989
1992-01-15,1.8143938
1992-01-16,0.0086300075
1992-01-17,0.095030665
1992-01-18,0.42335317
1992-01-19,0.12959093
1992-01-20,0.0086300075
1992-01-21,0.0086300075
1992-01-22,0.14687106
1992-01-23,3.1535938
1992-01-24,23.068794
1992-01-25,0.56159425
1992-01-26,0.19871145
1992-01-27,0.0086300075
1992-01-28,0.0086300075
1992-01-29,0.45791343
1992-01-30,0.04319027
1992-01-31,5.849274
1992-02-01,21.470392
1992-02-02,3.326395
1992-02-03,0.42335317
1992-02-04,0.0086300075
1992-02-05,10.0915165
1992-02-06,0.3369525
1992-02-07,0.060470402
1992-02-08,2.6697502
1992-02-09,1.2095891
1992-02-10,0.0086300075
1992-02-11,1.1059083
1992-02-12,3.1535938
1992-02-13,0.060470402
1992-02-14,1.1318386
1992-02-15,0.0086300075
1992-02-16,24.667196
1992-02-17,0.37151277
1992-02-18,0.0086300075
1992-02-19,11.275195
1992-02-20,0.45791343
1992-02-21,2.505599
1992-02-22,0.21599159
1992-02-23,1.0108776
1992-02-24,0.0086300075
1992-02-25,0.0086300075
1992-02-26,13.607993
1992-02-27,0.5443141
1992-02-28,0.19871145
1992-02-29,12.026871
1992-03-01,0.7862359
1992-03-02,0.0086300075
1992-03-03,0.0086300075
1992-03-04,0.0086300075
1992-03-05,0.0086300075
1992-03-06,0.0086300075
1992-03-07,3.4127958
1992-03-08,19.154875
1992-03-09,0.40607303
1992-03-10,0.02591014
1992-03-11,0.56159425
1992-03-12,5.7801538
1992-03-13,1.2095891
1992-03-14,0.2851121
1992-03-15,0.095030665
1992-03-16,0.04319027
1992-03-17,0.02591014
1992-03-18,0.6307148
1992-03-19,0.02591014
1992-03-20,0.0086300075
1992-03-21,0.0086300075
1992-03-22,0.0086300075
1992-03-23,0.5443141
1992-03-24,0.14687106
1992-03-25,0.060470402
1992-03-26,0.0086300075
1992-03-27,14.0227165
1992-03-28,17.064
1992-03-29,2.4623885
1992-03-30,0.0086300075
1992-03-31,0.45791343
1992-04-01,0.56159425
1992-04-02,2.6611
1992-04-03,15.413756
1992-04-04,0.83807635
1992-04-05,0.0086300075
1992-04-06,0.0086300075
1992-04-07,0.0086300075
1992-04-08,0.31967238
1992-04-09,0.0086300075
1992-04-10,3.0844734
1992-04-11,1.5206314
1992-04-12,2.004475
1992-04-13,0.060470402
1992-04-14,0.0086300075
1992-04-15,0.0086300075
1992-04-16,0.0086300075
1992-04-17,0.060470402
1992-04-18,0.12959093
1992-04-19,0.0086300075
1992-04-20,0.02591014
1992-04-21,0.85535645
1992-04-22,1.2095891
1992-04-23,2.7043104
1992-04-24,0.83807635
1992-04-25,0.4406333
1992-04-26,3.430076
1992-04-27,2.246397
1992-04-28,0.0086300075
1992-04-29,0.0086300075
1992-04-30,0.0086300075
1992-05-01,0.0086300075
1992-05-02,2.514229
1992-05-03,1.4169507
1992-05-04,0.18143132
1992-05-05,0.060470402
1992-05-06,1.6415924
1992-05-07,0.0086300075
1992-05-08,0.0086300075
1992-05-09,2.6697502
1992-05-10,0.095030665
1992-05-11,0.0086300075
1992-05-12,0.0086300075
1992-05-13,0.3887929
1992-05-14,3.4819164
1992-05-15,0.04319027
1992-05-16,0.0086300075
1992-05-17,0.0086300075
1992-05-18,0.0086300075
1992-05-19,0.0086300075
1992-05-20,0.0086300075
1992-05-21,0.0086300075
1992-05-22,0.0086300075
1992-05-23,0.0086300075
1992-05-24,0.0086300075
1992-05-25,0.04319027
1992-05-26,0.0086300075
1992-05-27,0.0086300075
1992-05-28,0.060470402
1992-05-29,0.0086300075
1992-05-30,0.0086300075
1992-05-31,0.0086300075
1992-06-01,0.0086300075
1992-06-02,0.68255514
1992-06-03,0.095030665
1992-06-04,0.02591014
1992-06-05,0.0086300075
1992-06-06,8.752316
1992-06-07,3.7843087
1992-06-08,0.14687106
1992-06-09,1.848954
1992-06-10,0.0086300075
1992-06-11,0.0086300075
1992-06-12,0.0086300075
1992-06-13,0.0086300075
1992-06-14,0.18143132
1992-06-15,1.9353546
1992-06-16,0.0086300075
1992-06-17,0.0086300075
1992-06-18,0.0086300075
1992-06-19,0.0086300075
1992-06-20,0.0086300075
1992-06-21,3.9311998
1992-06-22,6.1948767
1992-06-23,9.780474
1992-06-24,0.0086300075
1992-06-25,5.399991
1992-06-26,4.4063935
1992-06-27,0.30239224
1992-06-28,4.3891134
1992-06-29,1.7625533
1992-06-30,0.0086300075
1992-07-01,0.0086300075
1992-07-02,0.0086300075
1992-07-03,0.8899167
1992-07-04,0.0086300075
1992-07-05,0.35423264
1992-07-06,0.060470402
1992-07-07,0.0086300075
1992-07-08,0.0086300075
1992-07-09,5.31359
1992-07-10,4.1644716
1992-07-11,0.12959093
1992-07-12,0.0086300075
1992-07-13,22.178879
1992-07-14,0.5097538
1992-07-15,11.707199
1992-07-16,0.0086300075
1992-07-17,0.0086300075
1992-07-18,0.19871145
1992-07-19,1.4515109
1992-07-20,0.0086300075
1992-07-21,0.0086300075
1992-07-22,0.0086300075
1992-07-23,0.0086300075
1992-07-24,0.0086300075
1992-07-25,0.0086300075
1992-07-26,0.0086300075
1992-07-27,0.0086300075
1992-07-28,0.37151277
1992-07-29,0.0086300075
1992-07-30,0.0086300075
1992-07-31,0.0086300075
1992-08-01,0.7171154
1992-08-02,0.30239224
1992-08-03,0.0086300075
1992-08-04,1.8143938
1992-08-05,0.0086300075
1992-08-06,0.0086300075
1992-08-07,0.0086300075
1992-08-08,0.0086300075
1992-08-09,0.0086300075
1992-08-10,0.02591014
1992-08-11,0.0086300075
1992-08-12,0.0086300075
1992-08-13,0.0086300075
1992-08-14,0.0086300075
1992-08-15,0.0086300075
1992-08-16,0.1123108
1992-08-17,0.0086300075
1992-08-18,0.0086300075
1992-08-19,0.0086300075
1992-08-20,0.0086300075
1992-08-21,0.0086300075
1992-08-22,0.060470402
1992-08-23,0.0086300075
1992-08-24,0.0086300075
1992-08-25,0.0086300075
1992-08-26,0.0086300075
1992-08-27,0.0086300075
1992-08-28,0.0086300075
1992-08-29,0.47519356
1992-08-30,0.0086300075
1992-08-31,1.2182392
1992-09-01,0.0086300075
1992-09-02,0.0086300075
1992-09-03,0.1123108
1992-09-04,0.80351603
1992-09-05,0.4406333
1992-09-06,0.0086300075
1992-09-07,0.0086300075
1992-09-08,0.0086300075
1992-09-09,2.6870303
1992-09-10,0.0086300075
1992-09-11,4.8038363
1992-09-12,0.0086300075
1992-09-13,0.0086300075
1992-09-14,0.0086300075
1992-09-15,0.0086300075
1992-09-16,0.0086300075
1992-09-17,0.0086300075
1992-09-18,0.0086300075
1992-09-19,0.6307148
1992-09-20,0.0086300075
1992-09-21,0.0086300075
1992-09-22,0.0086300075
1992-09-23,0.0086300075
1992-09-24,0.0086300075
1992-09-25,0.0086300075
1992-09-26,0.0086300075
1992-09-27,2.4191983
1992-09-28,0.0086300075
1992-09-29,0.0086300075
1992-09-30,0.0086300075
1992-10-01,0.37151277
1992-10-02,1.5379117
1992-10-03,0.0086300075
1992-10-04,0.0086300075
1992-10-05,0.0086300075
1992-10-06,0.0086300075
1992-10-07,0.0086300075
1992-10-08,0.0086300075
1992-10-09,0.0086300075
1992-10-10,0.0086300075
1992-10-11,1.2787097
1992-10-12,4.8383965
1992-10-13,0.0086300075
1992-10-14,0.18143132
1992-10-15,0.0086300075
1992-10-16,0.0086300075
1992-10-17,0.12959093
1992-10-18,0.0086300075
1992-10-19,4.907517
1992-10-20,1.1663988
1992-10-21,0.04319027
1992-10-22,3.5337567
1992-10-23,0.0086300075
1992-10-24,0.0086300075
1992-10-25,1.727993
1992-10-26,8.164792
1992-10-27,0.3887929
1992-10-28,0.0086300075
1992-10-29,0.0086300075
1992-10-30,4.3372726
1992-10-31,0.0086300075
1992-11-01,0.02591014
1992-11-02,0.21599159
1992-11-03,0.0086300075
1992-11-04,1.2527995
1992-11-05,0.40607303
1992-11-06,1.6934328
1992-11-07,0.02591014
1992-11-08,0.02591014
1992-11-09,0.0086300075
1992-11-10,0.04319027
1992-11-11,5.0803185
1992-11-12,0.6134346
1992-11-13,9.4867115
1992-11-14,0.0086300075
1992-11-15,0.0086300075
1992-11-16,0.95903724
1992-11-17,0.56159425
1992-11-18,3.1190336
1992-11-19,0.12959093
1992-11-20,0.060470402
1992-11-21,0.060470402
1992-11-22,3.7583985
1992-11-23,31.682869
1992-11-24,1.9007944
1992-11-25,0.6479949
1992-11-26,1.4169507
1992-11-27,8.423994
1992-11-28,0.04319027
1992-11-29,0.0086300075
1992-11-30,0.02591014
1992-12-01,0.0086300075
1992-12-02,0.0086300075
1992-12-03,16.269114
1992-12-04,0.31967238
1992-12-05,10.437119
1992-12-06,3.6028771
1992-12-07,0.12959093
1992-12-08,0.40607303
1992-12-09,0.02591014
1992-12-10,0.0086300075
1992-12-11,0.14687106
1992-12-12,0.1123108
1992-12-13,0.0086300075
1992-12-14,0.0086300075
1992-12-15,0.02591014
1992-12-16,0.02591014
1992-12-17,5.572792
1992-12-18,9.434872
1992-12-19,0.02591014
1992-12-20,11.136954
1992-12-21,0.3887929
1992-12-22,0.21599159
1992-12-23,0.1123108
1992-12-24,1.3218999
1992-12-25,0.095030665
1992-12-26,3.3436754
1992-12-27,0.060470402
1992-12-28,0.04319027
1992-12-29,3.97439
1992-12-30,17.046719
1992-12-31,1.9699149
1993-01-01,0.40607303
1993-01-02,0.1123108
1993-01-03,0.04319027
1993-01-04,1.7107129
1993-01-05,9.417591
1993-01-06,0.19871145
1993-01-07,0.18143132
1993-01-08,0.0086300075
1993-01-09,0.5097538
1993-01-10,0.04319027
1993-01-11,0.0086300075
1993-01-12,0.02591014
1993-01-13,0.14687106
1993-01-14,2.0563154
1993-01-15,0.060470402
1993-01-16,0.56159425
1993-01-17,0.02591014
1993-01-18,0.23327172
1993-01-19,0.1123108
1993-01-20,0.04319027
1993-01-21,0.02591014
1993-01-22,0.02591014
1993-01-23,15.206395
1993-01-24,0.21599159
1993-01-25,2.7734308
1993-01-26,0.0086300075
1993-01-27,9.141109
1993-01-28,2.229117
1993-01-29,5.6937532
1993-01-30,0.7343955
1993-01-31,1.9699149
1993-02-01,3.0671933
1993-02-02,0.18143132
1993-02-03,0.04319027
1993-02-04,0.02591014
1993-02-05,1.1491187
1993-02-06,1.2182392
1993-02-07,0.02591014
1993-02-08,3.585597
1993-02-09,0.26783198
1993-02-10,0.45791343
1993-02-11,0.26783198
1993-02-12,0.0086300075
1993-02-13,18.532791
1993-02-14,0.31967238
1993-02-15,0.0086300075
1993-02-16,0.02591014
1993-02-17,36.75456
1993-02-18,0.5443141
1993-02-19,0.0086300075
1993-02-20,0.1123108
1993-02-21,0.060470402
1993-02-22,12.286073
1993-02-23,0.0086300075
1993-02-24,0.80351603
1993-02-25,0.0086300075
1993-02-26,0.0086300075
1993-02-27,0.02591014
1993-02-28,1.7971135
1993-03-01,1.2527995
1993-03-02,0.0086300075
1993-03-03,0.0086300075
1993-03-04,0.02591014
1993-03-05,3.5164766
1993-03-06,33.886078
1993-03-07,0.924477
1993-03-08,0.095030665
1993-03-09,0.0086300075
1993-03-10,0.0086300075
1993-03-11,8.700476
1993-03-12,0.095030665
1993-03-13,1.1491187
1993-03-14,42.664303
1993-03-15,0.37151277
1993-03-16,0.0086300075
1993-03-17,1.987195
1993-03-18,21.06432
1993-03-19,0.04319027
1993-03-20,0.0086300075
1993-03-21,0.45791343
1993-03-22,1.8143938
1993-03-23,0.0086300075
1993-03-24,0.0086300075
1993-03-25,0.75167567
1993-03-26,0.060470402
1993-03-27,0.0086300075
1993-03-28,0.0086300075
1993-03-29,0.0086300075
1993-03-30,0.19871145
1993-03-31,0.0086300075
1993-04-01,3.568317
1993-04-02,19.033915
1993-04-03,3.8015888
1993-04-04,0.7171154
1993-04-05,0.02591014
1993-04-06,0.0086300075
1993-04-07,0.02591014
1993-04-08,0.0086300075
1993-04-09,0.0086300075
1993-04-10,0.0086300075
1993-04-11,0.5097538
1993-04-12,0.23327172
1993-04-13,0.14687106
1993-04-14,0.1123108
1993-04-15,0.0086300075
1993-04-16,0.0086300075
1993-04-17,1.1491187
1993-04-18,3.2227144
1993-04-19,0.0086300075
1993-04-20,0.0086300075
1993-04-21,0.0086300075
1993-04-22,2.4623885
1993-04-23,4.6137547
1993-04-24,2.3155174
1993-04-25,0.0086300075
1993-04-26,1.6761527
1993-04-27,10.108796
1993-04-28,0.0086300075
1993-04-29,0.0086300075
1993-04-30,1.2614295
1993-05-01,1.7452731
1993-05-02,0.0086300075
1993-05-03,0.0086300075
1993-05-04,0.0086300075
1993-05-05,0.0086300075
1993-05-06,0.8207962
1993-05-07,2.1599963
1993-05-08,0.0086300075
1993-05-09,0.0086300075
1993-05-10,0.0086300075
1993-05-11,2.6611
1993-05-12,0.16415119
1993-05-13,0.83807635
1993-05-14,0.0086300075
1993-05-15,0.0086300075
1993-05-16,0.0086300075
1993-05-17,0.02591014
1993-05-18,0.0086300075
1993-05-19,1.2355194
1993-05-20,0.7862359
1993-05-21,3.9484599
1993-05-22,0.0086300075
1993-05-23,0.45791343
1993-05-24,0.0086300075
1993-05-25,0.0086300075
1993-05-26,0.02591014
1993-05-27,4.648315
1993-05-28,0.14687106
1993-05-29,1.3218999
1993-05-30,5.6073523
1993-05-31,0.56159425
1993-06-01,2.7043104
1993-06-02,3.7411184
1993-06-03,0.35423264
1993-06-04,3.2572746
1993-06-05,0.02591014
1993-06-06,1.7798334
1993-06-07,21.712315
1993-06-08,1.6070321
1993-06-09,0.0086300075
1993-06-10,0.8207962
1993-06-11,0.0086300075
1993-06-12,0.0086300075
1993-06-13,0.0086300075
1993-06-14,0.0086300075
1993-06-15,0.0086300075
1993-06-16,3.689278
1993-06-17,0.8207962
1993-06-18,0.0086300075
1993-06-19,1.33055
1993-06-20,0.0086300075
1993-06-21,0.19871145
1993-06-22,2.2982373
1993-06-23,7.672318
1993-06-24,0.4924737
1993-06-25,0.0086300075
1993-06-26,0.0086300075
1993-06-27,0.0086300075
1993-06-28,0.5443141
1993-06-29,0.0086300075
1993-06-30,0.1123108
1993-07-01,0.0086300075
1993-07-02,0.0086300075
1993-07-03,0.095030665
1993-07-04,2.3155174
1993-07-05,0.12959093
1993-07-06,0.0086300075
1993-07-07,0.0086300075
1993-07-08,0.0086300075
1993-07-09,0.7862359
1993-07-10,3.3609555
1993-07-11,0.0086300075
1993-07-12,0.0086300075
1993-07-13,0.04319027
1993-07-14,0.0086300075
1993-07-15,3.706558
1993-07-16,6.0047956
1993-07-17,1.7107129
1993-07-18,0.0086300075
1993-07-19,0.0086300075
1993-07-20,0.0086300075
1993-07-21,3.97439
1993-07-22,0.0086300075
1993-07-23,6.4108686
1993-07-24,2.4191983
1993-07-25,0.35423264
1993-07-26,0.0086300075
1993-07-27,0.0086300075
1993-07-28,5.4863915
1993-07-29,0.30239224
1993-07-30,9.694074
1993-07-31,12.493435
1993-08-01,2.0908759
1993-08-02,2.8943918
1993-08-03,4.890237
1993-08-04,9.4867115
1993-08-05,6.7737513
1993-08-06,3.1363137
1993-08-07,0.14687106
1993-08-08,0.0086300075
1993-08-09,0.0086300075
1993-08-10,0.0086300075
1993-08-11,0.0086300075
1993-08-12,0.0086300075
1993-08-13,0.0086300075
1993-08-14,0.0086300075
1993-08-15,0.0086300075
1993-08-16,0.0086300075
1993-08-17,0.0086300075
1993-08-18,0.0086300075
1993-08-19,0.0086300075
1993-08-20,0.0086300075
1993-08-21,1.3218999
1993-08-22,0.0086300075
1993-08-23,0.0086300075
1993-08-24,0.0086300075
1993-08-25,0.0086300075
1993-08-26,0.0086300075
1993-08-27,0.0086300075
1993-08-28,0.0086300075
1993-08-29,0.0086300075
1993-08-30,0.0086300075
1993-08-31,0.0086300075
1993-09-01,0.0086300075
1993-09-02,0.0086300075
1993-09-03,0.0086300075
1993-09-04,6.8255916
1993-09-05,2.911672
1993-09-06,0.02591014
1993-09-07,0.0086300075
1993-09-08,0.04319027
1993-09-09,0.4406333
1993-09-10,0.83807635
1993-09-11,2.5574393
1993-09-12,0.04319027
1993-09-13,0.0086300075
1993-09-14,0.0086300075
1993-09-15,0.0086300075
1993-09-16,0.37151277
1993-09-17,0.0086300075
1993-09-18,4.5791945
1993-09-19,0.04319027
1993-09-20,0.0086300075
1993-09-21,0.0086300075
1993-09-22,0.0086300075
1993-09-23,0.0086300075
1993-09-24,0.060470402
1993-09-25,0.0086300075
1993-09-26,6.091196
1993-09-27,7.223035
1993-09-28,4.769276
1993-09-29,0.0086300075
1993-09-30,0.0086300075
1993-10-01,0.0086300075
1993-10-02,0.0086300075
1993-10-03,6.8083115
1993-10-04,0.0086300075
1993-10-05,7.136634
1993-10-06,0.0086300075
1993-10-07,0.0086300075
1993-10-08,0.7171154
1993-10-09,0.14687106
1993-10-10,1.1663988
1993-10-11,0.0086300075
1993-10-12,0.0086300075
1993-10-13,10.62718
1993-10-14,0.0086300075
1993-10-15,0.0086300075
1993-10-16,0.02591014
1993-10-17,0.02591014
1993-10-18,3.2572746
1993-10-19,0.0086300075
1993-10-20,0.0086300075
1993-10-21,0.924477
1993-10-22,4.6828756
1993-10-23,0.19871145
1993-10-24,0.0086300075
1993-10-25,0.0086300075
1993-10-26,0.0086300075
1993-10-27,19.103035
1993-10-28,28.96991
1993-10-29,0.0086300075
1993-10-30,0.02591014
1993-10-31,12.234233
1993-11-01,11.223355
1993-11-02,0.8207962
1993-11-03,0.30239224
1993-11-04,2.1599963
1993-11-05,0.18143132
1993-11-06,28.287354
1993-11-07,0.0086300075
1993-11-08,0.0086300075
1993-11-09,0.0086300075
1993-11-10,0.02591014
1993-11-11,0.0086300075
1993-11-12,6.739191
1993-11-13,0.04319027
1993-11-14,3.6547177
1993-11-15,4.3027124
1993-11-16,0.02591014
1993-11-17,0.1123108
1993-11-18,11.655358
1993-11-19,0.02591014
1993-11-20,16.217272
1993-11-21,0.30239224
1993-11-22,0.0086300075
1993-11-23,0.04319027
1993-11-24,1.5379117
1993-11-25,0.14687106
1993-11-26,0.0086300075
1993-11-27,0.0086300075
1993-11-28,0.095030665
1993-11-29,8.994238
1993-11-30,0.0086300075
1993-12-01,0.0086300075
1993-12-02,0.04319027
1993-12-03,0.14687106
1993-12-04,0.0086300075
1993-12-05,21.971516
1993-12-06,18.878393
1993-12-07,0.4406333
1993-12-08,0.21599159
1993-12-09,0.9417571
1993-12-10,0.21599159
1993-12-11,18.982073
1993-12-12,6.8083115
1993-12-13,0.8899167
1993-12-14,9.503992
1993-12-15,4.233592
1993-12-16,1.5206314
1993-12-17,0.1123108
1993-12-18,0.0086300075
1993-12-19,12.631676
1993-12-20,2.1599963
1993-12-21,19.552319
1993-12-22,11.551678
1993-12-23,0.0086300075
1993-12-24,0.0086300075
1993-12-25,3.3955157
1993-12-26,1.4515109
1993-12-27,0.75167567
1993-12-28,0.40607303
1993-12-29,0.18143132
1993-12-30,18.092157
1993-12-31,0.14687106
1994-01-01,0.40607303
1994-01-02,1.33055
1994-01-03,0.0086300075
1994-01-04,21.470392
1994-01-05,0.56159425
1994-01-06,0.9417571
1994-01-07,0.02591014
1994-01-08,17.020788
1994-01-09,0.9763174
1994-01-10,0.095030665
1994-01-11,0.04319027
1994-01-12,0.45791343
1994-01-13,0.2851121
1994-01-14,8.112951
1994-01-15,1.7625533
1994-01-16,0.37151277
1994-01-17,1.987195
1994-01-18,28.615677
1994-01-19,0.5443141
1994-01-20,0.04319027
1994-01-21,0.04319027
1994-01-22,0.18143132
1994-01-23,0.060470402
1994-01-24,3.97439
1994-01-25,0.060470402
1994-01-26,0.04319027
1994-01-27,0.0086300075
1994-01-28,17.781115
1994-01-29,8.907838
1994-01-30,0.060470402
1994-01-31,0.0086300075
1994-02-01,0.0086300075
1994-02-02,0.19871145
1994-02-03,0.25055185
1994-02-04,0.23327172
1994-02-05,0.19871145
1994-02-06,0.0086300075
1994-02-07,0.02591014
1994-02-08,0.12959093
1994-02-09,1.848954
1994-02-10,0.1123108
1994-02-11,0.1123108
1994-02-12,0.0086300075
1994-02-13,7.378556
1994-02-14,1.1491187
1994-02-15,0.37151277
1994-02-16,0.37151277
1994-02-17,0.0086300075
1994-02-18,0.0086300075
1994-02-19,0.0086300075
1994-02-20,0.0086300075
1994-02-21,0.0086300075
1994-02-22,0.095030665
1994-02-23,0.0086300075
1994-02-24,22.37759
1994-02-25,2.1772764
1994-02-26,0.14687106
1994-02-27,0.47519356
1994-02-28,0.0086300075
1994-03-01,0.0086300075
1994-03-02,0.04319027
1994-03-03,13.15871
1994-03-04,22.075197
1994-03-05,3.447356
1994-03-06,0.4406333
1994-03-07,0.060470402
1994-03-08,7.171194
1994-03-09,2.8771117
1994-03-10,18.342709
1994-03-11,26.49887
1994-03-12,0.02591014
1994-03-13,0.7171154
1994-03-14,1.0799981
1994-03-15,11.836789
1994-03-16,13.11552
1994-03-17,2.3500779
1994-03-18,0.16415119
1994-03-19,0.0086300075
1994-03-20,0.0086300075
1994-03-21,0.19871145
1994-03-22,1.5206314
1994-03-23,23.569918
1994-03-24,0.060470402
1994-03-25,0.0086300075
1994-03-26,0.7171154
1994-03-27,2.246397
1994-03-28,7.5513573
1994-03-29,8.804156
1994-03-30,0.4406333
1994-03-31,0.0086300075
1994-04-01,0.0086300075
1994-04-02,0.0086300075
1994-04-03,0.0086300075
1994-04-04,1.2959898
1994-04-05,0.0086300075
1994-04-06,0.18143132
1994-04-07,17.642874
1994-04-08,0.0086300075
1994-04-09,0.0086300075
1994-04-10,11.750389
1994-04-11,1.3218999
1994-04-12,0.0086300075
1994-04-13,0.0086300075
1994-04-14,7.188474
1994-04-15,0.0086300075
1994-04-16,0.0086300075
1994-04-17,1.9699149
1994-04-18,1.7107129
1994-04-19,0.0086300075
1994-04-20,0.57887435
1994-04-21,4.4409537
1994-04-22,2.9635124
1994-04-23,0.6998353
1994-04-24,0.3887929
1994-04-25,0.40607303
1994-04-26,0.0086300075
1994-04-27,0.26783198
1994-04-28,0.0086300075
1994-04-29,0.0086300075
1994-04-30,0.4924737
1994-05-01,2.5747194
1994-05-02,0.9417571
1994-05-03,0.0086300075
1994-05-04,0.0086300075
1994-05-05,38.059196
1994-05-06,4.4236736
1994-05-07,0.060470402
1994-05-08,15.534718
1994-05-09,8.683196
1994-05-10,0.04319027
1994-05-11,0.26783198
1994-05-12,0.0086300075
1994-05-13,13.132799
1994-05-14,9.521272
1994-05-15,1.4169507
1994-05-16,0.0086300075
1994-05-17,0.0086300075
1994-05-18,0.68255514
1994-05-19,2.7734308
1994-05-20,0.0086300075
1994-05-21,0.02591014
1994-05-22,0.0086300075
1994-05-23,0.0086300075
1994-05-24,0.0086300075
1994-05-25,0.9763174
1994-05-26,0.37151277
1994-05-27,5.814714
1994-05-28,0.0086300075
1994-05-29,3.97439
1994-05-30,0.04319027
1994-05-31,0.0086300075
1994-06-01,0.0086300075
1994-06-02,0.0086300075
1994-06-03,0.21599159
1994-06-04,0.0086300075
1994-06-05,0.0086300075
1994-06-06,0.0086300075
1994-06-07,1.468791
1994-06-08,1.3651103
1994-06-09,0.02591014
1994-06-10,0.0086300075
1994-06-11,0.0086300075
1994-06-12,0.0086300075
1994-06-13,1.6243123
1994-06-14,0.095030665
1994-06-15,0.30239224
1994-06-16,0.0086300075
1994-06-17,0.0086300075
1994-06-18,0.0086300075
1994-06-19,3.4127958
1994-06-20,0.0086300075
1994-06-21,0.0086300075
1994-06-22,2.2636771
1994-06-23,2.8252714
1994-06-24,0.0086300075
1994-06-25,0.0086300075
1994-06-26,0.83807635
1994-06-27,0.0086300075
1994-06-28,1.2614295
1994-06-29,0.5443141
1994-06-30,7.257595
1994-07-01,4.5619144
1994-07-02,0.0086300075
1994-07-03,0.0086300075
1994-07-04,0.0086300075
1994-07-05,0.0086300075
1994-07-06,0.23327172
1994-07-07,0.0086300075
1994-07-08,0.26783198
1994-07-09,1.468791
1994-07-10,0.665275
1994-07-11,0.0086300075
1994-07-12,0.0086300075
1994-07-13,0.83807635
1994-07-14,0.0086300075
1994-07-15,0.0086300075
1994-07-16,0.095030665
1994-07-17,0.0086300075
1994-07-18,0.0086300075
1994-07-19,0.18143132
1994-07-20,0.0086300075
1994-07-21,0.0086300075
1994-07-22,0.0086300075
1994-07-23,0.26783198
1994-07-24,0.80351603
1994-07-25,3.1190336
1994-07-26,0.060470402
1994-07-27,5.797434
1994-07-28,0.5097538
1994-07-29,5.0975986
1994-07-30,0.0086300075
1994-07-31,0.0086300075
1994-08-01,0.0086300075
1994-08-02,7.5686374
1994-08-03,1.5551918
1994-08-04,0.0086300075
1994-08-05,8.078391
1994-08-06,0.060470402
1994-08-07,0.060470402
1994-08-08,0.0086300075
1994-08-09,0.0086300075
1994-08-10,0.0086300075
1994-08-11,0.0086300075
1994-08-12,0.0086300075
1994-08-13,0.0086300075
1994-08-14,1.4860712
1994-08-15,0.0086300075
1994-08-16,0.0086300075
1994-08-17,0.0086300075
1994-08-18,2.9807925
1994-08-19,0.665275
1994-08-20,0.0086300075
1994-08-21,0.0086300075
1994-08-22,0.0086300075
1994-08-23,0.0086300075
1994-08-24,0.0086300075
1994-08-25,0.0086300075
1994-08-26,1.7971135
1994-08-27,0.5443141
1994-08-28,0.0086300075
1994-08-29,0.5443141
1994-08-30,0.0086300075
1994-08-31,0.0086300075
1994-09-01,0.6479949
1994-09-02,0.0086300075
1994-09-03,0.0086300075
1994-09-04,0.0086300075
1994-09-05,30.654713
1994-09-06,8.112951
1994-09-07,1.6588725
1994-09-08,1.727993
1994-09-09,1.1059083
1994-09-10,0.0086300075
1994-09-11,1.0799981
1994-09-12,3.0153527
1994-09-13,0.095030665
1994-09-14,0.0086300075
1994-09-15,0.0086300075
1994-09-16,0.02591014
1994-09-17,0.19871145
1994-09-18,2.488319
1994-09-19,0.0086300075
1994-09-20,0.0086300075
1994-09-21,0.0086300075
1994-09-22,0.0086300075
1994-09-23,0.0086300075
1994-09-24,0.02591014
1994-09-25,0.0086300075
1994-09-26,0.0086300075
1994-09-27,0.0086300075
1994-09-28,4.7001557
1994-09-29,11.96638
1994-09-30,5.814714
1994-10-01,0.2851121
1994-10-02,0.0086300075
1994-10-03,0.0086300075
1994-10-04,0.0086300075
1994-10-05,0.0086300075
1994-10-06,0.0086300075
1994-10-07,0.0086300075
1994-10-08,0.0086300075
1994-10-09,0.0086300075
1994-10-10,0.8207962
1994-10-11,0.0086300075
1994-10-12,0.0086300075
1994-10-13,0.0086300075
1994-10-14,0.0086300075
1994-10-15,0.0086300075
1994-10-16,0.0086300075
1994-10-17,0.0086300075
1994-10-18,0.0086300075
1994-10-19,0.0086300075
1994-10-20,0.0086300075
1994-10-21,2.2118368
1994-10-22,22.092478
1994-10-23,1.0799981
1994-10-24,0.5443141
1994-10-25,0.095030665
1994-10-26,0.95903724
1994-10-27,0.0086300075
1994-10-28,0.0086300075
1994-10-29,0.0086300075
1994-10-30,0.0086300075
1994-10-31,0.0086300075
1994-11-01,5.149439
1994-11-02,11.5171175
1994-11-03,1.1923089
1994-11-04,0.0086300075
1994-11-05,0.0086300075
1994-11-06,0.35423264
1994-11-07,5.166719
1994-11-08,0.0086300075
1994-11-09,0.0086300075
1994-11-10,0.0086300075
1994-11-11,0.30239224
1994-11-12,0.0086300075
1994-11-13,0.060470402
1994-11-14,0.060470402
1994-11-15,0.0086300075
1994-11-16,0.0086300075
1994-11-17,0.0086300075
1994-11-18,0.0086300075
1994-11-19,9.590392
1994-11-20,0.0086300075
1994-11-21,0.0086300075
1994-11-22,8.527675
1994-11-23,2.1427162
1994-11-24,0.18143132
1994-11-25,0.37151277
1994-11-26,0.0086300075
1994-11-27,0.02591014
1994-11-28,37.903675
1994-11-29,6.1948767
1994-11-30,0.21599159
1994-12-01,0.04319027
1994-12-02,0.26783198
1994-12-03,0.0086300075
1994-12-04,0.02591014
1994-12-05,10.3939085
1994-12-06,18.878393
1994-12-07,2.63519
1994-12-08,1.0799981
1994-12-09,0.0086300075
1994-12-10,0.3887929
1994-12-11,19.483198
1994-12-12,0.37151277
1994-12-13,0.02591014
1994-12-14,0.0086300075
1994-12-15,0.04319027
1994-12-16,0.0086300075
1994-12-17,0.0086300075
1994-12-18,0.21599159
1994-12-19,7.015673
1994-12-20,0.04319027
1994-12-21,0.14687106
1994-12-22,0.0086300075
1994-12-23,0.0086300075
1994-12-24,13.780794
1994-12-25,8.078391
1994-12-26,0.0086300075
1994-12-27,0.1123108
1994-12-28,0.02591014
1994-12-29,4.4063935
1994-12-30,0.85535645
1994-12-31,0.0086300075
1995-01-01,11.6899185
1995-01-02,9.711353
1995-01-03,0.3369525
1995-01-04,1.6588725
1995-01-05,0.02591014
1995-01-06,0.12959093
1995-01-07,32.615997
1995-01-08,0.02591014
1995-01-09,0.2851121
1995-01-10,0.0086300075
1995-01-11,0.02591014
1995-01-12,8.3203125
1995-01-13,2.229117
1995-01-14,0.59615445
1995-01-15,1.0799981
1995-01-16,1.5033513
1995-01-17,5.4863915
1995-01-18,2.6179097
1995-01-19,0.4924737
1995-01-20,0.21599159
1995-01-21,11.2579155
1995-01-22,3.9311998
1995-01-23,0.45791343
1995-01-24,0.924477
1995-01-25,0.2851121
1995-01-26,0.1123108
1995-01-27,0.23327172
1995-01-28,0.0086300075
1995-01-29,0.02591014
1995-01-30,0.04319027
1995-01-31,0.02591014
1995-02-01,0.80351603
1995-02-02,0.060470402
1995-02-03,0.0086300075
1995-02-04,2.1427162
1995-02-05,33.557755
1995-02-06,0.68255514
1995-02-07,0.04319027
1995-02-08,0.18143132
1995-02-09,0.18143132
1995-02-10,0.2851121
1995-02-11,1.4342308
1995-02-12,0.40607303
1995-02-13,0.0086300075
1995-02-14,0.0086300075
1995-02-15,0.0086300075
1995-02-16,8.596795
1995-02-17,0.095030665
1995-02-18,0.0086300075
1995-02-19,0.02591014
1995-02-20,0.0086300075
1995-02-21,7.2921553
1995-02-22,0.18143132
1995-02-23,0.6479949
1995-02-24,10.7395115
1995-02-25,1.062718
1995-02-26,0.060470402
1995-02-27,0.02591014
1995-02-28,18.38592
1995-03-01,8.182072
1995-03-02,0.0086300075
1995-03-03,0.0086300075
1995-03-04,0.0086300075
1995-03-05,0.0086300075
1995-03-06,8.9251175
1995-03-07,0.56159425
1995-03-08,1.3218999
1995-03-09,5.0975986
1995-03-10,1.3651103
1995-03-11,0.060470402
1995-03-12,0.0086300075
1995-03-13,0.7171154
1995-03-14,0.0086300075
1995-03-15,0.060470402
1995-03-16,0.0086300075
1995-03-17,1.9526348
1995-03-18,5.4345512
1995-03-19,0.1123108
1995-03-20,0.0086300075
1995-03-21,0.40607303
1995-03-22,3.2572746
1995-03-23,0.56159425
1995-03-24,0.47519356
1995-03-25,0.30239224
1995-03-26,0.19871145
1995-03-27,0.80351603
1995-03-28,0.0086300075
1995-03-29,0.0086300075
1995-03-30,0.0086300075
1995-03-31,2.0563154
1995-04-01,0.6479949
1995-04-02,0.0086300075
1995-04-03,0.095030665
1995-04-04,12.925438
1995-04-05,1.8835142
1995-04-06,0.26783198
1995-04-07,0.0086300075
1995-04-08,0.0086300075
1995-04-09,1.7452731
1995-04-10,2.5747194
1995-04-11,0.0086300075
1995-04-12,0.0086300075
1995-04-13,6.5663896
1995-04-14,6.1948767
1995-04-15,2.4191983
1995-04-16,2.1427162
1995-04-17,0.0086300075
1995-04-18,0.0086300075
1995-04-19,0.04319027
1995-04-20,6.9292727
1995-04-21,0.0086300075
1995-04-22,0.04319027
1995-04-23,2.1945567
1995-04-24,0.0086300075
1995-04-25,0.0086300075
1995-04-26,0.0086300075
1995-04-27,0.0086300075
1995-04-28,0.0086300075
1995-04-29,4.00895
1995-04-30,0.095030665
1995-05-01,0.02591014
1995-05-02,0.0086300075
1995-05-03,0.0086300075
1995-05-04,0.0086300075
1995-05-05,0.35423264
1995-05-06,4.268152
1995-05-07,4.1299114
1995-05-08,3.6719978
1995-05-09,0.060470402
1995-05-10,0.0086300075
1995-05-11,0.0086300075
1995-05-12,0.6134346
1995-05-13,0.0086300075
1995-05-14,0.0086300075
1995-05-15,0.095030665
1995-05-16,0.83807635
1995-05-17,0.0086300075
1995-05-18,11.7331085
1995-05-19,0.1123108
1995-05-20,0.75167567
1995-05-21,0.0086300075
1995-05-22,0.45791343
1995-05-23,0.0086300075
1995-05-24,0.0086300075
1995-05-25,0.02591014
1995-05-26,0.0086300075
1995-05-27,0.0086300075
1995-05-28,0.0086300075
1995-05-29,2.9807925
1995-05-30,7.2921553
1995-05-31,0.0086300075
1995-06-01,0.02591014
1995-06-02,0.0086300075
1995-06-03,15.016314
1995-06-04,1.1059083
1995-06-05,0.0086300075
1995-06-06,0.0086300075
1995-06-07,0.75167567
1995-06-08,5.166719
1995-06-09,0.0086300075
1995-06-10,0.0086300075
1995-06-11,0.0086300075
1995-06-12,0.02591014
1995-06-13,0.3887929
1995-06-14,7.8883095
1995-06-15,17.26271
1995-06-16,0.0086300075
1995-06-17,0.0086300075
1995-06-18,1.727993
1995-06-19,0.0086300075
1995-06-20,0.0086300075
1995-06-21,0.0086300075
1995-06-22,0.0086300075
1995-06-23,0.0086300075
1995-06-24,0.0086300075
1995-06-25,0.0086300075
1995-06-26,2.384638
1995-06-27,0.0086300075
1995-06-28,0.0086300075
1995-06-29,0.0086300075
1995-06-30,0.0086300075
1995-07-01,0.0086300075
1995-07-02,0.42335317
1995-07-03,2.5919995
1995-07-04,0.0086300075
1995-07-05,0.0086300075
1995-07-06,0.0086300075
1995-07-07,0.0086300075
1995-07-08,0.0086300075
1995-07-09,16.044472
1995-07-10,1.5033513
1995-07-11,0.0086300075
1995-07-12,0.095030665
1995-07-13,0.0086300075
1995-07-14,0.060470402
1995-07-15,0.95903724
1995-07-16,0.0086300075
1995-07-17,0.0086300075
1995-07-18,8.9251175
1995-07-19,6.4195185
1995-07-20,1.9180745
1995-07-21,5.3827105
1995-07-22,0.0086300075
1995-07-23,0.0086300075
1995-07-24,0.80351603
1995-07-25,0.0086300075
1995-07-26,8.769596
1995-07-27,10.4803095
1995-07-28,1.0799981
1995-07-29,2.2636771
1995-07-30,1.1663988
1995-07-31,0.0086300075
1995-08-01,0.0086300075
1995-08-02,0.0086300075
1995-08-03,0.0086300075
1995-08-04,1.8662341
1995-08-05,0.35423264
1995-08-06,0.0086300075
1995-08-07,0.0086300075
1995-08-08,0.0086300075
1995-08-09,0.0086300075
1995-08-10,0.0086300075
1995-08-11,0.0086300075
1995-08-12,0.0086300075
1995-08-13,2.1599963
1995-08-14,0.0086300075
1995-08-15,0.0086300075
1995-08-16,0.0086300075
1995-08-17,0.0086300075
1995-08-18,0.0086300075
1995-08-19,0.0086300075
1995-08-20,0.0086300075
1995-08-21,0.0086300075
1995-08-22,0.0086300075
1995-08-23,0.0086300075
1995-08-24,9.2275095
1995-08-25,0.5097538
1995-08-26,0.0086300075
1995-08-27,0.0086300075
1995-08-28,0.0086300075
1995-08-29,0.0086300075
1995-08-30,0.45791343
1995-08-31,0.0086300075
1995-09-01,3.0153527
1995-09-02,0.0086300075
1995-09-03,0.0086300075
1995-09-04,0.0086300075
1995-09-05,0.0086300075
1995-09-06,0.0086300075
1995-09-07,0.0086300075
1995-09-08,0.095030665
1995-09-09,0.0086300075
1995-09-10,0.0086300075
1995-09-11,0.0086300075
1995-09-12,0.0086300075
1995-09-13,0.04319027
1995-09-14,2.6611
1995-09-15,0.7171154
1995-09-16,0.0086300075
1995-09-17,2.4451084
1995-09-18,25.487993
1995-09-19,0.0086300075
1995-09-20,0.0086300075
1995-09-21,0.0086300075
1995-09-22,0.0086300075
1995-09-23,0.095030665
1995-09-24,0.0086300075
1995-09-25,0.0086300075
1995-09-26,0.0086300075
1995-09-27,0.0086300075
1995-09-28,0.6134346
1995-09-29,0.0086300075
1995-09-30,0.0086300075
1995-10-01,0.0086300075
1995-10-02,0.87263656
1995-10-03,0.0086300075
1995-10-04,3.2227144
1995-10-05,0.45791343
1995-10-06,14.143677
1995-10-07,7.430396
1995-10-08,1.9353546
1995-10-09,0.0086300075
1995-10-10,0.2851121
1995-10-11,0.0086300075
1995-10-12,0.0086300075
1995-10-13,0.0086300075
1995-10-14,0.0086300075
1995-10-15,5.590072
1995-10-16,1.1750288
1995-10-17,0.02591014
1995-10-18,0.0086300075
1995-10-19,0.0086300075
1995-10-20,0.060470402
1995-10-21,0.6479949
1995-10-22,0.30239224
1995-10-23,0.0086300075
1995-10-24,0.0086300075
1995-10-25,0.40607303
1995-10-26,0.0086300075
1995-10-27,0.0086300075
1995-10-28,0.6134346
1995-10-29,8.268473
1995-10-30,1.6243123
1995-10-31,0.0086300075
1995-11-01,0.0086300075
1995-11-02,4.8556767
1995-11-03,13.15008
1995-11-04,1.987195
1995-11-05,0.18143132
1995-11-06,0.0086300075
1995-11-07,0.1123108
1995-11-08,31.7088
1995-11-09,0.18143132
1995-11-10,0.0086300075
1995-11-11,0.0086300075
1995-11-12,8.631355
1995-11-13,0.02591014
1995-11-14,0.0086300075
1995-11-15,11.9059105
1995-11-16,0.9763174
1995-11-17,4.665595
1995-11-18,0.060470402
1995-11-19,0.04319027
1995-11-20,0.0086300075
1995-11-21,3.6201575
1995-11-22,18.999353
1995-11-23,0.23327172
1995-11-24,0.23327172
1995-11-25,0.0086300075
1995-11-26,0.924477
1995-11-27,0.060470402
1995-11-28,1.8316739
1995-11-29,0.060470402
1995-11-30,0.0086300075
1995-12-01,8.268473
1995-12-02,2.7561507
1995-12-03,0.9417571
1995-12-04,7.534077
1995-12-05,0.31967238
1995-12-06,7.240315
1995-12-07,0.0086300075
1995-12-08,0.1123108
1995-12-09,0.3887929
1995-12-10,17.470072
1995-12-11,0.57887435
1995-12-12,0.45791343
1995-12-13,0.19871145
1995-12-14,0.095030665
1995-12-15,3.1881542
1995-12-16,0.095030665
1995-12-17,0.0086300075
1995-12-18,0.12959093
1995-12-19,0.0086300075
1995-12-20,9.987836
1995-12-21,13.988156
1995-12-22,0.924477
1995-12-23,0.45791343
1995-12-24,0.095030665
1995-12-25,0.02591014
1995-12-26,0.9763174
1995-12-27,1.1059083
1995-12-28,0.23327172
1995-12-29,0.095030665
1995-12-30,0.12959093
1995-12-31,0.45791343
1996-01-01,0.02591014
1996-01-02,0.0086300075
1996-01-03,4.0262303
1996-01-04,0.47519356
1996-01-05,0.02591014
1996-01-06,0.0086300075
1996-01-07,0.04319027
1996-01-08,4.5273542
1996-01-09,5.166719
1996-01-10,2.9289522
1996-01-11,0.02591014
1996-01-12,0.04319027
1996-01-13,18.264957
1996-01-14,0.02591014
1996-01-15,0.21599159
1996-01-16,0.04319027
1996-01-17,0.83807635
1996-01-18,0.21599159
1996-01-19,2.2636771
1996-01-20,7.784629
1996-01-21,0.0086300075
1996-01-22,0.02591014
1996-01-23,0.21599159
1996-01-24,3.6547177
1996-01-25,8.786877
1996-01-26,0.02591014
1996-01-27,0.75167567
1996-01-28,19.223995
1996-01-29,0.02591014
1996-01-30,0.23327172
1996-01-31,0.23327172
1996-02-01,0.0086300075
1996-02-02,0.095030665
1996-02-03,3.1017535
1996-02-04,0.31967238
1996-02-05,0.0086300075
1996-02-06,0.02591014
1996-02-07,0.02591014
1996-02-08,2.8771117
1996-02-09,9.607673
1996-02-10,0.59615445
1996-02-11,6.367678
1996-02-12,0.57887435
1996-02-13,0.14687106
1996-02-14,0.31967238
1996-02-15,6.367678
1996-02-16,2.911672
1996-02-17,24.338875
1996-02-18,0.14687106
1996-02-19,0.0086300075
1996-02-20,0.02591014
1996-02-21,0.0086300075
1996-02-22,10.5667095
1996-02-23,7.801909
1996-02-24,3.309115
1996-02-25,4.9420776
1996-02-26,0.37151277
1996-02-27,0.02591014
1996-02-28,2.5747194
1996-02-29,0.7689558
1996-03-01,0.0086300075
1996-03-02,13.331511
1996-03-03,12.5971155
1996-03-04,1.0108776
1996-03-05,4.890237
1996-03-06,2.1427162
1996-03-07,0.060470402
1996-03-08,21.12479
1996-03-09,1.2787097
1996-03-10,0.0086300075
1996-03-11,0.0086300075
1996-03-12,0.0086300075
1996-03-13,0.0086300075
1996-03-14,0.0086300075
1996-03-15,0.04319027
1996-03-16,13.867195
1996-03-17,2.5487893
1996-03-18,0.0086300075
1996-03-19,0.0086300075
1996-03-20,10.419839
1996-03-21,0.56159425
1996-03-22,1.4860712
1996-03-23,3.3609555
1996-03-24,0.9935975
1996-03-25,0.0086300075
1996-03-26,0.31967238
1996-03-27,0.02591014
1996-03-28,0.0086300075
1996-03-29,0.0086300075
1996-03-30,0.04319027
1996-03-31,0.23327172
1996-04-01,0.0086300075
1996-04-02,14.178237
1996-04-03,2.9289522
1996-04-04,2.2809572
1996-04-05,0.04319027
1996-04-06,0.7171154
1996-04-07,0.0086300075
1996-04-08,3.4127958
1996-04-09,8.458554
1996-04-10,14.230078
1996-04-11,4.769276
1996-04-12,0.23327172
1996-04-13,0.02591014
1996-04-14,11.102394
1996-04-15,10.0915165
1996-04-16,0.0086300075
1996-04-17,6.1603165
1996-04-18,3.3955157
1996-04-19,0.14687106
1996-04-20,0.0086300075
1996-04-21,2.5919995
1996-04-22,0.0086300075
1996-04-23,7.171194
1996-04-24,2.9980726
1996-04-25,0.060470402
1996-04-26,0.02591014
1996-04-27,3.1190336
1996-04-28,0.095030665
1996-04-29,0.0086300075
1996-04-30,0.0086300075
1996-05-01,3.706558
1996-05-02,0.0086300075
1996-05-03,0.0086300075
1996-05-04,5.7801538
1996-05-05,3.8879893
1996-05-06,0.0086300075
1996-05-07,0.0086300075
1996-05-08,0.0086300075
1996-05-09,0.0086300075
1996-05-10,1.4342308
1996-05-11,8.475834
1996-05-12,8.994238
1996-05-13,0.18143132
1996-05-14,0.0086300075
1996-05-15,0.0086300075
1996-05-16,0.4406333
1996-05-17,4.268152
1996-05-18,1.7625533
1996-05-19,0.665275
1996-05-20,3.3609555
1996-05-21,0.9071969
1996-05-22,4.7001557
1996-05-23,9.1843195
1996-05-24,0.35423264
1996-05-25,0.4406333
1996-05-26,0.04319027
1996-05-27,0.04319027
1996-05-28,0.0086300075
1996-05-29,4.112631
1996-05-30,10.022396
1996-05-31,1.6243123
1996-06-01,0.0086300075
1996-06-02,0.0086300075
1996-06-03,0.0086300075
1996-06-04,2.0735958
1996-06-05,0.095030665
1996-06-06,0.0086300075
1996-06-07,0.0086300075
1996-06-08,0.02591014
1996-06-09,0.0086300075
1996-06-10,0.47519356
1996-06-11,0.14687106
1996-06-12,0.23327172
1996-06-13,0.21599159
1996-06-14,1.468791
1996-06-15,3.8102388
1996-06-16,0.0086300075
1996-06-17,0.0086300075
1996-06-18,0.02591014
1996-06-19,0.0086300075
1996-06-20,0.0086300075
1996-06-21,0.18143132
1996-06-22,0.02591014
1996-06-23,0.6998353
1996-06-24,0.0086300075
1996-06-25,4.8556767
1996-06-26,4.492794
1996-06-27,0.37151277
1996-06-28,0.23327172
1996-06-29,0.0086300075
1996-06-30,0.0086300075
1996-07-01,0.0086300075
1996-07-02,0.02591014
1996-07-03,0.02591014
1996-07-04,0.02591014
1996-07-05,0.19871145
1996-07-06,0.0086300075
1996-07-07,0.0086300075
1996-07-08,0.21599159
1996-07-09,2.1427162
1996-07-10,0.26783198
1996-07-11,0.0086300075
1996-07-12,0.0086300075
1996-07-13,0.0086300075
1996-07-14,14.860792
1996-07-15,3.689278
1996-07-16,1.9526348
1996-07-17,1.3046198
1996-07-18,0.0086300075
1996-07-19,1.2787097
1996-07-20,15.016314
1996-07-21,10.946873
1996-07-22,0.0086300075
1996-07-23,0.0086300075
1996-07-24,0.0086300075
1996-07-25,0.0086300075
1996-07-26,0.02591014
1996-07-27,4.0953507
1996-07-28,0.18143132
1996-07-29,0.0086300075
1996-07-30,0.0086300075
1996-07-31,0.0086300075
1996-08-01,0.0086300075
1996-08-02,5.0803185
1996-08-03,0.0086300075
1996-08-04,0.0086300075
1996-08-05,0.0086300075
1996-08-06,0.0086300075
1996-08-07,0.0086300075
1996-08-08,0.0086300075
1996-08-09,0.0086300075
1996-08-10,5.5036716
1996-08-11,0.0086300075
1996-08-12,0.0086300075
1996-08-13,0.0086300075
1996-08-14,0.0086300075
1996-08-15,0.0086300075
1996-08-16,0.0086300075
1996-08-17,0.0086300075
1996-08-18,1.0108776
1996-08-19,0.0086300075
1996-08-20,0.0086300075
1996-08-21,0.0086300075
1996-08-22,6.9465528
1996-08-23,0.060470402
1996-08-24,3.0153527
1996-08-25,0.0086300075
1996-08-26,0.0086300075
1996-08-27,0.0086300075
1996-08-28,0.0086300075
1996-08-29,0.02591014
1996-08-30,0.0086300075
1996-08-31,0.0086300075
1996-09-01,0.0086300075
1996-09-02,2.8598316
1996-09-03,28.667517
1996-09-04,0.0086300075
1996-09-05,0.02591014
1996-09-06,0.0086300075
1996-09-07,0.0086300075
1996-09-08,0.0086300075
1996-09-09,0.18143132
1996-09-10,1.5379117
1996-09-11,0.12959093
1996-09-12,0.0086300075
1996-09-13,15.551998
1996-09-14,13.435192
1996-09-15,14.774392
1996-09-16,4.0953507
1996-09-17,0.35423264
1996-09-18,11.4307165
1996-09-19,6.5231996
1996-09-20,0.0086300075
1996-09-21,0.0086300075
1996-09-22,0.0086300075
1996-09-23,3.326395
1996-09-24,0.0086300075
1996-09-25,10.437119
1996-09-26,3.6719978
1996-09-27,0.0086300075
1996-09-28,0.0086300075
1996-09-29,1.6415924
1996-09-30,0.0086300075
1996-10-01,0.0086300075
1996-10-02,0.0086300075
1996-10-03,3.5164766
1996-10-04,0.0086300075
1996-10-05,0.0086300075
1996-10-06,0.0086300075
1996-10-07,0.0086300075
1996-10-08,0.0086300075
1996-10-09,46.379513
1996-10-10,0.85535645
1996-10-11,2.9980726
1996-10-12,0.02591014
1996-10-13,0.0086300075
1996-10-14,3.447356
1996-10-15,0.37151277
1996-10-16,0.0086300075
1996-10-17,0.0086300075
1996-10-18,0.0086300075
1996-10-19,0.02591014
1996-10-20,0.0086300075
1996-10-21,0.0086300075
1996-10-22,1.2787097
1996-10-23,3.2054343
1996-10-24,2.367358
1996-10-25,0.02591014
1996-10-26,0.0086300075
1996-10-27,0.0086300075
1996-10-28,17.608313
1996-10-29,4.924797
1996-10-30,0.85535645
1996-10-31,7.119354
1996-11-01,0.0086300075
1996-11-02,0.0086300075
1996-11-03,4.6828756
1996-11-04,0.095030665
1996-11-05,0.0086300075
1996-11-06,0.02591014
1996-11-07,0.12959093
1996-11-08,0.0086300075
1996-11-09,0.9935975
1996-11-10,6.333118
1996-11-11,0.9935975
1996-11-12,0.0086300075
1996-11-13,0.02591014
1996-11-14,0.0086300075
1996-11-15,0.0086300075
1996-11-16,0.0086300075
1996-11-17,0.0086300075
1996-11-18,1.0281577
1996-11-19,0.3369525
1996-11-20,1.1491187
1996-11-21,0.02591014
1996-11-22,0.1123108
1996-11-23,0.0086300075
1996-11-24,1.2527995
1996-11-25,1.3823904
1996-11-26,28.270075
1996-11-27,1.7971135
1996-11-28,0.0086300075
1996-11-29,0.095030665
1996-11-30,0.02591014
1996-12-01,0.6479949
1996-12-02,14.739832
1996-12-03,0.23327172
1996-12-04,0.0086300075
1996-12-05,0.0086300075
1996-12-06,0.02591014
1996-12-07,0.0086300075
1996-12-08,21.556793
1996-12-09,0.19871145
1996-12-10,0.12959093
1996-12-11,0.060470402
1996-12-12,0.0086300075
1996-12-13,0.7689558
1996-12-14,1.589752
1996-12-15,0.095030665
1996-12-16,0.0086300075
1996-12-17,2.5919995
1996-12-18,2.2809572
1996-12-19,13.348791
1996-12-20,10.601271
1996-12-21,0.02591014
1996-12-22,0.0086300075
1996-12-23,0.12959093
1996-12-24,2.367358
1996-12-25,8.614075
1996-12-26,0.1123108
1996-12-27,1.0108776
1996-12-28,0.19871145
1996-12-29,3.2227144
1996-12-30,2.1427162
1996-12-31,0.21599159
1997-01-01,0.0086300075
1997-01-02,1.468791
1997-01-03,1.848954
1997-01-04,0.5097538
1997-01-05,4.6137547
1997-01-06,10.229757
1997-01-07,0.95903724
1997-01-08,0.25055185
1997-01-09,0.21599159
1997-01-10,13.659833
1997-01-11,3.2399945
1997-01-12,0.37151277
1997-01-13,0.26783198
1997-01-14,0.077750534
1997-01-15,0.12959093
1997-01-16,6.091196
1997-01-17,4.3199925
1997-01-18,0.21599159
1997-01-19,0.16415119
1997-01-20,0.12959093
1997-01-21,0.75167567
1997-01-22,0.02591014
1997-01-23,1.6934328
1997-01-24,0.0086300075
1997-01-25,21.24575
1997-01-26,3.9311998
1997-01-27,0.0086300075
1997-01-28,19.483198
1997-01-29,0.16415119
1997-01-30,0.0086300075
1997-01-31,5.4863915
1997-02-01,5.676473
1997-02-02,1.848954
1997-02-03,2.8079913
1997-02-04,0.02591014
1997-02-05,27.863981
1997-02-06,0.02591014
1997-02-07,0.0086300075
1997-02-08,0.0086300075
1997-02-09,0.0086300075
1997-02-10,0.0086300075
1997-02-11,0.060470402
1997-02-12,0.16415119
1997-02-13,1.9180745
1997-02-14,4.8211164
1997-02-15,6.1775966
1997-02-16,0.04319027
1997-02-17,0.21599159
1997-02-18,0.9935975
1997-02-19,0.0086300075
1997-02-20,8.216632
1997-02-21,2.0735958
1997-02-22,6.8428717
1997-02-23,0.7171154
1997-02-24,0.25055185
1997-02-25,0.14687106
1997-02-26,0.0086300075
1997-02-27,13.538873
1997-02-28,12.216952
1997-03-01,0.23327172
1997-03-02,7.015673
1997-03-03,0.16415119
1997-03-04,1.062718
1997-03-05,2.4364784
1997-03-06,28.632957
1997-03-07,1.9180745
1997-03-08,0.9935975
1997-03-09,0.0086300075
1997-03-10,3.9139197
1997-03-11,0.85535645
1997-03-12,0.02591014
1997-03-13,0.0086300075
1997-03-14,0.060470402
1997-03-15,20.217592
1997-03-16,0.1123108
1997-03-17,0.21599159
1997-03-18,1.2527995
1997-03-19,0.02591014
1997-03-20,0.04319027
1997-03-21,0.6479949
1997-03-22,6.1430364
1997-03-23,0.0086300075
1997-03-24,0.0086300075
1997-03-25,0.0086300075
1997-03-26,24.9264
1997-03-27,0.30239224
1997-03-28,0.04319027
1997-03-29,0.3887929
1997-03-30,11.89726
1997-03-31,1.6934328
1997-04-01,28.935349
1997-04-02,3.8620791
1997-04-03,0.1123108
1997-04-04,0.0086300075
1997-04-05,0.0086300075
1997-04-06,0.665275
1997-04-07,2.2118368
1997-04-08,0.9417571
1997-04-09,0.42335317
1997-04-10,0.31967238
1997-04-11,0.0086300075
1997-04-12,0.0086300075
1997-04-13,15.050874
1997-04-14,1.1404686
1997-04-15,0.060470402
1997-04-16,0.0086300075
1997-04-17,0.0086300075
1997-04-18,0.21599159
1997-04-19,10.195197
1997-04-20,0.5270339
1997-04-21,0.0086300075
1997-04-22,0.0086300075
1997-04-23,0.077750534
1997-04-24,0.060470402
1997-04-25,0.0086300075
1997-04-26,0.0086300075
1997-04-27,0.0086300075
1997-04-28,4.1644716
1997-04-29,11.975031
1997-04-30,0.02591014
1997-05-01,0.0086300075
1997-05-02,3.3782356
1997-05-03,0.0086300075
1997-05-04,7.257595
1997-05-05,0.0086300075
1997-05-06,0.0086300075
1997-05-07,11.871349
1997-05-08,3.430076
1997-05-09,0.21599159
1997-05-10,0.16415119
1997-05-11,3.9139197
1997-05-12,0.0086300075
1997-05-13,0.14687106
1997-05-14,10.385279
1997-05-15,0.02591014
1997-05-16,22.895994
1997-05-17,0.30239224
1997-05-18,2.7388706
1997-05-19,0.0086300075
1997-05-20,8.959678
1997-05-21,6.1948767
1997-05-22,4.907517
1997-05-23,2.9980726
1997-05-24,0.21599159
1997-05-25,11.836789
1997-05-26,3.706558
1997-05-27,0.0086300075
1997-05-28,0.0086300075
1997-05-29,0.0086300075
1997-05-30,0.0086300075
1997-05-31,3.326395
1997-06-01,0.5097538
1997-06-02,0.0086300075
1997-06-03,0.0086300075
1997-06-04,0.0086300075
1997-06-05,1.0281577
1997-06-06,1.0799981
1997-06-07,0.0086300075
1997-06-08,0.0086300075
1997-06-09,0.0086300075
1997-06-10,0.0086300075
1997-06-11,0.0086300075
1997-06-12,0.0086300075
1997-06-13,0.37151277
1997-06-14,3.723838
1997-06-15,0.0086300075
1997-06-16,0.0086300075
1997-06-17,1.0108776
1997-06-18,1.3132699
1997-06-19,2.384638
1997-06-20,0.0086300075
1997-06-21,0.0086300075
1997-06-22,4.233592
1997-06-23,9.17567
1997-06-24,4.5964746
1997-06-25,0.0086300075
1997-06-26,1.2527995
1997-06-27,3.8879893
1997-06-28,0.0086300075
1997-06-29,0.0086300075
1997-06-30,5.0803185
1997-07-01,0.57887435
1997-07-02,0.0086300075
1997-07-03,0.0086300075
1997-07-04,16.130873
1997-07-05,0.0086300075
1997-07-06,0.0086300075
1997-07-07,0.0086300075
1997-07-08,0.0086300075
1997-07-09,0.0086300075
1997-07-10,5.201279
1997-07-11,0.0086300075
1997-07-12,0.0086300075
1997-07-13,5.33087
1997-07-14,5.4345512
1997-07-15,0.0086300075
1997-07-16,0.0086300075
1997-07-17,0.0086300075
1997-07-18,0.21599159
1997-07-19,5.2271895
1997-07-20,0.3369525
1997-07-21,0.0086300075
1997-07-22,0.0086300075
1997-07-23,0.0086300075
1997-07-24,0.0086300075
1997-07-25,0.0086300075
1997-07-26,0.02591014
1997-07-27,0.0086300075
1997-07-28,8.423994
1997-07-29,0.0086300075
1997-07-30,0.0086300075
1997-07-31,0.0086300075
1997-08-01,0.0086300075
1997-08-02,0.0086300075
1997-08-03,11.975031
1997-08-04,0.0086300075
1997-08-05,3.1708739
1997-08-06,0.42335317
1997-08-07,0.0086300075
1997-08-08,0.0086300075
1997-08-09,3.4127958
1997-08-10,0.1123108
1997-08-11,0.0086300075
1997-08-12,0.1123108
1997-08-13,0.0086300075
1997-08-14,6.4540787
1997-08-15,0.0086300075
1997-08-16,0.02591014
1997-08-17,0.0086300075
1997-08-18,0.0086300075
1997-08-19,0.0086300075
1997-08-20,0.0086300075
1997-08-21,0.0086300075
1997-08-22,15.068154
1997-08-23,4.6137547
1997-08-24,0.02591014
1997-08-25,0.0086300075
1997-08-26,0.0086300075
1997-08-27,0.0086300075
1997-08-28,0.0086300075
1997-08-29,0.0086300075
1997-08-30,0.0086300075
1997-08-31,0.31967238
1997-09-01,0.0086300075
1997-09-02,0.0086300075
1997-09-03,14.60159
1997-09-04,0.21599159
1997-09-05,0.0086300075
1997-09-06,0.0086300075
1997-09-07,0.0086300075
1997-09-08,1.1404686
1997-09-09,2.2809572
1997-09-10,0.0086300075
1997-09-11,0.0086300075
1997-09-12,0.0086300075
1997-09-13,4.1644716
1997-09-14,0.75167567
1997-09-15,0.0086300075
1997-09-16,0.0086300075
1997-09-17,0.0086300075
1997-09-18,0.0086300075
1997-09-19,0.0086300075
1997-09-20,4.1471915
1997-09-21,8.112951
1997-09-22,0.04319027
1997-09-23,3.049913
1997-09-24,0.8207962
1997-09-25,0.0086300075
1997-09-26,1.7452731
1997-09-27,0.0086300075
1997-09-28,0.0086300075
1997-09-29,4.112631
1997-09-30,6.4108686
1997-10-01,1.2095891
1997-10-02,0.0086300075
1997-10-03,0.0086300075
1997-10-04,0.0086300075
1997-10-05,1.987195
1997-10-06,0.04319027
1997-10-07,0.0086300075
1997-10-08,0.0086300075
1997-10-09,0.0086300075
1997-10-10,0.19871145
1997-10-11,0.0086300075
1997-10-12,0.0086300075
1997-10-13,0.0086300075
1997-10-14,0.0086300075
1997-10-15,0.0086300075
1997-10-16,0.0086300075
1997-10-17,0.0086300075
1997-10-18,0.47519356
1997-10-19,0.0086300075
1997-10-20,0.0086300075
1997-10-21,0.0086300075
1997-10-22,2.004475
1997-10-23,0.0086300075
1997-10-24,0.0086300075
1997-10-25,0.0086300075
1997-10-26,0.0086300075
1997-10-27,19.258556
1997-10-28,2.4191983
1997-10-29,0.2851121
1997-10-30,0.30239224
1997-10-31,0.0086300075
1997-11-01,0.0086300075
1997-11-02,20.044792
1997-11-03,1.7107129
1997-11-04,4.5273542
1997-11-05,2.9635124
1997-11-06,0.1123108
1997-11-07,0.0086300075
1997-11-08,9.2016
1997-11-09,5.011198
1997-11-10,2.004475
1997-11-11,1.2268692
1997-11-12,0.1123108
1997-11-13,0.14687106
1997-11-14,6.8083115
1997-11-15,8.942398
1997-11-16,2.9289522
1997-11-17,0.42335317
1997-11-18,0.14687106
1997-11-19,0.0086300075
1997-11-20,0.060470402
1997-11-21,0.5097538
1997-11-22,16.493755
1997-11-23,0.4924737
1997-11-24,3.6201575
1997-11-25,0.2851121
1997-11-26,0.02591014
1997-11-27,19.837431
1997-11-28,0.42335317
1997-11-29,0.0086300075
1997-11-30,0.0086300075
1997-12-01,10.126077
1997-12-02,9.2016
1997-12-03,0.665275
1997-12-04,0.0086300075
1997-12-05,0.21599159
1997-12-06,10.126077
1997-12-07,0.19871145
1997-12-08,1.2959898
1997-12-09,0.095030665
1997-12-10,0.30239224
1997-12-11,0.7862359
1997-12-12,0.0086300075
1997-12-13,0.02591014
1997-12-14,1.2787097
1997-12-15,0.060470402
1997-12-16,0.1123108
1997-12-17,0.0086300075
1997-12-18,0.060470402
1997-12-19,0.0086300075
1997-12-20,0.14687106
1997-12-21,0.04319027
1997-12-22,0.0086300075
1997-12-23,0.02591014
1997-12-24,3.049913
1997-12-25,6.073916
1997-12-26,5.0457582
1997-12-27,0.0086300075
1997-12-28,2.9980726
1997-12-29,0.077750534
1997-12-30,15.223675
1997-12-31,3.723838
1998-01-01,0.30239224
1998-01-02,4.0607905
1998-01-03,0.5270339
1998-01-04,0.0086300075
1998-01-05,7.8451195
1998-01-06,9.452151
1998-01-07,4.751996
1998-01-08,34.534073
1998-01-09,13.573433
1998-01-10,4.717436
1998-01-11,0.25055185
1998-01-12,0.04319027
1998-01-13,4.268152
1998-01-14,7.0847936
1998-01-15,0.14687106
1998-01-16,0.7171154
1998-01-17,0.0086300075
1998-01-18,0.02591014
1998-01-19,0.6479949
1998-01-20,9.624953
1998-01-21,1.2700796
1998-01-22,0.02591014
1998-01-23,0.04319027
1998-01-24,41.489273
1998-01-25,19.655998
1998-01-26,0.21599159
1998-01-27,0.16415119
1998-01-28,0.0086300075
1998-01-29,11.586238
1998-01-30,2.2809572
1998-01-31,0.26783198
1998-02-01,0.0086300075
1998-02-02,0.0086300075
1998-02-03,0.0086300075
1998-02-04,0.0086300075
1998-02-05,0.0086300075
1998-02-06,0.0086300075
1998-02-07,0.0086300075
1998-02-08,0.0086300075
1998-02-09,0.0086300075
1998-02-10,0.0086300075
1998-02-11,0.0086300075
1998-02-12,11.154234
1998-02-13,1.183679
1998-02-14,0.04319027
1998-02-15,0.02591014
1998-02-16,0.02591014
1998-02-17,0.0086300075
1998-02-18,2.488319
1998-02-19,28.114553
1998-02-20,0.25055185
1998-02-21,0.02591014
1998-02-22,0.060470402
1998-02-23,0.04319027
1998-02-24,14.428789
1998-02-25,14.074556
1998-02-26,9.469432
1998-02-27,0.5270339
1998-02-28,0.6479949
1998-03-01,3.3782356
1998-03-02,0.40607303
1998-03-03,1.2355194
1998-03-04,0.3887929
1998-03-05,0.23327172
1998-03-06,0.21599159
1998-03-07,0.0086300075
1998-03-08,0.077750534
1998-03-09,20.528635
1998-03-10,21.12479
1998-03-11,0.47519356
1998-03-12,0.3887929
1998-03-13,0.665275
1998-03-14,2.8425515
1998-03-15,16.044472
1998-03-16,0.1123108
1998-03-17,0.0086300075
1998-03-18,0.0086300075
1998-03-19,10.316158
1998-03-20,9.987836
1998-03-21,0.12959093
1998-03-22,10.411189
1998-03-23,1.1404686
1998-03-24,0.30239224
1998-03-25,0.0086300075
1998-03-26,0.16415119
1998-03-27,1.1663988
1998-03-28,1.183679
1998-03-29,0.0086300075
1998-03-30,0.0086300075
1998-03-31,0.14687106
1998-04-01,2.367358
1998-04-02,8.527675
1998-04-03,0.4924737
1998-04-04,1.2268692
1998-04-05,0.21599159
1998-04-06,0.23327172
1998-04-07,0.0086300075
1998-04-08,0.0086300075
1998-04-09,0.0086300075
1998-04-10,0.0086300075
1998-04-11,0.0086300075
1998-04-12,0.0086300075
1998-04-13,0.0086300075
1998-04-14,0.02591014
1998-04-15,0.21599159
1998-04-16,0.0086300075
1998-04-17,1.8143938
1998-04-18,4.7001557
1998-04-19,0.0086300075
1998-04-20,5.3481503
1998-04-21,1.0108776
1998-04-22,0.0086300075
1998-04-23,1.1923089
1998-04-24,13.694393
1998-04-25,2.7561507
1998-04-26,0.9071969
1998-04-27,0.0086300075
1998-04-28,0.47519356
1998-04-29,0.0086300075
1998-04-30,0.23327172
1998-05-01,0.0086300075
1998-05-02,4.751996
1998-05-03,1.8662341
1998-05-04,0.5097538
1998-05-05,0.077750534
1998-05-06,2.367358
1998-05-07,4.6137547
1998-05-08,3.447356
1998-05-09,0.4924737
1998-05-10,1.5033513
1998-05-11,0.0086300075
1998-05-12,0.0086300075
1998-05-13,0.0086300075
1998-05-14,0.0086300075
1998-05-15,0.0086300075
1998-05-16,0.0086300075
1998-05-17,0.077750534
1998-05-18,2.4191983
1998-05-19,1.062718
1998-05-20,0.0086300075
1998-05-21,0.0086300075
1998-05-22,13.23646
1998-05-23,2.0217552
1998-05-24,4.751996
1998-05-25,3.0153527
1998-05-26,2.0908759
1998-05-27,0.0086300075
1998-05-28,0.0086300075
1998-05-29,0.0086300075
1998-05-30,0.0086300075
1998-05-31,0.0086300075
1998-06-01,2.0390353
1998-06-02,0.0086300075
1998-06-03,5.140789
1998-06-04,4.769276
1998-06-05,2.2809572
1998-06-06,0.47519356
1998-06-07,0.0086300075
1998-06-08,0.077750534
1998-06-09,0.0086300075
1998-06-10,0.0086300075
1998-06-11,0.0086300075
1998-06-12,0.0086300075
1998-06-13,0.0086300075
1998-06-14,0.1123108
1998-06-15,4.5273542
1998-06-16,1.9180745
1998-06-17,7.0847936
1998-06-18,4.717436
1998-06-19,3.430076
1998-06-20,1.2700796
1998-06-21,0.23327172
1998-06-22,0.14687106
1998-06-23,0.57887435
1998-06-24,0.19871145
1998-06-25,6.333118
1998-06-26,4.631035
1998-06-27,15.275516
1998-06-28,0.0086300075
1998-06-29,0.0086300075
1998-06-30,7.0502334
1998-07-01,16.320953
1998-07-02,1.0972784
1998-07-03,0.0086300075
1998-07-04,0.0086300075
1998-07-05,4.0780706
1998-07-06,3.6374376
1998-07-07,0.0086300075
1998-07-08,0.0086300075
1998-07-09,0.31967238
1998-07-10,1.0972784
1998-07-11,9.849594
1998-07-12,3.1017535
1998-07-13,0.04319027
1998-07-14,0.0086300075
1998-07-15,0.0086300075
1998-07-16,0.0086300075
1998-07-17,5.3827105
1998-07-18,2.2118368
1998-07-19,0.0086300075
1998-07-20,0.0086300075
1998-07-21,0.04319027
1998-07-22,0.0086300075
1998-07-23,0.0086300075
1998-07-24,1.3218999
1998-07-25,0.0086300075
1998-07-26,0.0086300075
1998-07-27,0.0086300075
1998-07-28,0.0086300075
1998-07-29,1.7971135
1998-07-30,0.23327172
1998-07-31,0.0086300075
1998-08-01,0.0086300075
1998-08-02,0.0086300075
1998-08-03,0.0086300075
1998-08-04,0.0086300075
1998-08-05,0.0086300075
1998-08-06,0.0086300075
1998-08-07,0.0086300075
1998-08-08,0.0086300075
1998-08-09,0.0086300075
1998-08-10,0.0086300075
1998-08-11,3.97439
1998-08-12,4.3027124
1998-08-13,0.56159425
1998-08-14,0.0086300075
1998-08-15,0.0086300075
1998-08-16,0.42335317
1998-08-17,0.0086300075
1998-08-18,12.769917
1998-08-19,0.02591014
1998-08-20,0.0086300075
1998-08-21,0.0086300075
1998-08-22,0.0086300075
1998-08-23,0.0086300075
1998-08-24,11.89726
1998-08-25,6.5231996
1998-08-26,5.538232
1998-08-27,6.056636
1998-08-28,0.0086300075
1998-08-29,13.348791
1998-08-30,2.246397
1998-08-31,0.02591014
1998-09-01,0.0086300075
1998-09-02,0.0086300075
1998-09-03,1.2095891
1998-09-04,7.793279
1998-09-05,0.0086300075
1998-09-06,0.0086300075
1998-09-07,0.95903724
1998-09-08,12.009591
1998-09-09,1.3478302
1998-09-10,4.268152
1998-09-11,1.2095891
1998-09-12,1.1059083
1998-09-13,0.924477
1998-09-14,0.04319027
1998-09-15,2.8425515
1998-09-16,5.6073523
1998-09-17,0.0086300075
1998-09-18,0.0086300075
1998-09-19,0.0086300075
1998-09-20,0.0086300075
1998-09-21,0.02591014
1998-09-22,7.0329533
1998-09-23,18.878393
1998-09-24,0.0086300075
1998-09-25,0.0086300075
1998-09-26,0.02591014
1998-09-27,5.399991
1998-09-28,7.257595
1998-09-29,0.0086300075
1998-09-30,0.0086300075
1998-10-01,5.8665543
1998-10-02,0.060470402
1998-10-03,0.04319027
1998-10-04,0.0086300075
1998-10-05,0.0086300075
1998-10-06,0.04319027
1998-10-07,0.02591014
1998-10-08,4.5964746
1998-10-09,8.372153
1998-10-10,6.65279
1998-10-11,29.0304
1998-10-12,5.011198
1998-10-13,0.0086300075
1998-10-14,0.077750534
1998-10-15,10.229757
1998-10-16,3.1190336
1998-10-17,0.6479949
1998-10-18,0.0086300075
1998-10-19,0.0086300075
1998-10-20,0.42335317
1998-10-21,0.0086300075
1998-10-22,0.02591014
1998-10-23,0.0086300075
1998-10-24,0.0086300075
1998-10-25,0.0086300075
1998-10-26,0.0086300075
1998-10-27,0.0086300075
1998-10-28,0.0086300075
1998-10-29,12.545275
1998-10-30,11.871349
1998-10-31,7.8623996
1998-11-01,3.5510368
1998-11-02,0.5097538
1998-11-03,0.0086300075
1998-11-04,0.12959093
1998-11-05,0.04319027
1998-11-06,0.060470402
1998-11-07,0.14687106
1998-11-08,0.077750534
1998-11-09,0.0086300075
1998-11-10,0.04319027
1998-11-11,15.88895
1998-11-12,0.1123108
1998-11-13,0.0086300075
1998-11-14,0.0086300075
1998-11-15,13.452472
1998-11-16,0.23327172
1998-11-17,0.0086300075
1998-11-18,0.0086300075
1998-11-19,0.0086300075
1998-11-20,5.31359
1998-11-21,4.5446343
1998-11-22,0.924477
1998-11-23,0.0086300075
1998-11-24,0.0086300075
1998-11-25,0.0086300075
1998-11-26,0.4406333
1998-11-27,10.877752
1998-11-28,0.19871145
1998-11-29,0.077750534
1998-11-30,0.16415119
1998-12-01,1.3478302
1998-12-02,0.0086300075
1998-12-03,0.16415119
1998-12-04,0.12959093
1998-12-05,0.42335317
1998-12-06,5.7283134
1998-12-07,0.56159425
1998-12-08,0.0086300075
1998-12-09,1.1491187
1998-12-10,0.0086300075
1998-12-11,0.0086300075
1998-12-12,0.0086300075
1998-12-13,0.0086300075
1998-12-14,0.12959093
1998-12-15,0.0086300075
1998-12-16,0.0086300075
1998-12-17,0.0086300075
1998-12-18,17.573753
1998-12-19,1.848954
1998-12-20,0.85535645
1998-12-21,0.077750534
1998-12-22,5.538232
1998-12-23,0.6479949
1998-12-24,0.02591014
1998-12-25,0.0086300075
1998-12-26,0.1123108
1998-12-27,0.02591014
1998-12-28,0.1123108
1998-12-29,0.924477
1998-12-30,9.935995
1998-12-31,0.8207962
1999-01-01,0.2851121
1999-01-02,0.12959093
1999-01-03,3.5164766
1999-01-04,13.348791
1999-01-05,0.19871145
1999-01-06,0.1123108
1999-01-07,3.9311998
1999-01-08,0.0086300075
1999-01-09,17.573753
1999-01-10,7.534077
1999-01-11,1.1491187
1999-01-12,5.27903
1999-01-13,10.143356
1999-01-14,0.0086300075
1999-01-15,9.17567
1999-01-16,8.527675
1999-01-17,0.19871145
1999-01-18,0.04319027
1999-01-19,5.3481503
1999-01-20,0.12959093
1999-01-21,0.0086300075
1999-01-22,0.0086300075
1999-01-23,1.8143938
1999-01-24,3.5164766
1999-01-25,5.7628736
1999-01-26,0.0086300075
1999-01-27,0.23327172
1999-01-28,0.12959093
1999-01-29,0.0086300075
1999-01-30,0.0086300075
1999-01-31,0.0086300075
1999-02-01,0.0086300075
1999-02-02,0.02591014
1999-02-03,19.016634
1999-02-04,0.04319027
1999-02-05,0.0086300075
1999-02-06,0.0086300075
1999-02-07,0.16415119
1999-02-08,0.077750534
1999-02-09,0.077750534
1999-02-10,0.16415119
1999-02-11,0.16415119
1999-02-12,0.060470402
1999-02-13,2.65247
1999-02-14,0.02591014
1999-02-15,0.0086300075
1999-02-16,0.02591014
1999-02-17,0.02591014
1999-02-18,21.31487
1999-02-19,7.171194
1999-02-20,0.02591014
1999-02-21,0.04319027
1999-02-22,0.02591014
1999-02-23,0.04319027
1999-02-24,0.0086300075
1999-02-25,3.4819164
1999-02-26,18.930233
1999-02-27,0.35423264
1999-02-28,0.0086300075
1999-03-01,6.756471
1999-03-02,0.31967238
1999-03-03,0.0086300075
1999-03-04,6.5491095
1999-03-05,0.4924737
1999-03-06,0.31967238
1999-03-07,48.83327
1999-03-08,2.0217552
1999-03-09,0.5097538
1999-03-10,14.826232
1999-03-11,9.29663
1999-03-12,7.136634
1999-03-13,1.33055
1999-03-14,0.04319027
1999-03-15,30.023996
1999-03-16,18.826553
1999-03-17,0.19871145
1999-03-18,0.21599159
1999-03-19,0.0086300075
1999-03-20,0.23327172
1999-03-21,0.0086300075
1999-03-22,6.3935885
1999-03-23,0.59615445
1999-03-24,0.12959093
1999-03-25,10.791351
1999-03-26,0.0086300075
1999-03-27,0.0086300075
1999-03-28,0.0086300075
1999-03-29,10.229757
1999-03-30,0.060470402
1999-03-31,0.0086300075
1999-04-01,0.0086300075
1999-04-02,0.0086300075
1999-04-03,0.0086300075
1999-04-04,9.711353
1999-04-05,3.1535938
1999-04-06,0.0086300075
1999-04-07,3.1881542
1999-04-08,0.31967238
1999-04-09,0.2851121
1999-04-10,0.0086300075
1999-04-11,0.02591014
1999-04-12,0.0086300075
1999-04-13,2.9980726
1999-04-14,1.5033513
1999-04-15,1.5551918
1999-04-16,0.21599159
1999-04-17,0.31967238
1999-04-18,2.0390353
1999-04-19,1.1923089
1999-04-20,2.0563154
1999-04-21,0.0086300075
1999-04-22,0.42335317
1999-04-23,0.0086300075
1999-04-24,3.0844734
1999-04-25,1.3996706
1999-04-26,0.7343955
1999-04-27,0.7862359
1999-04-28,0.5270339
1999-04-29,7.0502334
1999-04-30,0.0086300075
1999-05-01,0.0086300075
1999-05-02,0.02591014
1999-05-03,0.0086300075
1999-05-04,0.0086300075
1999-05-05,3.309115
1999-05-06,1.0281577
1999-05-07,0.26783198
1999-05-08,0.25055185
1999-05-09,0.6134346
1999-05-10,3.8015888
1999-05-11,0.21599159
1999-05-12,0.0086300075
1999-05-13,0.02591014
1999-05-14,0.16415119
1999-05-15,0.0086300075
1999-05-16,0.0086300075
1999-05-17,0.0086300075
1999-05-18,0.0086300075
1999-05-19,0.0086300075
1999-05-20,7.257595
1999-05-21,5.0457582
1999-05-22,2.4623885
1999-05-23,0.02591014
1999-05-24,0.02591014
1999-05-25,8.855997
1999-05-26,1.1923089
1999-05-27,0.0086300075
1999-05-28,4.3891134
1999-05-29,9.624953
1999-05-30,0.04319027
1999-05-31,0.0086300075
1999-06-01,0.0086300075
1999-06-02,0.0086300075
1999-06-03,0.0086300075
1999-06-04,0.0086300075
1999-06-05,0.0086300075
1999-06-06,0.0086300075
1999-06-07,0.0086300075
1999-06-08,0.0086300075
1999-06-09,0.060470402
1999-06-10,0.0086300075
1999-06-11,0.0086300075
1999-06-12,0.0086300075
1999-06-13,0.0086300075
1999-06-14,0.0086300075
1999-06-15,1.3823904
1999-06-16,0.0086300075
1999-06-17,0.0086300075
1999-06-18,1.8143938
1999-06-19,0.0086300075
1999-06-20,0.0086300075
1999-06-21,0.0086300075
1999-06-22,0.0086300075
1999-06-23,0.0086300075
1999-06-24,5.166719
1999-06-25,2.9635124
1999-06-26,1.3218999
1999-06-27,0.0086300075
1999-06-28,0.0086300075
1999-06-29,1.4342308
1999-06-30,0.57887435
1999-07-01,0.0086300075
1999-07-02,0.924477
1999-07-03,0.3887929
1999-07-04,0.0086300075
1999-07-05,8.9251175
1999-07-06,0.060470402
1999-07-07,0.6307148
1999-07-08,0.0086300075
1999-07-09,0.0086300075
1999-07-10,6.911992
1999-07-11,0.060470402
1999-07-12,0.0086300075
1999-07-13,0.42335317
1999-07-14,3.6201575
1999-07-15,0.0086300075
1999-07-16,0.0086300075
1999-07-17,0.0086300075
1999-07-18,10.601271
1999-07-19,0.40607303
1999-07-20,0.6307148
1999-07-21,0.0086300075
1999-07-22,0.0086300075
1999-07-23,0.31967238
1999-07-24,1.1663988
1999-07-25,19.465918
1999-07-26,24.511675
1999-07-27,6.4108686
1999-07-28,9.607673
1999-07-29,3.1708739
1999-07-30,0.37151277
1999-07-31,0.0086300075
1999-08-01,0.0086300075
1999-08-02,0.0086300075
1999-08-03,0.0086300075
1999-08-04,0.0086300075
1999-08-05,1.33055
1999-08-06,7.1020737
1999-08-07,0.0086300075
1999-08-08,11.8195095
1999-08-09,6.6441402
1999-08-10,0.0086300075
1999-08-11,0.0086300075
1999-08-12,1.6761527
1999-08-13,0.9935975
1999-08-14,0.0086300075
1999-08-15,6.9465528
1999-08-16,3.4127958
1999-08-17,0.0086300075
1999-08-18,15.327356
1999-08-19,0.56159425
1999-08-20,0.0086300075
1999-08-21,0.0086300075
1999-08-22,3.4646363
1999-08-23,0.47519356
1999-08-24,0.0086300075
1999-08-25,0.0086300075
1999-08-26,0.0086300075
1999-08-27,0.0086300075
1999-08-28,8.510394
1999-08-29,3.568317
1999-08-30,0.665275
1999-08-31,0.0086300075
1999-09-01,0.0086300075
1999-09-02,0.0086300075
1999-09-03,0.0086300075
1999-09-04,0.0086300075
1999-09-05,0.0086300075
1999-09-06,0.0086300075
1999-09-07,0.0086300075
1999-09-08,0.1123108
1999-09-09,1.0799981
1999-09-10,1.3823904
1999-09-11,6.5663896
1999-09-12,0.0086300075
1999-09-13,0.0086300075
1999-09-14,0.0086300075
1999-09-15,0.0086300075
1999-09-16,0.0086300075
1999-09-17,4.751996
1999-09-18,6.9465528
1999-09-19,0.04319027
1999-09-20,0.0086300075
1999-09-21,0.30239224
1999-09-22,10.108796
1999-09-23,24.98687
1999-09-24,0.0086300075
1999-09-25,9.33119
1999-09-26,0.56159425
1999-09-27,0.0086300075
1999-09-28,0.0086300075
1999-09-29,0.0086300075
1999-09-30,0.04319027
1999-10-01,0.85535645
1999-10-02,0.0086300075
1999-10-03,0.0086300075
1999-10-04,10.6531105
1999-10-05,4.3545527
1999-10-06,1.2095891
1999-10-07,0.0086300075
1999-10-08,0.0086300075
1999-10-09,3.1363137
1999-10-10,0.0086300075
1999-10-11,3.430076
1999-10-12,0.0086300075
1999-10-13,0.0086300075
1999-10-14,23.362556
1999-10-15,0.68255514
1999-10-16,0.0086300075
1999-10-17,0.0086300075
1999-10-18,38.55167
1999-10-19,0.0086300075
1999-10-20,4.648315
1999-10-21,7.0502334
1999-10-22,0.02591014
1999-10-23,11.767669
1999-10-24,0.0086300075
1999-10-25,0.0086300075
1999-10-26,0.0086300075
1999-10-27,0.0086300075
1999-10-28,0.0086300075
1999-10-29,0.0086300075
1999-10-30,0.0086300075
1999-10-31,0.0086300075
1999-11-01,0.077750534
1999-11-02,0.0086300075
1999-11-03,2.2636771
1999-11-04,1.0281577
1999-11-05,0.0086300075
1999-11-06,0.0086300075
1999-11-07,0.0086300075
1999-11-08,0.0086300075
1999-11-09,0.0086300075
1999-11-10,0.8207962
1999-11-11,1.062718
1999-11-12,0.0086300075
1999-11-13,1.0972784
1999-11-14,0.95903724
1999-11-15,8.804156
1999-11-16,0.5270339
1999-11-17,0.1123108
1999-11-18,0.12959093
1999-11-19,0.0086300075
1999-11-20,0.0086300075
1999-11-21,3.4991965
1999-11-22,0.060470402
1999-11-23,0.0086300075
1999-11-24,0.077750534
1999-11-25,0.0086300075
1999-11-26,2.5228791
1999-11-27,8.890557
1999-11-28,0.0086300075
1999-11-29,0.16415119
1999-11-30,0.02591014
1999-12-01,14.247358
1999-12-02,7.836469
1999-12-03,0.0086300075
1999-12-04,0.0086300075
1999-12-05,0.0086300075
1999-12-06,1.8143938
1999-12-07,29.522873
1999-12-08,3.585597
1999-12-09,0.0086300075
1999-12-10,0.0086300075
1999-12-11,4.8383965
1999-12-12,0.14687106
1999-12-13,0.04319027
1999-12-14,0.04319027
1999-12-15,0.0086300075
1999-12-16,3.706558
1999-12-17,1.7625533
1999-12-18,0.0086300075
1999-12-19,0.0086300075
1999-12-20,0.0086300075
1999-12-21,6.2294374
1999-12-22,0.0086300075
1999-12-23,0.0086300075
1999-12-24,0.0086300075
1999-12-25,0.0086300075
1999-12-26,1.4169507
1999-12-27,1.9007944
1999-12-28,0.02591014
1999-12-29,0.0086300075
1999-12-30,3.1708739
1999-12-31,0.0086300075
2000-01-01,0.077750534
2000-01-02,0.6307148
2000-01-03,2.3155174
2000-01-04,1.7452731
2000-01-05,13.020469
2000-01-06,0.0086300075
2000-01-07,7.9228697
2000-01-08,0.02591014
2000-01-09,0.0086300075
2000-01-10,0.0086300075
2000-01-11,16.718397
2000-01-12,0.077750534
2000-01-13,0.077750534
2000-01-14,0.02591014
2000-01-15,0.0086300075
2000-01-16,6.2985578
2000-01-17,17.953917
2000-01-18,0.0086300075
2000-01-19,0.12959093
2000-01-20,0.077750534
2000-01-21,27.172796
2000-01-22,2.5487893
2000-01-23,0.095030665
2000-01-24,2.7215905
2000-01-25,10.55806
2000-01-26,2.108156
2000-01-27,0.87263656
2000-01-28,0.0086300075
2000-01-29,0.0086300075
2000-01-30,0.0086300075
2000-01-31,6.6700706
2000-02-01,0.42335317
2000-02-02,0.0086300075
2000-02-03,0.0086300075
2000-02-04,0.0086300075
2000-02-05,0.077750534
2000-02-06,0.0086300075
2000-02-07,0.0086300075
2000-02-08,0.0086300075
2000-02-09,0.21599159
2000-02-10,0.25055185
2000-02-11,6.7737513
2000-02-12,2.0908759
2000-02-13,0.0086300075
2000-02-14,22.144318
2000-02-15,0.5097538
2000-02-16,0.95903724
2000-02-17,1.062718
2000-02-18,0.0086300075
2000-02-19,2.9462323
2000-02-20,0.0086300075
2000-02-21,0.21599159
2000-02-22,0.0086300075
2000-02-23,0.16415119
2000-02-24,0.0086300075
2000-02-25,0.04319027
2000-02-26,0.1123108
2000-02-27,0.14687106
2000-02-28,1.0281577
2000-02-29,0.6998353
2000-03-01,0.7862359
2000-03-02,1.0972784
2000-03-03,13.21055
2000-03-04,5.201279
2000-03-05,0.5097538
2000-03-06,0.19871145
2000-03-07,0.0086300075
2000-03-08,0.0086300075
2000-03-09,0.0086300075
2000-03-10,0.924477
2000-03-11,0.0086300075
2000-03-12,14.091837
2000-03-13,2.3155174
2000-03-14,0.02591014
2000-03-15,0.0086300075
2000-03-16,0.02591014
2000-03-17,41.437435
2000-03-18,0.12959093
2000-03-19,0.0086300075
2000-03-20,0.0086300075
2000-03-21,0.0086300075
2000-03-22,0.0086300075
2000-03-23,0.0086300075
2000-03-24,0.02591014
2000-03-25,0.0086300075
2000-03-26,0.3369525
2000-03-27,0.0086300075
2000-03-28,11.136954
2000-03-29,6.1775966
2000-03-30,0.077750534
2000-03-31,1.0454379
2000-04-01,0.0086300075
2000-04-02,0.0086300075
2000-04-03,0.04319027
2000-04-04,10.5408
2000-04-05,5.5036716
2000-04-06,0.37151277
2000-04-07,0.0086300075
2000-04-08,0.14687106
2000-04-09,6.998393
2000-04-10,2.3327975
2000-04-11,0.0086300075
2000-04-12,8.441274
2000-04-13,0.04319027
2000-04-14,0.0086300075
2000-04-15,0.04319027
2000-04-16,0.59615445
2000-04-17,0.0086300075
2000-04-18,0.0086300075
2000-04-19,2.2809572
2000-04-20,2.367358
2000-04-21,0.04319027
2000-04-22,0.5443141
2000-04-23,10.126077
2000-04-24,3.1535938
2000-04-25,4.9420776
2000-04-26,0.060470402
2000-04-27,5.538232
2000-04-28,0.3887929
2000-04-29,0.21599159
2000-04-30,1.8316739
2000-05-01,0.0086300075
2000-05-02,1.1491187
2000-05-03,0.0086300075
2000-05-04,0.0086300075
2000-05-05,0.0086300075
2000-05-06,0.0086300075
2000-05-07,0.0086300075
2000-05-08,0.12959093
2000-05-09,6.756471
2000-05-10,3.6028771
2000-05-11,3.0671933
2000-05-12,0.31967238
2000-05-13,0.02591014
2000-05-14,0.060470402
2000-05-15,0.077750534
2000-05-16,0.0086300075
2000-05-17,2.0908759
2000-05-18,0.8899167
2000-05-19,6.721911
2000-05-20,0.0086300075
2000-05-21,0.0086300075
2000-05-22,0.0086300075
2000-05-23,6.0393558
2000-05-24,1.6415924
2000-05-25,3.2399945
2000-05-26,4.4063935
2000-05-27,1.4515109
2000-05-28,0.31967238
2000-05-29,0.23327172
2000-05-30,0.0086300075
2000-05-31,0.0086300075
2000-06-01,0.0086300075
2000-06-02,0.0086300075
2000-06-03,0.0086300075
2000-06-04,0.0086300075
2000-06-05,0.0086300075
2000-06-06,0.9763174
2000-06-07,26.827192
2000-06-08,0.12959093
2000-06-09,0.40607303
2000-06-10,0.0086300075
2000-06-11,0.21599159
2000-06-12,0.0086300075
2000-06-13,0.0086300075
2000-06-14,0.0086300075
2000-06-15,0.0086300075
2000-06-16,0.0086300075
2000-06-17,0.0086300075
2000-06-18,0.0086300075
2000-06-19,1.1491187
2000-06-20,3.1363137
2000-06-21,0.0086300075
2000-06-22,0.0086300075
2000-06-23,0.0086300075
2000-06-24,0.0086300075
2000-06-25,0.0086300075
2000-06-26,0.0086300075
2000-06-27,0.0086300075
2000-06-28,0.0086300075
2000-06-29,0.0086300075
2000-06-30,0.0086300075
2000-07-01,0.0086300075
2000-07-02,0.0086300075
2000-07-03,0.0086300075
2000-07-04,0.0086300075
2000-07-05,3.430076
2000-07-06,0.0086300075
2000-07-07,0.0086300075
2000-07-08,3.568317
2000-07-09,0.3369525
2000-07-10,16.338234
2000-07-11,2.0563154
2000-07-12,3.4819164
2000-07-13,0.077750534
2000-07-14,0.0086300075
2000-07-15,0.0086300075
2000-07-16,0.0086300075
2000-07-17,6.497269
2000-07-18,0.16415119
2000-07-19,3.9139197
2000-07-20,0.0086300075
2000-07-21,0.0086300075
2000-07-22,0.0086300075
2000-07-23,0.0086300075
2000-07-24,0.0086300075
2000-07-25,0.0086300075
2000-07-26,0.0086300075
2000-07-27,0.0086300075
2000-07-28,4.268152
2000-07-29,0.30239224
2000-07-30,0.0086300075
2000-07-31,0.0086300075
2000-08-01,0.0086300075
2000-08-02,0.0086300075
2000-08-03,0.47519356
2000-08-04,0.0086300075
2000-08-05,0.0086300075
2000-08-06,0.0086300075
2000-08-07,1.8835142
2000-08-08,3.706558
2000-08-09,0.02591014
2000-08-10,3.0153527
2000-08-11,0.0086300075
2000-08-12,0.0086300075
2000-08-13,0.04319027
2000-08-14,0.0086300075
2000-08-15,0.0086300075
2000-08-16,1.5379117
2000-08-17,6.911992
2000-08-18,0.0086300075
2000-08-19,1.2700796
2000-08-20,0.0086300075
2000-08-21,1.8143938
2000-08-22,0.3887929
2000-08-23,0.0086300075
2000-08-24,6.5836697
2000-08-25,0.0086300075
2000-08-26,0.0086300075
2000-08-27,0.57887435
2000-08-28,0.0086300075
2000-08-29,0.0086300075
2000-08-30,0.0086300075
2000-08-31,0.0086300075
2000-09-01,0.0086300075
2000-09-02,0.83807635
2000-09-03,1.2959898
2000-09-04,4.6828756
2000-09-05,0.0086300075
2000-09-06,0.0086300075
2000-09-07,0.0086300075
2000-09-08,0.0086300075
2000-09-09,0.0086300075
2000-09-10,0.0086300075
2000-09-11,0.0086300075
2000-09-12,0.0086300075
2000-09-13,1.987195
2000-09-14,0.0086300075
2000-09-15,0.0086300075
2000-09-16,0.8207962
2000-09-17,0.0086300075
2000-09-18,0.0086300075
2000-09-19,0.0086300075
2000-09-20,0.665275
2000-09-21,0.19871145
2000-09-22,0.0086300075
2000-09-23,0.0086300075
2000-09-24,2.6092796
2000-09-25,0.0086300075
2000-09-26,0.0086300075
2000-09-27,0.02591014
2000-09-28,0.02591014
2000-09-29,0.0086300075
2000-09-30,0.0086300075
2000-10-01,0.0086300075
2000-10-02,0.0086300075
2000-10-03,0.0086300075
2000-10-04,0.0086300075
2000-10-05,0.0086300075
2000-10-06,17.349112
2000-10-07,0.3369525
2000-10-08,0.30239224
2000-10-09,10.4803095
2000-10-10,5.7628736
2000-10-11,0.077750534
2000-10-12,0.0086300075
2000-10-13,0.0086300075
2000-10-14,0.0086300075
2000-10-15,0.0086300075
2000-10-16,0.0086300075
2000-10-17,0.0086300075
2000-10-18,0.0086300075
2000-10-19,37.661755
2000-10-20,0.0086300075
2000-10-21,0.0086300075
2000-10-22,0.0086300075
2000-10-23,0.0086300075
2000-10-24,0.0086300075
2000-10-25,0.0086300075
2000-10-26,0.0086300075
2000-10-27,0.02591014
2000-10-28,0.83807635
2000-10-29,5.6937532
2000-10-30,6.2121572
2000-10-31,7.015673
2000-11-01,6.0220757
2000-11-02,6.091196
2000-11-03,0.19871145
2000-11-04,0.060470402
2000-11-05,1.2095891
2000-11-06,2.8079913
2000-11-07,3.1708739
2000-11-08,0.4924737
2000-11-09,0.077750534
2000-11-10,0.14687106
2000-11-11,0.47519356
2000-11-12,0.3369525
2000-11-13,0.3369525
2000-11-14,1.9007944
2000-11-15,7.8623996
2000-11-16,0.42335317
2000-11-17,0.3369525
2000-11-18,0.0086300075
2000-11-19,0.0086300075
2000-11-20,0.2851121
2000-11-21,1.727993
2000-11-22,0.21599159
2000-11-23,0.0086300075
2000-11-24,0.1123108
2000-11-25,0.23327172
2000-11-26,0.6479949
2000-11-27,12.407034
2000-11-28,0.31967238
2000-11-29,1.4169507
2000-11-30,4.1817517
2000-12-01,2.2982373
2000-12-02,0.21599159
2000-12-03,0.04319027
2000-12-04,0.0086300075
2000-12-05,0.0086300075
2000-12-06,1.3996706
2000-12-07,0.21599159
2000-12-08,0.02591014
2000-12-09,0.04319027
2000-12-10,0.02591014
2000-12-11,1.987195
2000-12-12,7.8105593
2000-12-13,0.18143132
2000-12-14,10.039676
2000-12-15,0.7862359
2000-12-16,0.0086300075
2000-12-17,6.5836697
2000-12-18,8.475834
2000-12-19,0.0086300075
2000-12-20,13.919035
2000-12-21,0.0086300075
2000-12-22,7.447676
2000-12-23,2.0217552
2000-12-24,0.1123108
2000-12-25,1.1404686
2000-12-26,0.59615445
2000-12-27,0.0086300075
2000-12-28,0.21599159
2000-12-29,0.02591014
2000-12-30,0.30239224
2000-12-31,13.487032
